ticker,date,day_ret,rvol,coil,quiet,prior20,above200,pos1y,r10,r20
00DSMEX,2023-10-10,4.589356812524347,2.091129285183964,9.32072621008994,1.599264613086715,-6.57317506536073,True,0.3093995422725907,0.3931967896593211,-0.8838930926295903
00DSMEX,2024-01-10,4.95236537130627,2.2712018998937404,6.835773173690461,0.919003278467257,0.9974386473793883,True,0.6472806960877752,-5.298480939136638,-10.754014457841858
1JANATAMF,2020-09-21,8.51063829787233,11.855678752364915,6.818181818181814,1.0017613269765184,-2.083333333333326,True,0.5217391304347825,11.764705882352953,15.686274509803935
1JANATAMF,2021-04-15,7.843137254901968,3.5708013871016724,8.333333333333341,0.8737377922899089,-7.27272727272728,True,0.4324324324324325,-3.63636363636364,12.727272727272732
1JANATAMF,2021-11-21,3.030303030303033,3.051165667476733,6.249999999999992,0.8526529364936664,-4.347826086956532,False,0.3846153846153846,-1.4705882352941124,-4.411764705882351
1JANATAMF,2022-03-15,7.936507936507936,5.245141824492688,6.666666666666672,1.0094878610686944,-3.0769230769230793,False,0.3846153846153846,-4.411764705882351,-5.882352941176463
1STPRIMFMF,2019-11-13,3.968253968253968,2.14122538709267,9.999999999999993,0.8010721759177233,-10.638297872340425,True,0.5196850393700787,9.160305343511459,18.320610687022903
1STPRIMFMF,2019-11-19,8.593749999999996,2.6879537837491263,9.917355371900834,1.0330761031244413,-12.925170068027203,True,0.5826771653543308,10.071942446043169,12.949640287769776
1STPRIMFMF,2020-07-09,9.756097560975602,6.695857841947569,4.201680672268907,2.186905598500119,3.3613445378151288,False,0.5511811023622047,2.9629629629629655,12.592592592592588
1STPRIMFMF,2020-09-21,6.17283950617284,3.274165952176589,8.860759493670876,0.7693681785142077,0.621118012422347,True,0.782608695652174,1.7441860465116321,-3.4883720930232434
1STPRIMFMF,2020-09-30,8.23529411764705,2.5811519791704005,9.937888198757749,1.1373938486273811,5.590062111801233,True,0.9130434782608695,-12.499999999999986,-10.326086956521733
1STPRIMFMF,2021-09-09,5.3921568627451055,3.2859230721494637,6.500000000000003,0.8962674762912108,0.49261083743841316,True,0.6030534351145038,-4.186046511627901,-6.511627906976737
1STPRIMFMF,2021-10-10,3.482587064676613,2.450462789436583,4.545454545454538,0.5990512094853054,-6.511627906976737,True,0.5496183206106872,-4.326923076923087,-3.8461538461538494
1STPRIMFMF,2021-10-28,3.465346534653462,2.815067581871842,5.05050505050505,0.6245637103889811,-0.4926108374384306,True,0.5572519083969465,-3.3492822966507143,1.4354066985645968
1STPRIMFMF,2021-11-16,3.3816425120772915,3.650717656325246,7.5,0.8166283596008954,1.4705882352941213,True,0.5954198473282442,-1.4018691588784915,-2.3364485981308416
1STPRIMFMF,2021-11-17,3.7383177570093498,6.698571917077569,7.5,1.0895187228388583,5.940594059405938,True,0.6564885496183206,-3.1531531531531503,-6.756756756756757
1STPRIMFMF,2022-01-03,6.930693069306941,3.784032406876634,7.368421052631572,0.5937743973933393,-4.716981132075472,True,0.740740740740741,-6.944444444444444,-12.962962962962965
1STPRIMFMF,2022-04-25,3.592814371257494,2.9635932667999945,6.134969325153374,0.6713343927711957,-6.703910614525137,False,0.3173076923076924,-3.468208092485557,-4.624277456647403
1STPRIMFMF,2022-06-27,7.602339181286533,5.987158828973994,5.3254437869822615,0.8602375498387043,3.636363636363645,False,0.3181818181818181,-3.26086956521738,-7.0652173913043335
1STPRIMFMF,2022-08-03,3.409090909090897,3.952203951810121,7.784431137724555,1.1172282156990634,-1.6759776536312692,False,0.29545454545454547,-6.043956043956032,-6.5934065934065895
1STPRIMFMF,2022-08-31,2.923976608187134,3.9817085379765156,3.5294117647058907,1.1306495529961156,1.7857142857142898,False,0.22727272727272751,-3.409090909090917,-3.409090909090917
1STPRIMFMF,2023-07-09,3.225806451612903,2.8219914815481357,5.369127516778517,0.4706961494739466,4.02684563758389,True,0.46000000000000013,-3.749999999999998,-5.625000000000002
1STPRIMFMF,2023-12-04,5.88235294117646,9.71668168199627,9.090909090909083,0.5176722199289179,0.0,True,0.7575757575757575,57.40740740740742,83.95061728395063
1STPRIMFMF,2024-04-15,6.30372492836677,2.907201641844524,5.571847507331374,0.38990814237611604,6.402439024390248,True,0.968668407310705,9.703504043126689,6.469002695417786
1STPRIMFMF,2024-04-16,9.973045822102414,10.76959929849371,9.384164222873888,0.6417665495511158,7.536231884057976,True,1.0,-3.186274509803915,-0.9803921568627416
1STPRIMFMF,2024-07-04,9.971509971509972,3.1696879773037074,8.955223880597014,0.3235256642232903,-11.586901763224185,True,0.8873563218390805,10.362694300518134,11.917098445595858
1STPRIMFMF,2025-07-03,6.4516129032258025,4.996810809691322,8.045977011494266,0.9864973030658118,-3.124999999999989,False,0.3852140077821012,17.67676767676768,9.090909090909093
1STPRIMFMF,2026-01-06,3.499999999999996,2.7494438745759293,7.8125,0.7935528742127758,6.9518716577540145,True,0.6034985422740525,-3.8647342995169116,-5.314009661835739
AAMRANET,2019-01-03,2.5044722674416993,2.1596505987036427,6.188612096213614,0.7027556854397918,-4.889245587067155,False,0.091124498046004,0.17452007670293768,-3.1413612597105316
AAMRANET,2019-01-13,7.5306479796129855,4.9807791455254895,8.905380320792473,1.5195443312604522,1.7243697590332827,False,0.1783935743506424,-7.980456021524363,-10.423452766646323
AAMRANET,2019-02-14,3.3989266442433363,3.189318347515579,5.914972272344118,0.5369553935151823,-4.931972787411937,False,0.1017670682551034,-5.017301036748551,-8.823529401185631
AAMRANET,2019-02-17,3.9792387519051995,4.570946417223368,7.3937153350928195,0.7979610980722909,0.696864098738007,False,0.1507228915119721,-9.151414306638271,-11.81364391402999
AAMRANET,2020-07-23,2.5714285742571406,4.464169813353514,6.927710874599903,3.6104331586258644,5.421686753275144,False,0.2541806019782664,7.242339829911712,7.520891372968092
AAMRANET,2020-07-26,2.5069637909893716,2.810714275484571,8.734939792358281,3.379517491442127,8.132530129912716,False,0.2842809364535576,5.434782603919546,4.347826101967142
AAMRANET,2021-03-02,3.125000002819836,2.3251651482129683,6.57534247268906,0.851458791052691,1.0526315901454268,True,0.463114754305941,-1.5151515164772782,-5.808080832607332
AAMRANET,2021-07-28,5.747126451736025,6.191456164493545,9.443099254444528,0.8955676921712765,4.066985640842987,True,0.6564102566016171,17.82608695619424,17.60869564327671
AAMRANET,2021-09-26,9.926470576838915,3.0810050996277307,9.962406017894253,0.8997012676376157,4.615384620168641,True,1.0,-7.525083600961829,-21.404682271922024
AAMRANET,2022-02-22,3.7296037200188916,3.5503744328591456,5.386416860214242,0.8272679477054778,-5.506607927070186,True,0.4781879195697378,-7.191011241734617,9.438202247403106
AAMRANET,2022-06-30,5.675675675368883,4.598458715988623,7.887323953410032,0.77326339948598,-1.3333333161599967,False,0.18382073683394778,1.790281311928878,-2.3017902888848276
AAMRANET,2022-08-21,3.58974360796845,2.6446629836604028,4.749340356893223,1.109995225136257,-2.0100502464836754,False,0.238131409170068,-0.24752476482698582,-3.4653465516371025
AAMRANET,2022-08-29,4.810126583422514,3.7165565550763198,9.498680713786445,1.2867511374301408,4.22163587279398,False,0.2799088492599054,-6.03864734036091,-2.6570048368602572
AAMRANET,2022-10-31,2.6385224204962325,2.059281457529998,6.068601580993583,0.7144540194735243,-4.050632901163276,False,0.2089552239117844,34.96143958001532,37.39074549245559
AAMRANET,2022-11-01,8.997429296336911,5.019972613886422,3.957783616892105,0.8286932382608949,-0.25641024232740317,True,0.3830845769974751,23.34905660786202,35.21226415413238
AAMRANET,2023-10-23,7.8512396694214965,2.5444376506999387,7.87234042553192,0.7427429519590543,-16.26297577854671,False,0.3163704395992863,3.2567049808429034,-1.9157088122605364
AAMRANET,2023-12-04,3.269230769230775,2.0814287956224806,7.341269841269847,0.5657282833654054,-4.059040590405909,False,0.1975903614457832,-4.096834264432035,-6.145251396648052
AAMRANET,2024-01-10,2.7613412228796816,2.3027849551444524,4.008016032064128,0.8926961597630413,-3.977272727272717,False,0.1570048309178744,0.0,11.32437619961612
AAMRANET,2024-01-11,3.0710172744721715,3.8858488210734436,5.611222444889788,1.0656056088054435,-0.9505703422053232,False,0.16750000000000007,-4.46927374301677,5.959031657355672
AAMRANET,2024-02-05,4.038461538461542,2.3643270632459763,8.599999999999994,0.7597660729485971,3.7924151696606754,False,0.17750000000000005,-7.948243992606292,-15.157116451016641
AAMRANET,2024-04-17,3.693931398416883,7.6118440511941845,7.923497267759559,0.7734398130716451,-5.95533498759305,False,0.45172413793103444,1.01781170483462,-5.343511450381666
AAMRANET,2025-02-27,4.219409282700422,3.4908827486840828,4.761904761904753,0.9700952591323148,-1.250000000000003,False,0.41652613827993257,-5.263157894736845,-9.716599190283395
AAMRANET,2025-06-16,4.117647058823525,2.0579406142176913,8.749999999999991,0.9261010958068022,-4.494382022471914,False,0.4425,-4.51977401129944,7.344632768361587
AAMRANET,2025-08-31,9.895833333333345,7.601446364001607,9.09090909090908,1.4039266054780752,4.347826086956526,False,0.5538057742782152,1.8957345971563913,-2.3696682464454977
AAMRANET,2026-02-10,4.294478527607358,3.6038289309602085,7.096774193548397,1.1349519647130708,-3.550295857988153,False,0.23584905660377356,1.17647058823529,-1.17647058823529
AAMRATECH,2019-02-17,2.564102593671457,5.446066225849028,5.26315791088644,0.4208161745876107,0.0,False,0.23711340255755142,-5.714285742840826,-7.500000001041081
AAMRATECH,2020-02-16,3.787878818996221,2.0369157624131162,7.9365079556034255,1.4153689216747118,9.543568434014913,True,0.8362068967770214,-5.474452555521081,-17.15328468815095
AAMRATECH,2020-09-01,3.968254000936643,3.293968533682318,9.090909077768584,0.8911671541132881,0.7999999690310322,True,0.8095238100526079,3.4351145043263727,-0.38167941903880886
AAMRATECH,2020-09-08,7.196969729592806,9.060291349520353,9.756097565599845,1.1115250395581735,2.3255813963998566,True,0.9464285714099808,-5.300353357618394,-7.4204947006657545
AAMRATECH,2021-01-21,3.831417656015612,3.5050057605219833,8.203125001245416,0.889136282234821,3.1620553057295164,True,0.7064220189570912,-6.27306274586892,-9.225092280929456
AAMRATECH,2021-06-07,2.734374985232846,2.9455832684065117,6.8825910627294355,2.1317447254680593,5.785123984861004,True,0.5918367347667223,-0.38022812221630703,4.942965766150441
AAMRATECH,2021-07-28,6.405693951949952,8.226895257186218,7.063197013614792,1.2153877230684187,7.251908383187749,True,0.9452054799553016,3.344481593221767,1.3377926294893694
AAMRATECH,2021-09-06,2.884615385693411,2.286797913113262,7.7966101441684605,0.7240733738249401,1.2987012864100225,True,0.9183673465745523,14.330218061633145,9.968847367754002
AAMRATECH,2021-09-19,9.785932737087787,9.70904592905332,8.143322463940837,1.6471910103310008,8.278145684625235,True,1.0,1.94986071382981,-12.813370465485677
AAMRATECH,2022-02-22,6.432748544536785,3.9042044815119796,8.58895707516277,0.9282599167597082,8.571428567582766,True,0.9685534593333335,-4.39560438920421,17.032967051847596
AAMRATECH,2022-07-03,2.735562297789195,2.709911962242216,7.371794870270372,0.7635965901761451,-4.081632661890879,True,0.44913928003524434,-6.804733726047759,-4.437869824062543
AAMRATECH,2023-03-01,4.2492917847025495,3.5302866979564684,9.937888198757749,0.4922027787654237,-2.2160664819944715,True,0.31340067350108664,-4.347826086956506,6.521739130434799
AAMRATECH,2023-04-02,9.803921568627452,3.8338260168032994,9.1715976331361,0.571204320596577,1.1331444759206961,True,0.39905723914092495,0.25510204081631205,-7.397959183673483
AAMRATECH,2023-05-31,5.524861878453039,2.854994172620728,6.232294617563748,0.47516291535771804,-3.466666666666659,True,0.36336700345765904,-6.544502617801047,-4.712041884816765
AAMRATECH,2023-09-21,5.919003115264792,4.519258634300797,4.702194357366771,0.8006358867992237,-2.727272727272723,False,0.14041801589121222,-9.411764705882351,-10.294117647058822
AAMRATECH,2024-01-11,3.278688524590164,3.3192451871575663,0.9868421052631603,0.4600777650683329,-0.9740259740259762,False,0.07857142857142867,-7.619047619047614,-4.444444444444439
AAMRATECH,2024-12-12,5.5865921787709505,7.7599303410669815,7.647058823529417,1.2059373456262796,4.678362573099398,False,0.5924764890282131,-8.994708994708992,-13.756613756613747
AAMRATECH,2025-02-11,2.6490066225165587,2.4262688374256944,9.589041095890414,0.9258259155138784,-4.430379746835449,False,0.4858934169278997,-1.2903225806451568,-1.9354838709677464
AAMRATECH,2025-08-28,3.1496062992126013,2.463567165371404,6.5040650406503975,1.1644775117328676,-1.5503875968992331,False,0.4888059701492537,12.977099236641228,7.633587786259542
AAMRATECH,2025-08-31,9.92366412213741,4.453040174945104,6.5040650406503975,1.3870348180602199,1.5503875968992191,False,0.5625,-1.3888888888888962,-3.4722222222222223
ABB1STMF,2020-09-21,8.333333333333341,9.766200457255417,9.09090909090908,1.796310829620802,0.0,True,0.65,9.615384615384615,13.461538461538463
ABB1STMF,2021-07-06,5.797101449275354,2.383506701951931,7.6923076923076925,0.9833030503058999,2.9850746268656745,True,0.861111111111111,5.479452054794526,-1.3698630136986254
ABB1STMF,2021-10-10,8.064516129032258,2.0583029532708963,6.557377049180333,0.5140936650650546,-11.428571428571425,True,0.5945945945945947,-10.447761194029853,-13.432835820895528
ABB1STMF,2022-01-11,5.263157894736839,5.327839388808304,7.27272727272728,0.8897612130516792,-1.7241379310344769,False,0.3333333333333333,-6.666666666666672,-4.9999999999999964
ABB1STMF,2022-03-14,3.63636363636364,2.409239154367656,7.692307692307682,1.48355033146572,-1.7857142857142794,False,0.24242424242424246,0.0,-3.5087719298245648
ABB1STMF,2022-03-15,5.263157894736839,5.850451215842331,9.615384615384615,1.565564437133282,0.0,False,0.3333333333333333,-4.9999999999999964,-9.999999999999993
ABB1STMF,2022-06-08,3.63636363636364,2.3137554946850027,9.803921568627452,1.019765676981621,-3.5087719298245648,False,0.19354838709677438,-5.263157894736839,-5.263157894736839
ABB1STMF,2022-07-26,3.8461538461538494,2.820430729144172,7.843137254901968,0.6476659986419508,-3.703703703703707,False,0.09677419354838734,-1.8518518518518614,1.8518518518518452
ABB1STMF,2022-08-16,3.7037037037036904,3.935339719873507,7.692307692307682,2.69704761145206,0.0,True,0.17241379310344826,-1.7857142857142794,-7.142857142857134
ABBANK,2019-01-03,5.785123921760807,3.5889806114232643,7.964601761277308,1.0392176082747233,3.4188034051117713,False,0.14503816763055774,5.468750045758047,0.0
ABBANK,2019-03-13,3.478260857060477,2.4660195300179284,6.956521809990544,1.2776258516351535,-7.258064512543895,False,0.11627906932024064,-4.201680680832915,-3.361344526136912
ABBANK,2019-05-22,6.930693070495788,8.898166202706433,8.08080808317035,0.807542189765867,-11.403508738165971,False,0.16176470595149775,-6.481481482521222,-8.333333327378485
ABBANK,2020-02-16,3.846153852677513,2.9899607903079866,9.72222222328558,0.8892331279561552,4.0000000070559985,False,0.1343283582875473,-7.40740741950617,-17.283950618292177
ABBANK,2020-07-02,5.882352934500439,2.3849545124232625,8.955223878877808,2.133809369164304,1.4925373158888338,False,0.14285714294151786,-4.166666673684908,1.3888888912282935
ABBANK,2020-08-03,4.109589032820414,3.610430606706052,7.35294117217885,0.8118567993040419,1.3888888912282935,False,0.2608695651757088,36.776315801269824,51.9736842719884
ABBANK,2020-11-17,6.122448985932947,4.165437619572239,9.27835056813689,0.9853562265788692,1.0309278324848647,True,0.7820069201109588,2.8846153773344962,11.538461559818774
ABBANK,2020-12-01,3.8834951357338117,3.434250716245347,8.24742268152833,1.424320783270415,0.9803921647347092,True,0.836505189844789,8.411214981701457,13.084112117433842
ABBANK,2021-05-05,8.602150538848425,4.287529984807823,7.60869565589555,1.2755339149143474,1.0869565190099144,False,0.519777503294738,48.66336633736963,36.18811881255539
ABBANK,2021-08-10,2.85714285714286,2.1419138536016367,8.888888888888884,0.7202537173251631,-2.097902097902103,True,0.7329107279732797,8.333333333333329,12.499999999999991
ABBANK,2021-08-12,7.534246575342464,5.448734642393637,9.629629629629635,1.1064052711795775,-1.3513513513513586,True,0.8486494125181918,-3.1847133757961785,1.9108280254777117
ABBANK,2021-10-17,3.4013605442176873,2.230525749740767,9.219858156028375,1.038196040749995,-5.769230769230772,True,0.7586206896476058,-5.921052631578938,-7.236842105263156
ABBANK,2021-11-16,9.9290780141844,4.788581945137062,6.6176470588235325,0.5226631594732474,-7.236842105263156,True,0.791536050150205,-5.806451612903228,-9.67741935483871
ABBANK,2022-08-03,5.882352941176485,4.898066070157232,5.10204081632653,1.417666539047906,-1.9230769230769333,False,0.13333333333333333,-8.333333333333336,-2.7777777777777843
ABBANK,2022-08-28,3.960396039603964,3.0505623062000278,4.040404040404043,0.7913129619690432,0.9999999999999963,False,0.09333333333333324,-2.857142857142864,-5.714285714285711
ABBANK,2025-01-02,5.194805194805188,4.115954665668898,5.3333333333333375,0.6421818824726937,-3.749999999999998,False,0.5869565217391304,-8.641975308641966,-9.87654320987654
ABBANK,2025-02-05,4.166666666666664,2.0913492372375977,5.633802816901413,0.7399410548048371,-8.860759493670887,False,0.5434782608695652,-2.6666666666666687,-1.3333333333333286
ABBANK,2025-02-25,9.589041095890414,9.50117773424924,5.555555555555548,1.0241898453798939,1.388888888888884,False,0.5797101449275363,-7.499999999999996,-11.250000000000004
ABBANK,2025-05-06,9.374999999999995,5.081896629486242,7.8125,0.8129993905592985,-9.859154929577455,False,0.5691056910569106,-2.85714285714286,-14.285714285714285
ACFL,2020-07-30,4.687500000000011,6.6769901002228025,4.301075268817189,2.3588574348442704,3.2258064516128915,False,0.17521367521367529,15.422885572139291,34.82587064676616
ACFL,2021-09-07,6.153846153846148,11.277249031400482,7.954545454545454,1.0630666566782,-4.411764705882356,True,0.8348623853211008,-10.973084886128358,-14.699792960662514
ACFL,2022-06-28,4.1984732824427535,2.989452721201591,7.058823529411767,0.8497862873340409,0.7692307692307665,False,0.08965517241379314,5.4945054945054945,-5.128205128205136
ACFL,2024-07-04,9.638554216867457,6.0020023093727914,8.695652173913034,1.7592526581138102,-6.214689265536712,False,0.20192307692307673,2.19780219780221,14.285714285714294
ACFL,2025-01-09,3.910614525139681,4.657806853346211,5.172413793103461,0.5340784037957812,-1.6483516483516523,False,0.7018867924528303,-1.0752688172043163,-4.838709677419366
ACFL,2025-02-24,5.74712643678161,5.312114615206139,6.432748538011683,0.9380562243304291,-5.434782608695652,True,0.7215686274509804,-3.8043478260869534,-1.6304347826086802
ACFL,2025-02-26,3.2085561497326283,5.850675283560527,9.883720930232554,1.6396940879563153,3.314917127071811,True,0.7568627450980392,-7.253886010362705,-6.735751295336791
ACFL,2025-07-20,6.790123456790133,2.216983684379498,9.27152317880795,1.4265854971769507,5.88235294117646,True,0.7863636363636364,11.560693641618498,8.09248554913294
ACI,2020-07-09,3.637269609114245,3.1760534763511883,7.3298428926150505,1.482262675026493,4.4768349573406665,True,0.32305584169650786,1.2980768851918372,29.32692306771278
ACI,2020-07-26,6.07498815354817,2.388103761953994,5.911330037012923,0.9662848070013533,9.45454546408,True,0.47513711166214756,18.657718141226795,22.192393748621747
ACI,2021-01-11,4.346076470054694,3.253086745828966,6.6386554469642745,1.3375408618436029,1.3871888580472214,True,0.9589585531001821,0.42421905838574725,-4.666409549107821
ACI,2021-06-14,2.5142857565531482,3.7963666187748837,8.509771982106203,1.8539617846769705,6.189320362088278,True,0.8641043246304668,-3.381642518580461,1.077666288254288
ACI,2021-07-29,2.658412211911322,4.273656628253761,6.261859594716432,1.1492520579753127,4.054566149903308,True,0.9662546240534582,1.8446257885944746,12.628591719833949
ACI,2021-08-29,3.2608695821586258,3.2749003984063747,3.614035086366492,0.7754763944607521,8.275101153616184,True,0.9826041121104782,2.9276315729893096,-0.39473687388157835
ACI,2021-10-06,3.422425043511585,2.3524685146729936,6.3044936383229,0.6417819087411182,-2.541296061770925,True,0.9280488850140328,-0.9454774472905434,-2.300661813777324
ACI,2021-10-10,3.0284108667562695,3.9927940926149583,9.590878603632369,1.017293009443976,0.09374999811327629,True,0.9910496343885963,-7.454545450886357,-7.151515166151514
ACI,2022-01-04,3.2302882735939535,3.015625299138543,4.503546100584735,0.9190881800203489,-5.1712779800155175,True,0.8420538917095293,-0.8748317363517576,1.985195183712183
ACI,2022-01-19,7.569585864809627,9.01897063860134,4.569236144849896,1.7273281086938588,1.9377162874654335,True,0.9920462008031702,-4.8280214674922215,-5.301356895086821
ACI,2022-05-09,3.7904893260654284,6.898546964193046,6.245487373871668,1.186658682147197,0.6241331431281409,True,0.787548638165362,-9.063745018566175,-7.702523240881083
ACI,2024-12-12,3.619909502262452,3.029666075820083,8.259823576583798,1.31295489958137,-8.865979381443303,False,0.5280553420445812,1.6011644832605447,8.005822416302767
ACI,2025-03-02,6.532663316582919,3.4254988336631027,5.980066445182724,0.849217388910942,6.559571619812572,True,0.8613509395632301,-0.825471698113211,19.04481132075472
ACI,2025-08-18,4.668049792531121,3.126790698611778,6.666666666666672,0.6921096923624032,-3.1155778894472306,True,0.9416705552963136,-4.311199207135786,-11.942517343904866
ACI,2026-01-07,2.6262626262626205,2.3708409400539012,3.842159916926275,0.8134216435806971,9.271523178807954,True,0.9482034531031264,1.4763779527559056,-1.8208661417322778
ACI,2026-01-13,2.7763755678950024,3.9759140246282376,7.995846313603326,0.9913835380781993,4.538258575197887,True,0.9500699953336443,1.277013752455793,2.897838899803539
ACI,2026-01-14,4.174852652259332,5.965871931626674,7.3271413828689305,1.3476687194350558,2.724520686175583,True,0.9897340177321511,-2.2159358793022106,-1.5087223008015034
ACI,2026-02-17,7.707036859741501,8.429221224866987,8.483290488431876,0.984967144472007,-1.5087223008015034,True,0.9907529722589168,-6.133333333333338,-8.311111111111106
ACIFORMULA,2020-09-01,8.17757009250262,3.2292862098518547,9.504132275869138,0.626006682001963,2.392344534065154,True,0.6195995784151971,-0.1439884881054055,-9.14326854112923
ACIFORMULA,2021-09-06,3.112154991009267,3.186933229581301,9.36517914037794,2.517595695930731,4.286589121905484,True,0.9684499312627365,-2.3917995449639635,-4.3280182014414645
ACIFORMULA,2021-10-11,6.169212690770587,4.106104956807725,9.657320829068022,0.5495329262574107,-5.810736026402581,True,0.8166127291558878,-11.67681239868077,-15.329275052149155
ACIFORMULA,2022-06-13,3.0042918454935656,2.306529787863914,9.1245376078915,0.614272330901457,-25.930971843778384,True,0.4899534375586146,-6.309523809523807,-6.488095238095242
ACIFORMULA,2022-08-23,4.218362282878419,5.847764687813225,5.612903225806444,1.1220814186794459,1.3836477987421314,True,0.29221724194028864,3.809523809523813,8.571428571428575
ACIFORMULA,2022-08-31,4.382227632379785,3.7822617921990602,9.935897435897436,1.8765673870453567,8.735936465916623,True,0.33500203733249917,2.565597667638487,-0.11661807580174263
ACIFORMULA,2023-05-11,3.01167793484942,4.9977513162205955,8.967741935483875,1.687868926596952,4.967741935483864,True,0.2205882352941176,-5.906921241050123,-4.713603818615756
ACMELAB,2019-10-02,2.5316455696202693,2.3459214430918056,3.4532374100719507,0.9229630823957752,-6.447368421052639,False,0.22884012539184984,-5.349794238683135,-11.385459533607696
ACMELAB,2019-10-10,3.0942334739803137,4.060076194858539,5.714285714285714,1.492888858201934,-0.9749303621169957,False,0.24137931034482762,-10.641200545702588,-16.643929058663023
ACMELAB,2020-01-19,2.7027027027026933,2.3002547296969555,8.056042031523646,0.6525204964742002,0.680272108843547,False,0.13647058823529404,2.4671052631578947,12.171052631578958
ACMELAB,2020-01-23,5.081967213114745,3.0884844075080435,8.056042031523646,0.7792301023094046,4.273504273504273,False,0.21411764705882338,-3.7441497659906267,5.928237129485198
ACMELAB,2020-02-11,2.9220779220779174,2.251982630751334,3.4426229508196746,0.9189970785465977,5.299145299145302,False,0.19764705882352937,5.047318611987375,-6.466876971608835
ACMELAB,2020-08-04,3.647416413373869,2.1287665671614406,8.333333333333323,1.0338056760938663,6.4724919093851145,True,0.5761316872427984,17.448680351906145,19.208211143695006
ACMELAB,2020-08-09,3.5767511177347333,2.5510136818937403,9.967845659163991,1.350011409428579,6.170886075949354,True,0.6428571428571428,8.633093525179856,14.10071942446043
ACMELAB,2020-11-02,3.739612188365655,3.6931959886859267,5.0359712230215825,0.8837067216475288,-0.27624309392265584,True,0.6946308724832216,-7.8771695594125575,-9.612817089452607
ACMELAB,2021-08-05,4.4328552803128956,5.108425691696572,4.295302013422822,0.9049120326383168,6.8245125348189495,True,0.8289473684210523,13.732833957553058,17.478152309612984
ACMELAB,2022-01-04,3.5632183908045914,2.352530204873036,8.128078817733982,1.023898755466695,-2.027027027027024,True,0.5009041591320071,2.1087680355160994,4.994450610432852
ACMELAB,2022-01-17,3.1460674157303337,4.97350088665787,7.368421052631575,1.5496413878532256,4.337631887456041,True,0.5316455696202531,-0.43572984749454413,4.793028322440093
ACMELAB,2022-02-01,3.5010940919037075,2.4347920854089384,7.159090909090906,1.0080615831251156,5.057471264367823,True,0.5822784810126581,0.6342494714587829,-6.659619450317122
ACMELAB,2022-02-06,9.93657505285413,12.194962362004006,9.772727272727266,1.1377976700034478,7.01357466063347,True,0.7522603978300181,-8.94230769230769,-19.038461538461533
ACMELAB,2022-04-27,3.2547699214365946,5.15467638743584,7.866507747318228,1.0906866164325206,-2.087912087912094,True,0.5114068441064639,-4.891304347826087,-3.4782608695652204
ACMELAB,2022-08-04,5.632183908045984,9.929574986904852,6.722689075630263,1.4204186138210881,-0.9111617312072862,True,0.4013921113689097,-1.0881392818280737,2.1762785636561475
ACMELAB,2022-09-01,3.825136612021858,5.383739675448907,4.954954954954961,1.5023434498852528,6.1484918793503445,True,0.37808219178082186,-2.4210526315789442,2.0000000000000058
ACMELAB,2024-07-14,2.849002849002849,2.196174770498321,5.9259259259259265,1.4167951260142866,9.006211180124218,False,0.39834024896265563,-3.6011080332410086,19.11357340720221
ACMELAB,2024-08-07,9.959623149394355,9.944009316140788,9.911242603550301,0.7622517064261658,8.467153284671529,True,0.8025210084033613,-0.24479804161567056,6.731946144430845
ACMELAB,2024-10-29,3.3738191632928474,5.176166798373339,7.880434782608711,0.45389834891127856,-13.53558926487749,False,0.43887147335423177,3.133159268929511,-5.744125326370746
ACMELAB,2024-10-30,2.8720626631853827,5.767267540414272,7.880434782608711,0.9521378984063279,-10.514018691588786,True,0.5078369905956112,-0.2538071065989884,-5.964467005076147
ACMELAB,2024-11-05,2.6481715006305278,8.904180252433259,9.239130434782625,2.5021765650011836,-1.977750309023496,True,0.5893416927899688,-5.159705159705163,-9.213759213759214
ACMELAB,2024-12-15,8.860759493670903,10.45511567216869,6.911142454160777,0.7967316211345519,-8.494208494208506,True,0.8190476190476191,-3.229974160206718,-5.297157622739029
ACMELAB,2025-04-06,2.571041948579149,4.917534821259125,2.896551724137923,1.2021260418543176,-1.3351134846461947,False,0.8021164021164021,-3.693931398416883,-3.166226912928749
ACMELAB,2025-11-17,2.920723226703747,2.427202114771383,9.544159544159548,1.0921863474971942,-3.6193029490616473,False,0.8614668218859138,-2.972972972972977,-4.1891891891891815
ACMELAB,2026-02-15,5.2493438320209975,10.211246101557446,4.520547945205475,1.6755603058835284,6.2761506276150625,True,0.9336437718277066,-1.3715710723192125,-2.369077306733174
ACMEPL,2024-10-27,2.500000000000006,3.7456768376121383,7.563025210084036,0.49596390463855505,-23.56687898089172,False,0.3474576271186441,10.569105691056901,-1.62601626016261
ACMEPL,2025-01-15,4.0,2.6765617474562733,6.5040650406503975,0.7911031407646858,-3.8461538461538463,False,0.3672316384180791,-4.615384615384613,1.538461538461533
ACMEPL,2025-01-22,3.124999999999989,3.7940539091363723,8.130081300813007,1.2075087111826028,-0.7751937984496096,False,0.3728813559322034,1.5151515151515234,9.848484848484855
ACMEPL,2025-06-25,3.448275862068969,2.7075176035024513,9.999999999999996,0.8154977950686847,-1.6949152542372972,False,0.5504587155963303,7.500000000000003,26.66666666666666
ACMEPL,2026-01-22,3.797468354430366,3.261437668292459,6.578947368421052,0.8356789838645293,-3.658536585365841,True,0.8677248677248677,-1.8292682926829098,1.2195121951219685
ACMEPL,2026-02-09,4.968944099378864,2.5250129690424146,9.933774834437099,1.1455744959164256,2.5477707006369563,True,0.8941798941798942,-2.3668639053254354,-1.1834319526627177
ACMEPL,2026-03-24,6.976744186046507,3.8840291502399573,9.25925925925926,1.4529980073818738,0.5847953216374144,True,0.9735449735449735,27.173913043478265,35.86956521739131
ACTIVEFINE,2019-06-11,2.8673835125448055,2.5762790657485644,4.444444444444442,0.5414117400447269,-1.7605633802816902,False,0.2862385320575709,-4.181184668989545,-12.891986062717766
ACTIVEFINE,2019-08-22,4.471544715447146,3.1164088682028828,4.602510460251052,0.6883632752322341,0.0,False,0.2630769230364497,-9.72762645914397,-15.56420233463035
ACTIVEFINE,2020-07-30,9.374999999999995,6.148019755640972,5.6910569105691,1.3008170964143966,4.0650406504065035,False,0.18617021276595744,25.714285714285722,28.57142857142857
ACTIVEFINE,2021-09-02,9.956709956709945,3.56887435698718,8.520179372197303,0.3649860898936103,-7.968127490039841,True,0.8888888888888888,-1.1811023622047132,19.291338582677177
ACTIVEFINE,2022-08-23,3.030303030303019,4.1179432937228775,5.181347150259067,1.3689603802029642,-0.5025125628140596,False,0.09868421052631578,-2.9411764705882253,-5.392156862745088
ACTIVEFINE,2022-08-30,4.4776119402985,3.549843438761714,7.772020725388601,1.838969915233093,4.687500000000011,False,0.13815789473684217,-8.095238095238091,-8.095238095238091
ACTIVEFINE,2025-01-08,3.797468354430366,6.240125864499,9.333333333333323,0.9502335564302513,-3.658536585365841,False,0.04999999999999995,2.4390243902439157,6.097560975609757
ACTIVEFINE,2025-02-05,3.5714285714285587,2.1281578732646946,8.749999999999991,0.6543972814845481,6.329113924050632,False,0.08571428571428566,3.4482758620689737,8.045977011494266
ACTIVEFINE,2025-05-28,3.6585365853658622,9.731380058995567,7.594936708860754,0.8855639912773846,1.2345679012345634,False,0.1075268817204301,-2.35294117647058,-1.17647058823529
ACTIVEFINE,2025-07-16,3.409090909090897,5.3852520679761895,9.876543209876552,1.4073412844935915,1.1494252873563382,True,0.19277108433734935,-3.296703296703285,0.0
ACTIVEFINE,2025-08-04,7.05882352941176,2.2288387302449046,9.41176470588236,0.9586384664697614,2.4096385542168584,True,0.19277108433734935,0.0,-2.19780219780219
ACTIVEFINE,2025-08-06,3.2967032967033045,2.410072671861348,9.41176470588236,1.0557306913170614,8.333333333333325,True,0.22891566265060243,-3.191489361702135,-4.255319148936174
ACTIVEFINE,2026-02-09,8.620689655172415,23.41535193217948,7.27272727272728,1.033440714012523,3.5714285714285747,False,0.27118644067796605,7.936507936507936,4.761904761904759
ADNTEL,2021-07-28,3.824091778202677,2.5486037591594726,6.986027944111776,0.9230781952470556,3.5643564356435586,True,0.6379310344827585,16.206261510128922,16.390423572744027
ADNTEL,2021-08-03,4.227941176470596,4.297655111803668,9.12698412698413,1.2540401895006226,7.936507936507936,True,0.7068965517241379,12.874779541446202,38.624338624338606
ADNTEL,2021-11-10,8.59106529209622,2.6805507912209174,9.26573426573426,0.667464893322432,-16.975748930099847,True,0.5850622406639004,-10.284810126582277,-9.810126582278485
ADNTEL,2022-01-05,3.7453183520599254,2.0884115599282893,9.900990099009901,0.9210578057358758,-7.612456747404842,False,0.38084632516703787,-3.9711191335739997,-7.039711191335737
ADNTEL,2022-02-20,3.3138401559454254,3.652319133209999,6.425702811244986,0.729979497468974,-2.4714828897338483,False,0.3273942093541203,15.28301886792453,24.71698113207546
ADNTEL,2022-02-22,9.999999999999995,7.856480769067661,7.228915662650606,1.020680337586597,2.316602316602322,True,0.4454342984409799,10.120068610634657,11.320754716981147
ADNTEL,2022-09-21,5.431309904153352,5.095224336868791,9.612141652613833,0.958715017016307,3.3003300330033,True,0.5586206896551725,26.818181818181824,55.606060606060616
ADNTEL,2023-05-31,9.32134096484055,2.5602776020011406,9.752066115702489,0.8112276896759718,-6.996197718631181,True,0.6660854402789885,-1.1967090501121873,-1.645474943904255
ADNTEL,2024-01-17,5.816937553464497,2.058005172801201,6.785714285714281,1.0327971830287375,6.369426751592357,False,0.40370370370370373,3.3953112368633813,11.560226354082454
ADNTEL,2024-12-30,4.926108374384236,2.969747754815917,7.197943444730089,1.2898556793142082,-6.2355658198614226,False,0.5612648221343873,6.924882629107971,14.78873239436619
ADNTEL,2025-02-26,3.3805888767720766,2.8829184924124394,9.29411764705883,0.4863313400338706,-6.237218813905924,True,0.6245059288537549,-9.071729957805902,-11.392405063291136
ADNTEL,2025-04-08,3.1839622641509466,3.68657447824501,5.140758873929012,0.5886663496593265,-3.63636363636364,False,0.6862745098039216,-18.628571428571426,-24.457142857142863
ADNTEL,2025-06-16,4.479999999999996,3.243336441734356,7.272727272727282,0.5436958529401659,-3.993855606758824,False,0.5673327541268463,6.891271056661561,16.539050535987744
ADNTEL,2025-06-25,9.968354430379742,5.724892331569066,8.019639934533549,1.1673329661867848,1.9354838709677464,False,0.6038227628149435,9.928057553956842,10.647482014388498
ADNTEL,2025-08-19,3.1830238726790334,2.3221156070255518,9.53038674033148,0.6767671203071638,0.533333333333341,False,0.6759339704604692,11.311053984575832,0.0
ADNTEL,2026-01-20,3.368794326241132,2.7696128291462045,5.967450271247747,1.0316553508955093,2.919708029197083,False,0.5065160729800173,7.547169811320764,8.747855917667241
ADNTEL,2026-01-27,9.913043478260875,7.561686966417407,7.775768535262214,1.9094590374763523,-1.2027491408934756,False,0.5490877497827976,0.9493670886075859,-0.6329113924050722
ADVENT,2019-08-25,3.870967732688619,2.7542561786609454,9.523809499821189,1.3607375846761207,1.9736842057185784,False,0.2154294028823181,-4.0372670522960385,-11.490683222552542
ADVENT,2019-11-24,5.4166666843927,3.421990838053962,6.177606161415363,1.2543595978375701,6.024096396888661,False,0.167708333609207,-9.09090911913043,-13.043478257013227
ADVENT,2020-07-15,3.070175449172452,13.12344883299746,1.754385970955687,12.856015487083564,0.0,False,0.32415118472138915,-2.9787234142106067,4.680851079473776
ADVENT,2020-08-03,3.463203474978354,2.3568804354710475,3.947368434650278,1.7349959126783454,1.3157894782167652,False,0.35233824439988315,0.8368200864319641,-2.0920502160798935
ADVENT,2020-08-04,3.765690388943822,3.808236947737458,5.701754405605965,1.7454554648844822,4.824561420128122,True,0.41575912867649506,1.2096774231858147,-5.241935500471831
ADVENT,2021-05-05,2.7777777872222043,4.262287705404425,7.777777781555541,2.6392229610495344,-21.052631607202205,False,0.12946428523128187,19.459459490752394,43.78378378527394
ADVENT,2021-05-06,2.7027027116435383,4.187765182080311,9.604519733639764,2.579468540267046,-18.859649144390584,False,0.17857142828520411,14.210526297141286,37.89473684606095
ADVENT,2021-08-23,5.185185147967078,3.793014182314215,5.681818200258256,0.7849815840572893,-5.59440559016577,True,0.9067796603649815,-4.577464775453781,-10.563380281437222
ADVENT,2022-02-10,4.280155632139778,2.330844315432957,8.064516113774719,0.8441673985917714,-2.2813688437074444,True,0.44607843100000005,-1.8059701345979056,8.8507462849031
ADVENT,2022-03-01,3.1007751937984525,2.544104583497167,9.638554188735672,0.9473907135449791,0.060836484400004935,True,0.4623529410000001,14.285714285714274,11.278195488721805
ADVENT,2022-08-22,4.291845493562231,2.6753692497087536,7.929515418502206,1.0037340984668564,-1.271186440677969,False,0.14980842908433525,14.403292181069958,12.757201646090527
ADVENT,2022-08-28,3.347280334728037,3.867599251511347,8.81057268722467,1.1383229650542248,3.4632034632034507,False,0.1758620689250891,15.384615384615389,16.194331983805668
ADVENT,2022-11-23,9.73451327433628,7.971355399162972,2.6548672566371585,0.5685823976195995,-1.7391304347826024,False,0.2666666666666667,8.467741935483861,-6.048387096774193
ADVENT,2022-11-24,7.258064516129036,6.9874225390485,9.73451327433628,1.3160130467848705,3.333333333333336,True,0.4380952380952382,2.255639097744353,-9.398496240601503
ADVENT,2023-05-02,3.982300884955746,3.166230684239065,4.867256637168132,1.356868431501402,0.0,False,0.14285714285714285,4.25531914893617,16.59574468085106
ADVENT,2023-05-07,3.879310344827595,5.313481080227636,4.867256637168132,1.814421049532525,2.2026431718061676,False,0.20000000000000012,1.2448132780082868,10.78838174273858
ADVENT,2023-08-29,2.500000000000006,2.6325939977718726,8.849557522123893,0.7654892280793194,-0.8264462809917326,False,0.20202020202020204,-6.504065040650412,-6.504065040650412
ADVENT,2023-10-17,5.286343612334799,6.956488996879886,3.539823008849545,0.7424865500941378,-3.404255319148939,False,0.15662650602409608,-5.439330543933043,-4.1841004184100425
ADVENT,2023-12-05,2.643171806167407,3.1349872968406816,1.7699115044247724,0.8047707841277628,0.4424778761061852,False,0.0843373493975903,8.583690987124463,0.8583690987124433
ADVENT,2023-12-06,9.442060085836907,15.192324325708055,3.982300884955746,0.9126752830123875,1.3043478260869596,True,0.34939759036144574,-4.705882352941174,-4.3137254901960835
ADVENT,2025-01-09,3.105590062111801,2.5811936341653103,6.875000000000009,0.8906485208746142,-5.847953216374268,False,0.4662921348314607,-2.40963855421688,-3.6144578313253093
ADVENT,2025-01-15,3.7037037037037126,3.4154789815510314,6.25,1.4064611629362909,-2.9940119760479043,False,0.47191011235955055,-7.1428571428571495,-5.952380952380952
ADVENT,2025-06-25,6.870229007633591,2.7586662117449747,6.976744186046514,1.4329143556552428,-2.9629629629629655,False,0.4697986577181208,10.714285714285714,15.00000000000001
ADVENT,2026-01-29,5.970149253731335,6.407314129224285,5.468749999999995,1.1910774708398333,0.7518796992481176,False,0.8208092485549132,1.4084507042253596,-4.225352112676054
ADVENT,2026-03-24,7.352941176470589,8.28953255801744,9.374999999999995,0.7205353892155228,-5.55555555555556,True,0.8439306358381502,-2.054794520547938,-4.109589041095888
AFCAGRO,2019-01-03,2.803738324162225,2.2986150995008674,7.9734219578702135,0.6150784474695645,2.8846153913954615,False,0.31021897785281566,0.0,3.3333333333333335
AFCAGRO,2019-01-30,6.402439027048631,3.6357728798051925,8.750000015898433,0.7509028082192358,2.8213166206896534,True,0.483834586397155,-3.7249283607113255,-6.876790824623773
AFCAGRO,2019-08-22,3.146853153846152,3.4795378515011275,6.249999977251845,1.2551645567735659,0.7042253450208311,False,0.26025459707047527,-7.457627118138466,-13.220338999103701
AFCAGRO,2020-08-03,4.972375690607726,7.823413536134397,7.647058823529417,2.8753579414055013,6.470588235294127,False,0.3091334894070609,-1.0526315789473648,2.1052631578947296
AFCAGRO,2021-01-06,9.941520467836252,6.828698421676796,4.117647058823525,3.9215355595146306,0.5882352941176554,True,0.42592592592592604,-4.7872340425532025,-9.574468085106387
AFCAGRO,2021-04-26,10.0,8.118494213853939,9.79020979020978,6.626900249704816,-11.76470588235294,False,0.23711340206185577,-3.636363636363634,0.6060606060606146
AFCAGRO,2022-01-20,4.16666666666667,4.45736750578679,9.666666666666663,1.245799355021315,3.3112582781456954,True,0.7520661157024793,-9.538461538461544,-14.46153846153846
AFCAGRO,2022-05-08,9.91379310344828,8.67655490855843,9.25110132158591,1.057022065285754,-7.200000000000002,False,0.46280991735537186,-10.588235294117645,-0.3921568627451036
AFCAGRO,2022-07-06,4.705882352941174,5.529116628494713,6.584362139917686,0.7613796089901548,2.0,False,0.43540669856459324,-11.61048689138576,-7.490636704119851
AFCAGRO,2022-08-30,4.0650406504065035,4.786994111101951,5.5084745762711735,1.9238978043539983,4.6808510638297935,False,0.24561403508771945,-8.203125000000005,-8.203125000000005
AFCAGRO,2025-08-06,3.750000000000009,2.280885370317404,7.594936708860754,0.9103042463866478,0.0,False,0.12941176470588242,-9.638554216867478,-3.6144578313253093
AFTABAUTO,2019-08-25,4.913294800933053,3.7426342593121626,7.033639142847129,1.0168247965975397,5.167173255868848,False,0.23050847439890845,-11.019283748389231,-15.97796142214785
AFTABAUTO,2020-02-13,9.836065548374096,10.026973260234055,6.382978730058858,1.2393378098734398,9.417040357899817,False,0.17153284651253395,13.80597017556806,-6.716417894659162
AFTABAUTO,2020-08-09,8.799999977823994,3.7207827955006927,9.322033873419988,3.058650901932112,5.932203373994551,True,0.37499999970170467,1.4705882704909206,20.95588236230806
AFTABAUTO,2020-09-03,7.352941198042825,3.968678295848649,8.518518518086427,0.47239822712314494,8.366533866208473,True,0.4886363636634816,2.73972602050102,-1.7123287807926084
AFTABAUTO,2020-12-06,6.611570230721931,10.010682645398807,5.508474539320593,1.6171488981401823,-7.279693487668994,False,0.3880597013638895,1.1627907151838888,6.976744209707963
AFTABAUTO,2021-05-12,3.6144578440267083,3.9251043942967176,5.932203373994551,1.5670982334641395,5.508474539320593,False,0.3999999998384614,14.341085297345419,13.178294582161543
AFTABAUTO,2021-05-30,9.881422918995767,4.935575942241119,8.606557376343725,1.9080033454252114,6.751054880174124,True,0.5538461541195266,0.0,-2.5179856237384115
AFTABAUTO,2021-07-15,3.8732394450815737,2.7351019784103743,9.259259295987658,0.6565628025904295,-1.388888885344329,True,0.590000000336,9.49152539839127,16.271186432835385
AFTABAUTO,2022-10-03,3.0651340996168472,2.679610339238963,5.078124999999989,0.5287226828887086,-4.744525547445246,False,0.22042793693159932,10.408921933085505,-1.486988847583638
AFTABAUTO,2022-10-06,9.848484848484855,19.319862209887084,8.593749999999996,0.7477006600538838,-2.583025830258313,True,0.3984658859917375,-7.241379310344833,-5.862068965517239
AFTABAUTO,2023-05-02,4.897959183673466,2.630231511998889,9.387755102040819,3.7930182629008256,0.0,True,0.12389380530973439,5.058365758754866,7.392996108949425
AFTABAUTO,2023-05-07,4.687499999999997,4.202364532512948,9.387755102040819,4.196924697917138,4.489795918367353,True,0.22123893805309733,3.358208955223875,4.477611940298504
AFTABAUTO,2023-07-06,4.6931407942238295,8.756901777004167,8.045977011494244,0.5845928479228453,-1.071428571428574,True,0.4054054054054054,-4.4827586206896575,-8.275862068965512
AFTABAUTO,2023-08-24,4.2801556420233515,2.039178565794213,7.258064516129036,0.49618825133609545,-4.460966542750927,True,0.20720720720720726,-4.850746268656718,-7.462686567164178
AFTABAUTO,2025-01-08,4.178272980501393,2.880834881963139,8.430232558139531,0.8525288582403328,-1.64383561643836,True,0.57984496124031,2.4064171122994615,-6.417112299465237
AFTABAUTO,2025-06-01,4.3137254901960835,2.054155718730088,7.692307692307701,0.7526392191893494,-13.559322033898304,False,0.5859030837004405,2.255639097744353,25.187969924812016
AFTABAUTO,2025-06-02,7.142857142857137,4.6785972965114775,8.502024291497982,0.9200130733742917,-8.59106529209622,False,0.6277533039647577,-4.5614035087719325,16.842105263157887
AFTABAUTO,2025-08-24,4.312668463611864,2.3269828503788816,8.309455587392547,1.0033609603687186,0.2702702702702741,True,0.8775510204081634,-3.100775193798457,-12.661498708010349
AFTABAUTO,2026-02-05,2.94117647058823,2.442648080863591,9.42760942760943,0.9670475685424865,-8.108108108108096,False,0.75,-5.079365079365084,-13.650793650793652
AGNISYSL,2019-05-19,3.365384615384612,3.05584618638045,7.462686567164178,1.4657134782257675,7.772020725388601,True,0.6939163496353133,-3.2558139534883686,-6.04651162790698
AGNISYSL,2020-01-01,5.298013245033117,2.7663668381216318,9.655172413793107,0.7377323134964888,-5.031446540880507,False,0.17708333333333343,-15.094339622641511,-8.805031446540882
AGNISYSL,2020-02-13,6.756756756756756,4.1602223268313665,9.154929577464795,1.311073331348488,9.629629629629635,False,0.2592592592592593,2.531645569620244,-10.759493670886082
AGNISYSL,2020-07-28,6.338028169014088,3.2502361832495366,8.208955223880594,1.4484531301659567,5.970149253731335,False,0.3052631578947369,29.80132450331127,40.397350993377486
AGNISYSL,2021-05-09,2.840909090909091,5.147322185199069,8.383233532934145,1.8779518143399117,7.97546012269939,False,0.49579831932773116,5.524861878453039,10.497237569060765
AGNISYSL,2021-09-06,4.032258064516129,4.3685919921776115,8.154506437768234,0.5866589342990365,-3.5019455252918235,True,0.9500000000000002,-7.364341085271326,-5.426356589147295
AGNISYSL,2021-09-30,6.694560669456074,4.268581479297565,6.896551724137938,0.7900176915655195,0.4201680672268818,True,0.9250000000000002,-9.019607843137258,-22.745098039215687
AGNISYSL,2021-11-15,5.9999999999999964,3.149595169730035,7.894736842105263,0.5044254859923092,-13.79310344827586,True,0.5666666666666667,-0.4716981132075371,6.1320754716981165
AGNISYSL,2022-08-21,2.5316455696202596,3.808173371881511,9.459459459459465,1.7810833628967235,1.282051282051285,True,0.46086956521739136,-1.6460905349794326,-3.7037037037037126
AGNISYSL,2022-09-22,9.401709401709414,4.564403451814502,8.035714285714288,0.9142728892541809,1.2987012987012863,True,0.573913043478261,-11.71875,-14.45312500000001
AGNISYSL,2022-11-01,6.392694063926951,2.3116690382734157,5.0228310502283176,0.43565130928231455,-8.368200836820085,False,0.37391304347826093,-5.579399141630905,-1.2875536480686725
AGNISYSL,2023-01-15,3.0837004405286312,3.586176987537962,4.954954954954961,0.7660373725915706,-4.621848739495804,True,0.26041666666666663,0.0,-1.28205128205127
AGNISYSL,2023-01-19,2.5210084033613356,2.9231085347656665,9.417040358744384,1.9264970354134292,6.25000000000001,True,0.36458333333333326,-0.40983606557376173,-8.606557377049171
AGNISYSL,2023-04-02,4.524886877828054,3.5084568657588497,3.2258064516129004,0.7003751109152458,0.454545454545461,True,0.2784810126582281,-2.5974025974026036,15.151515151515152
AGNISYSL,2023-05-02,7.929515418502206,7.423949424412539,8.715596330275224,1.2118233944583863,4.1284403669724705,True,0.6000000000000002,17.551020408163268,21.224489795918362
AGNISYSL,2023-07-18,3.806228373702427,2.9190572788207785,8.487084870848697,0.588201720390128,4.710144927536222,True,0.6691729323308271,-7.000000000000004,-22.666666666666668
AGNISYSL,2023-09-21,6.719367588932804,2.207104739659853,9.200000000000003,0.7663857935219104,0.0,True,0.44360902255639095,-10.370370370370372,-10.370370370370372
AGNISYSL,2023-12-06,3.797468354430389,4.1945118119696465,8.000000000000004,0.8306038108518949,-3.2653061224489828,False,0.26315789473684215,-3.252032520325206,-4.47154471544716
AGNISYSL,2024-01-11,4.6413502109704705,4.756976969075597,3.9301310043668223,0.6565706248303571,-0.8368200836820056,False,0.2781954887218045,-2.4193548387096833,14.919354838709676
AGNISYSL,2024-05-05,4.059040590405896,2.734292259883756,10.0,0.9973432907601051,-0.3676470588235216,True,0.5079365079365079,-4.609929078014187,-4.609929078014187
AGNISYSL,2024-07-02,5.13833992094862,2.141926862129941,6.96721311475411,0.5451591203851505,-4.8872180451127845,True,0.39805825242718473,6.390977443609019,22.932330827067673
AGNISYSL,2024-07-04,2.631578947368418,3.3401533278138356,9.836065573770501,0.8429846795055032,-1.115241635687722,True,0.46601941747572834,7.6923076923076845,17.582417582417584
AGNISYSL,2024-10-07,4.011461318051572,2.036716172258443,8.615384615384606,0.4821429747951059,4.179104477611936,True,0.9583333333333333,-8.815426997245169,-7.988980716253439
AGNISYSL,2025-02-25,3.214285714285709,2.7864827297132817,9.0566037735849,0.951482292898603,8.108108108108114,False,0.6997578692493946,-6.920415224913495,-5.882352941176468
AGNISYSL,2025-04-07,2.5641025641025617,3.1665598530063406,6.415094339622638,0.5724298144349667,-2.4999999999999973,False,0.6779661016949153,-6.428571428571431,-18.21428571428572
AGNISYSL,2025-04-09,3.2490974729241957,3.1402604638409723,6.792452830188682,1.043566788500635,0.7272727272727246,False,0.692493946731235,-12.587412587412592,-15.734265734265735
AGNISYSL,2025-08-28,2.6515151515151625,2.0271752045354243,9.200000000000003,1.2553265719642606,0.0,True,0.6561743341404359,2.9520295202951923,-0.3690036900369056
AGNISYSL,2025-08-31,2.9520295202951923,4.566525495413317,7.058823529411767,1.406206368729937,3.4351145038168025,True,0.675544794188862,-3.9426523297490967,-5.376344086021505
AGNISYSL,2026-01-22,2.843601895734587,3.232619342083513,7.5,0.9926849114715927,2.4271844660194173,False,0.7114754098360655,-5.069124423963125,0.9216589861751119
AGNISYSL,2026-01-27,5.213270142180084,3.251899037952844,9.499999999999993,1.393138016324513,2.4271844660194173,False,0.7278688524590163,-0.9009009009008978,-2.2522522522522523
AGRANINS,2021-12-20,4.909090897347449,4.757951581930852,6.285714286762454,1.0034052509430604,2.8037383199999937,True,0.6174496642688767,1.3864818184958343,-2.599653363319212
AGRANINS,2022-03-30,6.48535564422717,2.991915638074175,9.698275870120218,0.5979419314182856,-4.399999986646402,False,0.441588785,-6.876227903042686,-4.322200400402581
AGRANINS,2023-09-03,3.8363171391193065,2.6771997926669164,6.459948325414483,0.6712693691490597,-8.000000016112933,True,0.37055837534502295,23.399014799292022,7.790640404442946
AGRANINS,2023-09-05,3.605769233922556,6.415668850290494,8.527131784017394,0.9836972514579154,-0.23980816904519867,True,0.4974619287685847,16.241299317653315,-3.923433870474581
AGRANINS,2023-12-13,4.266666666666671,4.1502050693888055,6.145251396648053,0.816942978283923,-5.541561712846354,True,0.4084688993810235,-3.8363171355498724,2.557544757033248
AGRANINS,2025-08-25,3.474903474903483,3.45278288909419,8.641975308641966,0.6960654420951708,2.3715415019762762,True,0.7342465753424657,8.208955223880594,-3.731343283582089
AGRANINS,2025-12-08,3.8461538461538494,2.701762726929775,9.268292682926822,0.5306117044487686,-4.587155963302751,False,0.7297297297297297,-0.925925925925939,3.240740740740737
AIBL1STIMF,2019-02-20,5.71428571428572,2.114224809854917,8.955223880597009,0.1936622187090636,-1.4084507042253471,False,0.307692307692308,-4.054054054054063,-5.40540540540541
AIBL1STIMF,2019-06-24,5.633802816901413,2.1672850845885683,8.695652173913038,2.5161199456894914,-1.3888888888888962,True,0.3461538461538463,0.0,1.3333333333333286
AIBL1STIMF,2019-07-04,4.109589041095888,2.767484251765325,9.859154929577468,1.6796687754619897,0.0,True,0.3846153846153847,-6.578947368421052,-9.210526315789465
AIBL1STIMF,2020-08-13,7.246376811594203,5.2363022505918275,8.695652173913038,5.806430259872501,0.0,True,0.4782608695652177,-1.3513513513513586,-1.3513513513513586
AIBL1STIMF,2020-08-16,6.756756756756756,3.674423804914939,8.695652173913038,6.295650882792709,7.246376811594203,True,0.6956521739130438,-7.594936708860765,-8.860759493670887
AIBL1STIMF,2020-09-21,5.479452054794526,7.412799907614522,5.71428571428572,0.5125758686317657,1.388888888888884,True,0.6086956521739132,-3.896103896103894,-2.5974025974025996
AIBL1STIMF,2020-10-28,9.589041095890414,3.3284892305973726,9.859154929577468,0.5318590876303009,-1.3513513513513586,True,0.7391304347826089,16.250000000000007,5.000000000000004
AIBL1STIMF,2021-03-01,6.976744186046507,10.010416412687542,7.499999999999996,0.46605782625843145,-4.444444444444448,True,0.5272727272727271,-3.26086956521738,-13.04347826086956
AIBL1STIMF,2021-10-10,4.494382022471914,2.81812016784408,3.409090909090897,0.7753122555808157,-3.26086956521738,True,0.47916666666666674,-6.451612903225821,-7.526881720430119
AIBL1STIMF,2022-01-11,3.4482758620689737,3.717563735987653,5.952380952380952,1.1421183794790202,1.1627906976744147,True,0.41666666666666663,-1.1111111111111072,-3.333333333333341
AIBL1STIMF,2022-05-16,4.70588235294118,16.17382149618871,4.761904761904765,1.5094830424706775,-2.2988505747126355,True,0.24137931034482793,2.2471910112359472,-4.494382022471914
AIBL1STIMF,2024-03-06,3.157894736842113,2.0832309384058836,6.5934065934065895,0.6316077105902036,2.1505376344085945,True,0.9615384615384617,-3.0612244897959253,-4.081632653061227
AIBL1STIMF,2024-05-05,6.818181818181814,2.4930715830466283,9.09090909090908,0.5654243566018669,-7.368421052631572,True,0.7241379310344831,2.1276595744680775,-15.957446808510637
AIBL1STIMF,2024-05-16,3.1914893617021165,13.676887622818592,9.09090909090908,2.028561693566266,-2.083333333333326,True,0.8275862068965517,-16.49484536082474,-17.525773195876283
AIBL1STIMF,2024-07-11,2.531645569620244,2.4598735922686155,9.090909090909092,1.0656579058465117,-5.952380952380952,False,0.27586206896551724,-7.407407407407403,-6.17283950617284
AIBL1STIMF,2024-09-18,2.6666666666666687,2.108628522832182,7.042253521126761,0.7579092962752043,0.0,False,0.19354838709677438,-5.194805194805199,-10.389610389610388
AIBL1STIMF,2024-09-19,2.5974025974025996,3.18859274619826,9.859154929577468,0.9412637043964424,1.3157894736842175,False,0.25806451612903253,-10.12658227848102,-12.658227848101264
AIBL1STIMF,2024-12-04,4.166666666666664,2.0608223096614435,8.695652173913038,1.0667142309383195,-1.3698630136986254,False,0.7352941176470589,-6.666666666666667,-7.999999999999995
AIBL1STIMF,2025-04-08,5.797101449275354,4.812932717354785,7.575757575757576,1.711283529875916,0.0,True,0.7373737373737373,-8.219178082191776,-5.479452054794513
AIBL1STIMF,2025-05-06,2.9850746268656745,6.6898519917162735,9.374999999999995,0.4946019862948245,-4.285714285714283,False,0.696969696969697,-5.797101449275368,-7.246376811594203
AIBL1STIMF,2025-07-14,3.333333333333336,2.7977015067648128,9.999999999999993,1.0811002149378133,-4.761904761904759,False,0.7209302325581396,-6.451612903225811,-19.35483870967742
AIL,2019-02-13,3.7650602276402987,2.2990439615758764,7.031250005877694,0.6643169133343784,-6.082036776497497,False,0.24854202375435122,21.335268511210586,4.789550073628293
AIL,2019-02-14,9.869375912588868,5.781236900032985,8.281250003578863,0.8573134082021433,-1.851851865400448,False,0.37684391055823163,12.813738440412436,-7.793923379678875
AIL,2019-06-10,9.523809519316362,6.157514378186526,5.646630253550575,0.5713657691140048,-7.9545454502029225,False,0.1339874811273271,-6.119162642094849,-7.729468601447718
AIL,2020-08-03,6.338028169014088,9.714720385550372,9.92366412213741,19.213734146015177,8.396946564885493,False,0.21477957030441333,-0.33112582781456246,0.6622516556291367
AIL,2020-12-13,8.51851851851852,7.765752027864154,4.580152671755722,5.209780592473133,3.0534351145038197,True,0.29914961362563003,-9.897610921501714,-3.4129692832764507
AIL,2021-01-12,4.8148148148148175,2.005903774633318,6.8441064638783295,0.9656802733128658,0.0,False,0.38993710691823896,-7.420494699646647,-7.420494699646647
AIL,2021-08-02,9.498680738786284,3.672343069083491,9.887005649717514,0.4391926603755065,-4.050632911392409,True,0.8956521739130435,5.783132530120478,0.7228915662650535
AIL,2021-09-08,9.411764705882353,2.87910842825663,9.200968523002432,0.6532532671972281,6.516290726817046,True,0.9922480620155038,33.11827956989247,38.70967741935484
AIL,2022-02-22,4.458598726114653,3.0818170151935225,7.6923076923076925,0.8676293583529157,0.21276595744681154,True,0.6099137931034484,-4.47154471544716,-2.23577235772358
AIL,2022-10-13,2.996254681647943,3.724148193258294,0.37453183520599787,0.41865907353584364,-0.37313432835821425,True,0.5872483221476511,-2.9090909090909114,-2.9090909090909114
AIL,2023-05-29,7.065217391304344,19.77529865467569,5.805243445692887,117.33563035375292,3.370786516853941,True,0.980952380952381,34.51776649746193,34.01015228426396
AIL,2023-09-14,4.712643678160913,2.473954754158178,4.965357967667449,0.595122546386384,-1.8058690744920929,True,0.845070422535211,-17.233809001097683,-17.453347969264534
AIL,2024-02-07,9.536423841059607,5.720551607250815,7.744565217391308,1.0486612463947076,1.4784946236559062,True,0.6301075268817204,9.068923821039903,13.301088270858525
AIL,2025-08-19,7.068607068607065,4.153254514787964,6.493506493506493,0.8405749896697392,-0.6198347107437958,False,0.4277408637873754,20.77669902912622,8.932038834951458
AIL,2026-02-10,5.818181818181823,2.0693490402421304,7.251908396946573,0.6198280900913208,-12.698412698412698,False,0.04196816208393636,1.3745704467353903,6.185567010309268
AL-HAJTEX,2021-04-28,7.142857142857133,2.9252534685251455,7.741935483870963,0.9742362925975632,-7.736389684813743,False,0.46184738955823296,13.33333333333334,15.942028985507244
AL-HAJTEX,2021-07-29,7.9999999999999964,5.622912885267298,9.90338164251208,1.1628571347432337,-5.345211581291757,True,0.836206896551724,13.943355119825707,47.71241830065359
AL-HAJTEX,2022-01-06,9.876543209876527,6.857419926544762,9.88200589970502,0.7338443118636877,-0.5457025920873008,True,1.0,14.357053682896382,17.103620474407
AL-HAJTEX,2022-08-30,3.195352214960062,2.4884300056109487,9.962264150943389,1.019866506421292,0.8052708638360134,True,0.9637096774193549,-3.7297677691766244,-4.152005629838147
AL-HAJTEX,2022-09-22,2.5738077214231687,3.038567130174877,8.932626797880403,0.3730258876718332,-3.0814380044020666,True,0.8768472906403941,0.22140221402214863,-2.5092250922509267
AL-HAJTEX,2022-09-25,2.730627306273054,2.3149677194752654,5.828917486752474,0.6294597751942748,-0.2943340691685104,True,0.9133004926108373,-4.597701149425271,-5.100574712643675
AL-HAJTEX,2023-02-12,6.273620559334832,5.5824632141023836,1.8168054504163558,0.8507709853849589,0.15140045420137552,True,0.871064467766117,11.166429587482233,30.58321479374111
AL-HAJTEX,2023-02-13,6.401137980085349,6.351136983548193,8.17562452687359,1.3907011260674451,6.43451930355791,True,0.9304589707927677,2.8074866310160544,26.87165775401071
AL-HAJTEX,2025-06-19,5.460750853242313,2.39701588387635,8.340573414422249,1.0679492399181203,-4.013104013104006,False,0.6684694429421308,1.05177993527509,5.9061488673139255
AL-HAJTEX,2025-07-10,4.915390813859786,2.4224129841228703,7.43801652892562,1.1560337357036023,3.849372384937234,True,0.7987730061349693,-0.15360983102917716,1.6897081413210577
AL-HAJTEX,2025-08-13,6.394453004622483,2.9592360338773545,8.671874999999996,0.6966261842203489,-0.4601226993864987,True,0.8524691358024691,17.52353367125273,13.468501086169438
AL-HAJTEX,2025-08-14,3.0412744388124673,2.0737375812092544,8.671874999999996,0.9168513698425302,3.7565740045078893,True,0.8783950617283951,15.881939564300767,17.77933942375262
ALARABANK,2019-12-02,9.615384615384627,5.184838553747623,6.081081081081071,1.0985607609239016,-3.7037037037037015,False,0.42592592592592615,-11.111111111111123,0.5847953216374144
ALARABANK,2020-10-22,2.8901734104046244,2.8904285272752985,2.976190476190476,1.044785978322031,1.1695906432748495,True,0.8888888888888888,1.1235955056179736,17.41573033707864
ALARABANK,2020-11-10,3.867403314917123,4.08463624390151,5.142857142857134,1.300588769422611,5.847953216374268,True,0.9615384615384617,12.234042553191493,19.148936170212753
ALARABANK,2021-08-09,3.004291845493559,5.980302309212155,5.882352941176458,0.874080834263706,3.555555555555559,True,0.8230088495575222,10.83333333333334,8.333333333333332
ALARABANK,2021-10-17,3.4351145038168025,4.846151666403539,8.494208494208506,0.5846193166012826,0.38314176245209913,True,0.7744360902255639,-3.321033210332111,-1.8450184501845017
ALARABANK,2024-09-23,4.7210300429184455,3.777618120060125,6.521739130434782,0.9966201650990312,-3.7190082644628046,True,0.853146853146853,-6.147540983606558,-9.836065573770487
ALIF,2019-01-03,6.315789478949584,2.1821765977810523,6.666666672266665,0.40194565333284177,9.195402289147836,False,0.15099626881364656,15.841584120937174,11.881188085356351
ALIF,2019-02-14,8.108108073922574,4.589104667708642,9.523809545360562,0.4424090063051488,-3.4782608654820564,True,0.5620437951014118,-8.333333280833326,-17.49999998875
ALIF,2019-05-02,8.98876403567226,2.2054579406437598,9.195402289147836,1.0574354116894515,-8.247422672607076,False,0.2553191490192846,2.0618556792857903,0.0
ALIF,2019-06-10,3.092783507794674,2.7475365613404183,5.263157895335189,0.5647394024345879,-3.0000000024840086,False,0.3191489363315528,0.0,-0.9999999936280087
ALIF,2019-06-18,3.0000000024839895,3.939798654906611,8.33333333614583,1.3587226126105565,2.0408163245064546,True,0.3829787236438205,-0.9708737906833729,-6.796116503327353
ALIF,2019-06-30,4.000000006911999,3.417698659925972,7.142857141282787,1.3546317137476982,3.092783507794674,True,0.40425531949117244,-8.653846160436398,-12.50000000259616
ALIF,2019-08-21,3.2967032993116874,3.063773331039574,4.49438201783613,0.7456432686198878,-4.210526311720774,False,0.2083333334645834,-8.510638300561348,-14.893617028854688
ALIF,2020-02-03,4.615384615384613,2.200340421955729,9.523809523809533,1.1790222997187114,-8.450704225352109,False,0.18666666667466664,16.176470588235304,8.823529411764714
ALIF,2020-02-13,4.411764705882351,2.9470270657795425,9.374999999999995,1.279596628645663,7.936507936507936,False,0.24173913055020035,7.042253521126761,-4.225352112676054
ALIF,2020-08-03,4.477611940298504,8.095496433930542,6.153846153846159,17.63484350019148,3.0769230769230793,False,0.34666666661546675,5.71428571428572,2.85714285714286
ALIF,2020-08-06,3.030303030303033,5.436610732310253,9.230769230769226,19.70618882787731,1.538461538461533,False,0.29866666660778673,11.764705882352938,11.764705882352938
ALIF,2020-08-09,5.882352941176476,8.542192436113393,9.230769230769226,20.151921105832322,4.615384615384613,True,0.3946666666231468,1.388888888888884,5.555555555555548
ALIF,2020-10-07,6.493506493506482,2.5106133746616828,8.108108108108103,0.5671146565616222,1.3157894736842175,True,0.751578947352864,-9.756097560975597,-18.292682926829258
ALIF,2020-12-02,3.0769230769230793,3.6237455147857407,0.0,0.08956905123761003,-4.411764705882351,False,0.37591240866801656,1.4925373134328304,19.402985074626862
ALIF,2020-12-13,4.477611940298504,5.713890515938709,6.153846153846159,1.4544482908009695,3.0769230769230793,True,0.4744525546678034,-2.85714285714286,27.142857142857146
ALIF,2021-04-25,4.5454545454545565,2.518963388925191,3.0769230769230793,0.550363968827396,-2.941176470588238,False,0.25000000000000006,17.391304347826075,33.333333333333314
ALIF,2021-04-26,4.347826086956519,2.85302823745193,6.153846153846159,0.7618324387044833,2.9850746268656745,False,0.3125,9.722222222222223,27.77777777777776
ALIF,2022-01-18,2.5974025974025996,3.4873160610616374,9.859154929577468,1.51833622184136,4.761904761904769,True,0.5470588235294118,-5.06329113924051,-8.227848101265826
ALIF,2022-05-10,5.882352941176476,6.894543836247137,8.730158730158728,1.3541881540787242,-2.158273381294969,False,0.4647058823529412,-9.722222222222223,-4.166666666666664
ALIF,2022-06-08,4.5454545454545565,2.0199130110928003,7.751937984496124,0.6650270734366079,-2.941176470588238,False,0.35761589403973515,2.898550724637671,2.173913043478253
ALIF,2022-06-22,6.766917293233071,5.835063474363611,6.060606060606066,1.1453158821413474,1.5267175572519165,False,0.3673469387755101,-0.7042253521126736,-5.633802816901401
ALIF,2022-08-02,3.6764705882352944,2.61806271008188,6.923076923076926,0.7154668402352475,-4.225352112676054,False,0.14545454545454542,-3.546099290780142,3.546099290780142
ALIF,2022-08-28,7.352941176470589,4.652019804652806,4.477611940298504,0.8513414189074879,0.0,True,0.1909090909090909,-6.164383561643838,-6.8493150684931505
ALIF,2023-07-05,5.22388059701492,11.507035222607842,4.5112781954887184,21.353797587219173,0.7518796992481176,True,0.48387096774193555,-5.67375886524822,-5.67375886524822
ALIF,2024-05-06,3.030303030303019,2.734528065473694,9.677419354838694,1.0470081942539795,-1.9801980198019733,False,0.17307692307692282,-12.745098039215677,-14.705882352941178
ALIF,2024-07-04,4.938271604938276,3.070002139548583,6.493506493506482,0.8965937313345484,-4.70588235294118,False,0.11764705882352938,-3.5294117647058907,17.647058823529413
ALIF,2025-01-15,4.411764705882351,2.685833351785433,8.955223880597009,1.075133474705456,-5.55555555555556,False,0.5220588235294118,-4.225352112676054,12.676056338028175
ALIF,2025-02-03,5.797101449275354,5.609273464601554,7.462686567164178,1.1852287287073637,1.4705882352941255,False,0.5367647058823529,5.479452054794526,2.739726027397263
ALIF,2025-02-05,9.859154929577468,9.601892264889042,8.955223880597009,1.6828525697740404,2.898550724637671,False,0.5735294117647058,-3.8461538461538445,-6.4102564102564115
ALIF,2025-06-04,3.448275862068969,4.065785039110125,9.090909090909092,0.6729995224661994,-3.333333333333336,False,0.5454545454545454,-1.6666666666666607,-1.6666666666666607
ALIF,2025-06-16,7.017543859649113,4.0424819664749965,9.090909090909092,1.2911172610849921,-8.064516129032258,False,0.5545454545454546,-6.55737704918032,-1.6393442622950762
ALIF,2025-07-20,3.333333333333336,3.9636484186700867,8.771929824561402,1.6200102310799278,3.448275862068969,False,0.5636363636363636,-6.451612903225811,-9.677419354838717
ALIF,2025-09-08,3.5087719298245648,2.2953279089121827,7.27272727272728,1.3662362945798119,0.0,False,0.5900000000000001,-8.47457627118644,-10.169491525423737
ALLTEX,2020-11-23,2.5974025974025996,2.0490895047562354,8.219178082191789,0.6271303240238001,-3.749999999999998,False,0.4255319148936171,1.265822784810122,0.0
ALLTEX,2026-02-05,6.569343065693434,10.633939647932808,6.818181818181822,1.1486607868358873,2.2388059701492455,True,0.9358974358974359,4.109589041095888,-4.794520547945201
AMANFEED,2019-05-02,6.807511730593857,3.003627240932788,4.0476190341383305,0.6613441901085645,-2.517162467477708,False,0.10906515560875533,-5.4945054942579405,-2.4175824138691
AMANFEED,2019-06-10,4.545454540160128,3.574230565195467,7.913669052015949,1.41482751630966,-3.5087719302189133,False,0.13275329773560676,-6.304347820177226,-6.086956528327028
AMANFEED,2020-01-02,6.315789469898432,3.161489233724614,9.629629647064476,0.5682932286228539,-9.81012657047399,False,0.11134969341597586,-13.201320117052791,-7.920792063465997
AMANFEED,2020-07-30,3.6900369151631964,3.418902177782667,2.2388059946953787,2.1293706028058312,1.1194029973476893,False,0.22040816350949616,2.846975070794441,-0.7117437676986135
AMANFEED,2022-01-03,8.909090909090907,3.67178655266318,5.925925925925931,0.5616441260137202,-11.858974358974358,True,0.6257088846880906,-5.008347245409015,-8.514190317195327
AMANFEED,2022-07-05,6.779661016949149,4.627140075557176,8.959537572254339,1.0768048857205739,-7.329842931937184,False,0.07709251101321585,-10.582010582010582,-5.026455026455023
AMANFEED,2022-08-28,9.523809523809518,6.545871183688268,9.686609686609682,1.7465255852656596,5.000000000000009,False,0.13800424628450106,-6.138107416879792,-5.370843989769824
AMANFEED,2025-01-01,3.162055335968382,2.5763649587554567,7.66129032258064,1.0043937423487288,-0.39370078740156644,False,0.7250000000000001,17.624521072796924,0.0
AMANFEED,2025-01-02,3.0651340996168472,4.067641813624984,7.228915662650606,1.23971186511451,0.3846153846153901,True,0.7472222222222222,10.408921933085505,-0.3717472118959029
AMANFEED,2025-08-20,4.435483870967733,5.4876829796771345,8.016877637130811,0.9656189805221052,-0.7999999999999973,True,0.7485549132947976,6.5637065637065755,2.316602316602322
AMANFEED,2026-01-28,3.056768558951978,4.096582953074342,3.999999999999994,1.5661774473203196,0.43859649122806077,False,0.7612903225806452,3.813559322033892,0.8474576271186409
AMANFEED,2026-02-01,3.4188034188034218,2.1647104353041526,5.752212389380517,1.8760656817183878,0.429184549356214,False,0.7806451612903226,0.8264462809917326,-4.545454545454537
AMANFEED,2026-02-15,3.73443983402489,2.055631535629607,8.370044052863445,1.6684080490284046,6.1674008810572785,True,0.8620689655172413,-6.400000000000006,-7.599999999999994
ANLIMAYARN,2019-06-10,4.105571847507327,8.003247864581033,6.402439024390248,0.5552486280113583,-5.540166204986149,True,0.3611111111111111,7.323943661971835,14.084507042253522
ANLIMAYARN,2020-07-12,2.5974025974025996,3.1431012373003155,3.3444816053511706,0.7023519737156455,-0.964630225080388,False,0.411764705882353,5.06329113924051,2.84810126582278
ANLIMAYARN,2020-07-13,2.531645569620244,3.6136736627683965,6.354515050167231,0.9242789194444836,1.282051282051289,False,0.4453781512605041,1.2345679012345634,0.0
ANLIMAYARN,2020-09-01,10.000000000000009,5.444176468481559,9.523809523809524,0.8262697162575391,-3.6144578313253093,True,0.5630252100840337,-2.2727272727272845,-4.261363636363636
ANLIMAYARN,2020-12-03,2.980132450331133,3.9328275991186255,3.3444816053511706,0.864656609018995,-0.3300330033003347,False,0.3907563025210084,-3.215434083601286,4.823151125401929
ANLIMAYARN,2020-12-13,2.614379084967311,2.25408907169844,5.685618729097,1.4932413206602764,2.341137123745829,False,0.403361344537815,1.5923566878980893,8.280254777070068
ANLIMAYARN,2020-12-28,4.590163934426225,7.457298653752777,6.688963210702341,1.1878947277387095,2.006688963210707,False,0.42436974789915954,6.583072100313485,5.015673981191227
ANLIMAYARN,2021-06-10,3.116147308781874,2.7693190324729104,9.969788519637452,1.0099464639405447,4.747774480712149,True,0.3591160220994475,6.868131868131869,7.692307692307704
ANLIMAYARN,2022-01-16,6.169665809768634,7.9461454652464765,8.19672131147541,0.8315119611337147,-2.0151133501259553,True,0.4956521739130434,-12.106537530266346,-7.99031476997578
ANLIMAYARN,2022-08-17,9.814323607427044,9.24674447415101,4.8517520215633345,1.0361982632504683,-2.3316062176165766,True,0.427860696517413,-4.106280193236705,-7.004830917874393
ANLIMAYARN,2023-03-29,6.309148264984238,2.1540311714727944,5.379746835443024,0.6706143349094129,0.9554140127388558,False,0.23225806451612913,-5.637982195845703,0.8902077151335227
ANLIMAYARN,2023-06-05,5.292479108635094,2.0082234253071714,7.69230769230768,0.8706098897253591,-3.234501347708903,True,0.4967741935483868,-6.0846560846560775,-2.910052910052895
ANLIMAYARN,2023-07-02,5.801104972375675,5.501571796321223,4.285714285714286,0.4790586552461675,2.2598870056497296,True,0.5290322580645158,-6.2663185378590045,-3.1331592689294934
ANLIMAYARN,2023-12-10,3.4055727554179613,4.671049096889948,4.113924050632902,0.5495751595145136,-0.9202453987730193,False,0.35106382978723377,12.574850299401207,8.982035928143713
ANLIMAYARN,2023-12-11,9.880239520958096,19.464347830601575,9.177215189873413,0.9572767921326445,-0.5952380952381037,True,0.7021276595744683,3.54223433242506,-4.359673024523164
ANLIMAYARN,2024-07-04,3.9735099337748316,2.0030176008576626,7.382550335570468,1.2240049381395626,-1.307189542483667,False,0.09243697478991593,-4.140127388535023,7.643312101910824
ANLIMAYARN,2024-07-07,8.917197452229313,3.265271462454561,7.382550335570468,1.390326302793733,1.6181229773462786,False,0.21008403361344552,-7.894736842105271,-2.923976608187134
ANWARGALV,2019-01-08,3.580901860720028,3.5042052895449216,8.016877621316027,0.8019882990503646,6.497175130987258,False,0.23115577882447422,1.2804097333759064,-1.6645326558086462
ANWARGALV,2019-06-10,3.066666674596265,2.747122308061184,3.3967391235264848,0.4783974457853553,-5.660377356696341,True,0.2177554439210962,0.3880983213403981,1.423027161947961
ANWARGALV,2019-06-13,3.3036848897245523,6.261449105622452,7.472826087165877,1.1435988657429195,5.495978554146685,True,0.2847571190711515,-6.150061510480062,-7.626076259046946
ANWARGALV,2019-07-04,3.929024080234876,3.0908259526061954,6.533333352418142,0.7376393962094567,4.641909835234373,True,0.29648241219075266,-9.268292679441407,-2.439024394179048
ANWARGALV,2019-08-20,2.624999997253584,3.410697898302913,8.278580832210201,1.1333531537307737,6.524633814299449,True,0.29815745397452925,-0.12180267295743429,-1.0962241256790008
ANWARGALV,2019-08-21,5.724725951289165,5.251206390370733,9.724047318838718,1.415317719923361,6.072351429422811,True,0.3768844222441857,-4.60829493830087,-7.834101386401805
ANWARGALV,2019-12-04,2.7700831072789542,3.3058189073235127,6.376811599204796,1.0441473706150348,3.7356321680675175,False,0.3934426229406612,0.4043126716904783,-5.929919142340951
ANWARGALV,2022-06-30,2.6889535032978165,2.8876861308451858,5.757351149852834,1.876708801031287,9.03328050856312,True,0.8147335424741522,-4.6945034394904415,-5.402217494692146
ANWARGALV,2022-10-03,4.912191386621311,2.0750217008402227,8.726230783149138,1.4326713782836653,0.10191081781362532,True,0.5342105264653739,35.51673943231441,16.375545851528383
ANWARGALV,2022-10-04,3.3964095196506534,4.1303366457341335,8.726230783149138,1.4854689306735709,6.926070022268312,True,0.626315789934903,22.219615197351512,8.65790708506262
ANWARGALV,2022-12-12,8.438818565400844,2.8653167266380897,3.4224097515236673,0.22355210464546627,-10.04217431630937,True,0.2973519163895058,-7.782101167315175,-7.782101167315175
ANWARGALV,2025-01-20,3.432835820895518,2.593441737319363,4.668674698795171,0.7878995605868455,-6.162464985994405,False,0.32489451476793246,-5.194805194805187,-3.0303030303030223
ANWARGALV,2025-01-22,6.312769010043029,6.501691927748695,7.0676691729323355,1.2134079742404826,1.9005847953216333,False,0.3473980309423347,-11.740890688259094,-11.605937921727389
ANWARGALV,2025-02-27,3.609022556390986,2.3346271640908194,4.615384615384616,0.6613549085720285,-1.772525849335307,False,0.323019221753399,0.7256894049346879,-1.4513788098693758
ANWARGALV,2025-03-02,6.676342525399121,6.2659229685867555,6.153846153846154,0.851675899007135,6.327160493827173,False,0.3602941176470588,-6.530612244897956,-7.89115646258503
ANWARGALV,2025-04-13,4.803493449781655,3.1889644962571295,7.623318385650216,0.6825454689784258,-6.019151846785214,False,0.4267931238885596,-15.694444444444441,-25.833333333333336
ANWARGALV,2025-05-22,5.370370370370368,4.700729906639199,9.88372093023256,0.467255428880381,-16.537867078825354,False,0.36948051948051946,-5.096660808435851,12.126537785588749
ANWARGALV,2025-06-24,6.7019400352733625,6.500460717764988,9.227871939736344,1.3247725873361271,6.378986866791755,False,0.41156462585034015,14.214876033057841,16.528925619834713
AOL,2021-12-07,4.439252324999998,2.500963072303411,7.901234579447652,0.9888989689708627,-5.575257729170797,True,0.4022762146930969,-6.9351230392389756,2.908277426717022
AOL,2022-01-03,5.81395349271227,3.8596251428690445,6.947890819451505,0.6645392978248682,0.7025761078934285,True,0.4892330383763262,-3.296703299029095,-7.692307697734567
AOL,2022-02-23,3.218390792214038,4.690666667967251,5.4761904752806005,0.6925572414112999,1.3986014148222352,False,0.4702949850621773,-5.153674827469932,0.08908686548399836
AOL,2022-08-23,3.773584905660373,7.055823068428209,5.47945205479452,1.3964823034481741,-0.2688172043010791,False,0.19370903733684303,1.0389610389610353,-2.0779220779220706
AOL,2022-08-30,3.385416666666678,2.3417968885151645,9.58904109589041,2.22503652396516,5.2054794520547905,True,0.24424182968558478,0.5037783375314754,10.831234256926944
AOL,2023-07-16,5.163043478260885,5.956960001388484,9.315068493150681,19.37163028291543,0.8219178082191704,True,0.2761904761904767,-5.684754521963831,-5.684754521963831
AOL,2024-07-04,8.602150537634397,4.081217087016474,6.779661016949149,0.8777109330663206,-3.124999999999989,False,0.506265664160401,-6.930693069306924,17.82178217821783
AOL,2025-03-04,4.216867469879514,3.822099900589931,7.006369426751602,0.9610936024287497,2.469135802469149,False,0.304932735426009,-6.936416184971093,-17.341040462427745
AOL,2025-06-29,2.77777777777778,2.517903734675386,7.299270072992702,0.8943596243589589,2.85714285714286,False,0.281045751633987,3.378378378378378,4.054054054054052
AOL,2025-07-10,2.758620689655175,2.046407803351822,7.913669064748198,1.1585347945716893,5.839416058394166,False,0.28758169934640526,3.3557046979865772,-2.684563758389264
AOL,2025-07-13,5.369127516778517,2.8689682346754117,7.913669064748198,1.3048661313259542,5.6737588652482325,True,0.3398692810457516,-1.2738853503184668,-7.006369426751591
AOL,2026-02-08,10.000000000000002,5.451168955792657,8.029197080291981,0.6627906002602338,-3.4482758620689653,True,0.5263157894736841,2.5974025974025996,1.298701298701294
APEXFOODS,2023-02-08,4.3291592128801515,2.2567683279521558,8.068638189120126,1.1787022500751196,1.2314378848243306,True,0.7269585253456222,-5.5555555555555705,-11.899862825788766
APEXFOODS,2023-07-12,8.733087330873309,2.88579033460495,9.222694326418388,0.621924731201701,1.9819367787255335,True,0.7630344827586207,-3.416289592760186,-3.5746606334841653
APEXFOODS,2023-09-27,8.732179226069249,4.1269487499011746,6.48717948717949,1.1417564311064279,-5.780762772847198,True,0.6972063682787625,-17.677358932334347,-21.540622804963707
APEXFOOT,2022-01-13,8.6940837060042,6.966083101975618,5.524238993281392,1.1232460570030078,-7.135678397296696,True,0.8501145043459157,10.122801165099487,5.542648525225966
APEXFOOT,2023-05-30,4.011461334608636,2.0111782116460146,6.3687896107194195,0.5560083832146411,-15.131045688309772,True,0.550643213572652,-4.285277003367009,-4.224058754208756
APEXFOOT,2023-09-27,3.9500337470678706,7.970862977819946,9.18439714408732,3.0407659884022005,2.49134950198871,True,0.36504332239967896,-3.312763894229075,-6.505358879717626
APEXFOOT,2023-10-17,7.025359821073487,7.099031229775748,4.561403501594356,0.643047562633931,0.5167068687742433,True,0.3810192248499845,-8.421389686468832,-6.448927310485075
APEXFOOT,2023-11-06,8.731966590736523,2.6866457387608156,9.98058252427184,0.5935336807122317,-1.5159755435900855,True,0.3914285714670552,-10.055865921787694,-9.881284916201102
APEXFOOT,2025-09-01,3.8988860325621224,3.3078479586086775,3.9665050683120318,1.106216754464405,6.2841530054644865,True,0.9326923076923077,-5.360824742268041,-1.443298969072165
APEXFOOT,2025-09-28,4.705882352941181,10.792604407251284,5.63063063063063,0.35939282640771897,0.3937007874015773,True,0.9242307692307693,8.364544319600485,-19.933416562630047
APEXFOOT,2025-12-23,4.101123595505625,2.041483716384186,7.383720930232551,1.0787740206042504,-5.268759978712083,False,0.6940074906367042,-6.745817593092282,-4.317323259579061
APEXFOOT,2026-01-15,2.609188882586497,3.0772608436714544,6.666666666666673,1.540221365374364,-2.3268698060941766,False,0.6775280898876405,0.884466556108344,7.18629076838032
APEXSPINN,2020-09-06,5.891126025354218,2.802346443671311,7.727620504973238,1.245274701573038,2.6013771996939603,True,0.9230769230769231,-7.887323943661964,-7.957746478873247
APEXSPINN,2022-10-06,4.379038047379751,2.8183338427536913,8.17562452687359,0.5716275895577774,-5.687203791469179,True,0.41887226697353286,-9.97248968363136,-9.97248968363136
APEXSPINN,2025-09-17,4.4654939106901175,2.171192587690271,7.222222222222226,0.49370889830001496,-8.027380211574348,True,0.898196625945317,8.873056994818645,-11.463730569948197
APEXTANRY,2022-02-15,5.679201841903282,2.055657280854417,9.6,0.37381638362258174,-5.374001452432809,True,0.6918819188191879,0.0,-1.307189542483648
APEXTANRY,2022-04-10,8.303761533002122,6.602913217889783,9.293680297397769,1.3926427919906301,1.732851985559571,True,0.9241622574955907,2.293577981651376,5.045871559633039
APOLOISPAT,2019-05-02,6.060606060606066,3.42401945243801,9.230769230769226,0.693399117226794,-5.71428571428572,False,0.05656232836055405,5.71428571428572,2.85714285714286
APOLOISPAT,2019-05-05,4.285714285714283,2.952439792567873,9.230769230769226,0.9561407758024678,0.0,False,0.09049972537688646,2.739726027397263,-2.739726027397263
APOLOISPAT,2020-12-03,8.771929824561402,3.0537979080220023,9.433962264150944,0.7284088622838251,-4.9999999999999964,True,0.59375,-11.290322580645164,1.6129032258064457
APOLOISPAT,2021-05-09,9.523809523809533,5.181386468216255,9.999999999999993,1.1235936503884176,4.9999999999999964,True,0.6521739130434783,-2.898550724637684,10.144927536231874
APOLOISPAT,2022-06-28,7.594936708860754,7.337452362288146,6.410256410256422,0.9706300368775194,-4.819277108433739,False,0.16,1.17647058823529,-4.70588235294118
APOLOISPAT,2022-08-31,4.819277108433717,6.411633195349592,3.6585365853658622,1.2836786206776765,2.469135802469149,False,0.18333333333333326,-5.74712643678161,-5.74712643678161
ARAMITCEM,2021-05-20,9.688581314878896,3.813025155828631,9.523809523809517,1.0962943865052288,7.83582089552238,True,1.0,0.6309148264984206,44.79495268138801
ARAMITCEM,2022-07-17,6.168831168831176,2.975227335629754,8.910891089108908,0.8762711786038698,0.6535947712418277,False,0.20759493670886084,-3.975535168195731,-3.975535168195731
ARAMITCEM,2022-08-31,2.8124999999999956,2.460168179998052,6.369426751592357,1.4828010090994286,5.263157894736848,False,0.21989528795811514,-4.5592705167173255,-4.5592705167173255
ARAMITCEM,2023-04-25,9.865470852017934,6.904491656764842,9.090909090909092,1.1753725620860995,1.3636363636363669,False,0.20143884892086333,2.4489795918367405,11.020408163265303
ARAMITCEM,2023-07-06,4.230769230769236,2.592156028196751,7.874015748031496,0.5163337545154293,-7.142857142857142,False,0.4090909090909093,-4.428044280442815,-8.856088560885617
ARAMITCEM,2023-10-31,3.8297872340425467,2.8187850085763895,6.986899563318784,0.7496593553023285,-0.8438818565400814,False,0.2783505154639175,-3.2786885245901525,-4.918032786885243
ARAMITCEM,2023-11-08,5.3941908713692825,4.633584962759966,9.1304347826087,1.1695079559031494,3.433476394849788,True,0.38144329896907214,-9.05511811023621,-3.543307086614168
ARAMITCEM,2023-12-07,4.25531914893617,2.705509090764434,6.956521739130441,0.7103688307353655,-2.4896265560166033,True,0.2886597938144331,-3.2653061224489828,9.387755102040819
ARAMITCEM,2023-12-11,6.910569105691054,5.751663472743463,8.225108225108219,0.933619976511906,-2.3809523809523725,True,0.47422680412371154,-8.745247148288977,3.041825095057037
ARAMITCEM,2024-01-09,9.836065573770501,6.205901532649359,6.8376068376068435,0.4413549040328175,3.8297872340425467,True,0.5425531914893618,-5.597014925373134,16.417910447761187
ARGONDENIM,2019-01-06,2.5531914830873625,3.6333801034744053,7.786014241454174,0.670847635151921,-3.3255597029189317,False,0.2705526317380325,0.0,-3.3195020667343895
ARGONDENIM,2019-04-18,3.4999999645624844,3.5267783515233537,7.614213206356762,0.8274505356108965,-5.213270152793054,False,0.09358487338450815,0.48309181169923865,-2.415458906322195
ARGONDENIM,2019-06-10,2.898550768746076,2.23364018368619,7.500000006562489,0.8941929427294613,-2.8169014501091185,False,0.24823160807919234,-1.4084507250545593,-3.286384992263447
ARGONDENIM,2019-11-26,3.592814426225388,2.3405181143509135,7.499999980312502,1.0227269543164734,-4.57142861908572,False,0.15219032472590965,-4.046242793862138,-11.56069367073741
ARGONDENIM,2019-11-28,9.248554888035018,6.014781898142623,8.74999997703124,1.096425555946427,2.3668638987080293,False,0.3043806484530704,-14.285714277777778,-11.640211666666664
ARGONDENIM,2020-02-03,4.216867490836839,3.4847809145643316,7.643312150898613,0.9587739226437979,-3.488372084505139,False,0.23076923107988162,23.699421930936555,23.699421930936555
ARGONDENIM,2020-02-12,6.666666683636362,4.188636059568929,8.74999997703124,1.7869286615827957,3.773584896938413,False,0.2596153843338573,23.295454579351762,18.74999998508523
ARGONDENIM,2021-04-26,4.938271592135335,10.613908129526642,7.594936688671678,7.853537420683762,-15.625000011962896,False,0.1794871795332017,11.176470591505202,9.41176468262976
ARGONDENIM,2021-05-02,9.87654318427068,4.097383248047401,8.227848112622187,3.9159201080674686,-15.625000011962896,False,0.24786324775586227,8.988764082723149,15.730337100523933
ARGONDENIM,2022-04-21,3.333333333333341,2.333729782821712,7.558139534883726,0.4482087561770961,-3.7433155080213867,False,0.27226277349046313,1.6129032258064364,-7.526881720430119
ARGONDENIM,2022-07-04,2.604166666666667,3.461687302409677,8.839779005524848,0.8722297813949634,4.918032786885238,True,0.2567453624549976,-7.614213197969544,1.5228426395939123
ARGONDENIM,2023-06-05,3.243243243243251,2.6229649152320604,7.142857142857147,1.4516479587904985,1.6483516483516523,True,0.4509803921568631,-4.712041884816765,-1.570680628272255
ARGONDENIM,2024-01-29,4.142011834319543,2.313757255515871,8.982035928143713,0.8735117088010036,-7.142857142857147,False,0.2647058823529416,6.249999999999988,5.681818181818182
ARGONDENIM,2024-02-01,4.571428571428576,3.5548972788652424,8.982035928143713,1.5172146551745167,-3.8461538461538423,True,0.47058823529411775,-1.6393442622950858,-1.092896174863384
ARGONDENIM,2024-05-12,3.5087719298245488,4.826839938469068,9.375,1.1411642804890405,-3.932584269662917,False,0.3953488372093021,-9.604519774011296,-15.819209039548019
ARGONDENIM,2024-07-04,5.806451612903216,4.2996491498631295,9.655172413793107,0.7025396466527518,-3.125,False,0.34999999999999964,-4.8780487804877986,9.146341463414636
ARGONDENIM,2024-11-14,9.467455621301784,11.841072673166927,7.407407407407403,1.5238666379281767,6.962025316455682,True,0.6999999999999998,-7.5675675675675595,-3.7837837837837798
ARGONDENIM,2025-01-29,6.547619047619034,7.062018808571392,8.749999999999991,1.442123935690018,0.0,True,0.8817733990147782,-1.6759776536312692,-2.234636871508372
ARGONDENIM,2025-08-27,6.417112299465237,3.3053086114953376,7.909604519774023,0.9859236743260922,4.469273743016764,True,0.9754901960784313,-5.527638190954764,2.0100502512562923
ARGONDENIM,2026-01-05,2.840909090909091,2.425275033109044,7.100591715976348,0.7261467316717173,-2.2222222222222143,True,0.8341013824884793,0.0,-6.6298342541436615
ARGONDENIM,2026-02-15,2.873563218390805,2.1187683053197213,9.090909090909092,0.8311435930555353,-2.2471910112359668,True,0.8248847926267281,-5.5865921787709505,-6.1452513966480335
ASIAINS,2019-11-18,10.970464135021103,24.24795211539467,9.545454545454552,0.806073321482115,-0.4201680672268967,True,0.4356846473029046,6.08365019011406,-3.4220532319391714
ASIAINS,2021-04-06,9.316770186335404,2.877460355967778,8.695652173913043,0.7573019741637439,-1.2269938650306778,True,0.7325301204819277,1.1363636363636391,-1.4204545454545456
ASIAINS,2022-03-30,2.7127003699136907,2.091383358862987,8.880308880308869,0.6982257592803506,-2.874251497005995,False,0.20926243567753003,-13.085234093637446,-15.006002400960385
ASIAINS,2022-08-28,3.8095238095238098,2.2270635792520364,7.862903225806448,0.9301453649397405,9.832635983263604,False,0.08769792935444583,-6.23853211009174,-8.623853211009179
ASIAINS,2022-10-13,5.112474437627812,2.4668032379766904,2.24948875255624,0.31155457073347526,-4.492187500000008,False,0.04993909866017054,-4.47470817120622,-2.5291828793774265
ASIAINS,2022-10-30,4.0733197556008145,5.900023642785666,6.952965235173822,0.7402516532157957,0.4089979550102308,False,0.046285018270402,-4.109589041095893,-4.109589041095893
ASIAINS,2022-11-01,5.498981670061091,4.120112847468447,7.157464212678937,1.4142182134343741,0.4089979550102308,False,0.05481120584652862,-4.633204633204631,-5.019305019305008
ASIAINS,2022-11-02,9.84555984555985,14.345354006214217,7.157464212678937,1.7856743228695393,5.930470347648259,False,0.1169305724725944,-10.720562390158175,-13.70826010544815
ASIAINS,2023-01-19,4.109589041095893,5.412354641910703,9.406952965235178,3.8845232209915017,4.49897750511248,False,0.09546925566343052,0.0,-8.082706766917301
ASIAINS,2023-05-28,4.081632653061225,5.5236540727679815,6.3394683026584895,23.343588470507463,0.2044989775051154,True,0.14682539682539691,-4.1176470588235325,-4.1176470588235325
ASIAINS,2023-07-25,9.815950920245408,31.90536438920201,2.24948875255624,38.04029018189093,0.0,True,0.5245901639344266,-8.007448789571702,-8.566108007448792
ASIAINS,2023-07-26,5.027932960893847,12.170857766476614,9.815950920245408,41.22733133095694,9.815950920245408,True,0.7459016393442622,-13.297872340425531,-13.120567375886521
ASIAINS,2023-09-03,3.2719836400818028,2.4051579922314206,5.725971370143158,0.42252512387597124,-8.598130841121499,True,0.14414414414414425,10.099009900990103,6.53465346534653
ASIAINS,2023-09-05,8.203124999999991,4.455786449729537,6.134969325153374,0.7261922864815437,-2.476190476190471,True,0.5855855855855855,7.039711191335737,-3.9711191335739997
ASIAINS,2023-12-13,2.6369168356998056,2.489792938050076,4.08997955010225,0.667414463410253,-5.555555555555566,True,0.10828025477707028,-2.5691699604743166,-0.19762845849802652
ASIAINS,2025-08-24,4.924242424242427,4.4574100051664445,8.730158730158728,0.638703382055151,-6.713780918727923,True,0.6907730673316708,11.552346570397109,-2.5270758122743655
ASIAINS,2025-12-09,5.323193916349804,2.3610215310065565,9.689922480620154,0.7270121079063538,0.38167938931298256,True,0.8523076923076923,-2.5270758122743655,-1.0830324909747318
ASIAINS,2026-01-13,2.9520295202951923,3.8046030497296752,7.490636704119851,0.9346562320862887,-1.4545454545454493,True,0.8773584905660377,35.12544802867385,51.971326164874554
ASIAINS,2026-01-18,5.454545454545454,4.174600648811384,7.037037037037032,1.6890678891160484,-1.0791366906474844,True,0.9119496855345912,30.689655172413786,41.03448275862068
ASIAPACINS,2021-09-09,4.26470588235295,2.1186726341997266,8.766716196136711,1.1288925344508036,1.3412816691505303,True,0.653481012658228,0.0,-5.92383638928068
ASIAPACINS,2021-09-20,4.219409282700423,5.111914913366368,8.02377414561665,1.0803083813414365,4.405286343612335,True,0.7041139240506329,-12.280701754385959,-9.446693657219974
ASIAPACINS,2021-12-23,7.110438729198189,14.631357015520605,6.836248012718609,0.9085940657434483,1.8489984591679332,True,0.6499999999999999,-5.790960451977393,-9.463276836158197
ASIAPACINS,2022-11-02,7.142857142857137,4.347569150319822,9.862385321100911,1.1688842768184904,-1.910828025477704,False,0.2153846153846154,-10.50505050505051,-11.919191919191917
ASIAPACINS,2023-05-11,3.4090909090909087,3.7593815043830996,4.357798165137612,1.6685318829461662,0.9174311926605472,True,0.25,21.538461538461533,8.351648351648345
ASIAPACINS,2023-05-15,7.658643326039387,11.635963242553956,6.192660550458705,1.9102075432289933,4.816513761467893,True,0.4181818181818183,11.178861788617885,-4.878048780487816
ASIAPACINS,2023-12-13,2.610441767068282,3.365405402356975,8.865979381443292,0.7476768420638098,-8.791208791208799,False,0.34259259259259256,-1.9569471624266144,2.1526418786692787
ASIAPACINS,2024-01-01,3.592814371257479,2.0118084726883567,7.05394190871369,0.5726891367730194,-2.7184466019417446,True,0.36728395061728386,-0.5780346820809193,-2.8901734104046244
ASIAPACINS,2025-08-20,3.9755351681957096,2.191936993148313,9.841269841269845,0.4693528662814037,4.807692307692319,True,0.718816067653277,3.8235294117646976,1.4705882352941175
ATCSLGF,2019-01-20,3.921568627450984,3.8377151956609907,9.375000000000004,2.1678292503564367,9.677419354838694,True,0.5428571428571429,-0.943396226415091,-1.886792452830182
ATCSLGF,2020-01-22,4.166666666666664,2.192133912087123,8.823529411764714,0.6685947769959463,-6.493506493506493,False,0.08333333333333337,-1.3333333333333286,20.0
ATCSLGF,2020-02-11,9.859154929577468,7.794678618564438,8.450704225352121,0.9102175309353218,1.4285714285714235,False,0.11904761904761907,7.6923076923077,-3.8461538461538445
ATCSLGF,2020-07-21,2.941176470588238,10.177373626782101,4.411764705882351,1.472649595680936,0.0,False,0.12765957446808515,2.85714285714286,21.428571428571427
ATCSLGF,2020-09-21,7.594936708860754,5.0653780574699585,6.410256410256422,0.5255628553277076,-7.05882352941176,True,0.28723404255319157,-3.5294117647058907,5.88235294117647
ATCSLGF,2021-07-05,4.545454545454546,2.5283733015577265,7.619047619047626,1.0166886047535797,1.8518518518518452,True,0.7704918032786885,17.391304347826086,7.826086956521743
ATCSLGF,2021-10-10,3.5714285714285747,2.413123349744779,8.490566037735853,0.5041263945849505,-5.084745762711876,True,0.49999999999999994,-15.517241379310336,-16.379310344827587
ATCSLGF,2021-11-21,3.921568627450984,3.770407974748951,6.185567010309293,0.7432320362540418,-0.9708737864077808,True,0.37179487179487175,-5.660377358490563,-9.433962264150944
ATCSLGF,2022-01-03,4.210526315789478,2.9958632095693623,6.5934065934065895,0.5319208556281392,-5.940594059405938,False,0.2820512820512821,-2.020202020202031,-1.0101010101010066
ATCSLGF,2022-03-06,3.1914893617021165,2.932786870734449,7.608695652173925,0.7036327982814402,-5.05050505050505,False,0.2564102564102563,2.0618556701031037,8.24742268041238
ATCSLGF,2022-03-14,6.122448979591832,10.544766664844964,7.608695652173925,1.3735748425067729,-1.0101010101010066,False,0.3461538461538462,-2.8846153846153912,-5.769230769230766
ATCSLGF,2023-12-06,5.10204081632653,38.7352299006744,5.154639175257732,563.2089000586195,1.0309278350515612,True,0.6470588235294122,8.737864077669888,-3.883495145631071
ATCSLGF,2023-12-07,2.9126213592232904,17.256180856902983,8.24742268041238,567.0712733695033,6.185567010309293,True,0.8235294117647056,6.60377358490567,-8.490566037735853
ATCSLGF,2024-04-16,6.8493150684931505,4.96110736664453,5.555555555555548,0.5954446308706433,-8.750000000000002,False,0.11764705882352933,-11.538461538461533,-5.1282051282051215
ATCSLGF,2024-07-04,4.615384615384613,2.575038814505096,7.936507936507936,0.8071046325418308,-9.722222222222223,False,0.08333333333333331,-5.882352941176463,10.294117647058826
ATCSLGF,2024-07-07,5.882352941176476,2.519064832561036,7.8125,1.0094689899412566,-2.85714285714286,False,0.15000000000000005,-9.722222222222223,2.77777777777778
ATCSLGF,2024-12-04,4.615384615384613,4.575775841148141,8.064516129032258,0.44588198546363655,-2.9850746268656745,False,0.5528455284552845,-7.352941176470589,-5.882352941176463
ATCSLGF,2025-02-12,8.47457627118644,5.271978060210518,6.896551724137938,0.8539270519944404,-7.8125,False,0.6736842105263158,1.5624999999999944,17.187499999999993
ATLASBANG,2019-04-07,3.0102790014684455,2.7977312369284695,9.884169884169893,0.9913944346522046,-3.1294452347083968,True,0.6933434193581498,-8.125445473984323,-6.842480399144706
AZIZPIPES,2020-08-09,3.384615384615382,2.317601927880203,3.076923076923077,1.0164401273123986,0.0,False,0.2189473684210526,3.869047619047625,35.91269841269842
AZIZPIPES,2020-08-10,6.845238095238101,3.703532850856771,4.410256410256407,1.0824179346300422,3.384615384615382,False,0.2965738758029979,-2.6926648096564585,22.00557103064067
AZIZPIPES,2021-07-08,8.78754171301445,3.167799760050813,9.396751740139205,1.0025265351928816,-4.05549626467449,False,0.19999999999999996,3.476482617586918,18.916155419222903
AZIZPIPES,2022-02-10,5.3384175405147705,3.544815405088588,6.006006006006006,0.5322918026750344,4.900000000000006,True,0.31976744186046513,-6.787330316742081,-4.524886877828054
AZIZPIPES,2022-09-15,7.487179487179484,4.393992872101463,9.290187891440507,1.3681437786833304,0.5154639175257731,True,0.2534883720930232,29.007633587786252,10.30534351145038
AZIZPIPES,2023-05-23,2.993348115299338,2.546350141355082,8.421052631578952,1.0203934984277225,2.850627137970353,False,0.17005813953488377,-0.7534983853606059,9.68783638320775
BANGAS,2020-12-28,4.216388225934763,2.0774299822442543,7.4074074074074066,0.8690232236471788,-1.5661707126076743,True,0.16741321388577832,-5.114503816793895,-10.76335877862595
BANGAS,2022-02-20,5.058365758754864,6.2334092068600135,9.375000000000005,0.9125047618829513,1.1014948859166056,True,0.45750452079566,-12.518518518518523,-6.962962962962966
BANGAS,2022-08-21,3.125,2.3035109672975747,4.620203602192633,0.6608689686086053,-5.743740795287195,True,0.4064748201438848,5.530303030303039,2.348484848484844
BANGAS,2022-08-24,5.36659108087679,5.691943595811864,5.716523101018009,1.0422252049455822,-2.0725388601036143,True,0.5395683453237411,-2.8694404591104736,-7.460545193687235
BANGAS,2023-05-16,7.011686143572613,3.1458666765921017,8.45431255337319,1.142138771983062,4.355400696864112,True,0.39676840215439835,-1.9500780031201137,30.42121684867395
BANGAS,2023-06-06,2.8615622583139895,3.652462674885171,9.67741935483871,0.8420329374987254,9.762308998302219,True,0.6004464285714285,14.285714285714285,8.045112781954879
BANGAS,2023-09-07,2.580645161290325,2.1920531471167077,6.49458784346379,1.104988473588225,-7.600596125186282,True,0.31352154531946513,-7.311320754716978,-11.949685534591197
BANGAS,2023-11-06,2.9184549356223224,3.4175182868251652,6.862745098039218,0.9129297646668831,0.6914433880725991,False,0.20505200594353654,-6.755629691409515,2.0850708924103416
BANGAS,2024-02-27,2.6886383347788456,2.160492551196681,4.9955396966993835,0.6800739746871824,1.14035087719298,False,0.18276374442793475,2.449324324324317,-3.209459459459469
BANGAS,2024-03-05,3.607382550335568,4.933936167143741,7.225691347011605,1.057665650581551,6.428571428571431,False,0.2585438335809807,-2.1052631578947323,-5.668016194331984
BANGAS,2024-08-07,9.87234042553191,5.750271890067728,9.915809167446206,0.5307317332269574,4.259094942324753,True,0.5382830626450114,-12.858249419054992,-4.879938032532919
BANGAS,2025-02-27,2.5799793601651184,2.5190190933544563,4.214963119072708,0.7388066897692236,1.8927444794952804,False,0.7368421052631579,-3.7223340040241477,-5.030181086519114
BANGAS,2025-08-03,5.765595463138005,2.1405384908144867,4.766536964980551,0.6686135079684363,5.905905905905897,True,0.8295033358042995,11.260053619302944,26.27345844504022
BANGAS,2026-02-02,3.479701739850872,2.606723174455414,5.711849957374256,0.5894292413086818,-5.8502340093603635,True,0.8326666666666667,0.32025620496396434,-7.686148919135315
BANKASIA,2019-01-01,6.186440659968393,2.0036672778796465,6.470588250190322,1.5426767763931353,2.3121387220087546,True,0.53953687838753,6.703910614525157,7.821229050279342
BANKASIA,2019-05-16,6.486486486486482,3.265266791871103,8.045977011494266,1.4266341641015485,5.113636363636355,True,0.8799019608137496,1.5228426395939123,-5.583756345177655
BANKASIA,2019-09-17,2.941176470588235,2.078896765929608,8.23529411764705,0.6279915381268144,-7.608695652173907,False,0.3251121074719982,7.999999999999992,10.857142857142849
BANKASIA,2019-09-25,3.4285714285714364,10.326441541289705,6.50887573964498,1.611213896886347,-3.8461538461538423,True,0.4192825110805568,0.552486187845292,7.734806629834246
BANKASIA,2019-09-26,9.39226519337016,32.1579881201509,8.284023668639067,2.5102676875110896,-1.092896174863384,True,0.6860986546381388,-8.080808080808087,-0.5050505050505122
BANKASIA,2020-08-13,4.678362573099398,2.6064566124158906,7.407407407407403,1.3579674205286363,1.1834319526627388,True,0.3809523809523807,-2.234636871508372,6.145251396648053
BANKASIA,2020-09-13,6.145251396648053,3.8902041252884008,5.263157894736834,1.0637441547680733,4.678362573099398,True,0.7142857142857145,-5.789473684210534,-2.1052631578947296
BANKASIA,2021-01-05,3.2786885245901525,7.840750570952411,3.932584269662917,1.3030553732449337,-1.0810810810810774,True,0.7083333333333329,-5.82010582010581,-12.698412698412692
BANKASIA,2021-05-17,3.5714285714285587,6.944209658264102,4.938271604938276,0.8751921963168119,3.7037037037037126,False,0.43589743589743546,6.8965517241379475,5.172413793103461
BANKASIA,2021-08-17,4.0000000000000036,3.9135475635564414,7.2916666666666785,0.7225885997173146,6.382978723404251,True,0.884615384615385,-2.4038461538461537,-2.4038461538461537
BANKASIA,2021-11-16,5.05050505050505,2.9689776462761106,6.185567010309293,2.14058437900715,-3.4146341463414602,True,0.884615384615385,-3.365384615384612,-2.4038461538461537
BANKASIA,2021-11-21,3.809523809523813,4.495234632142547,9.793814432989704,2.640362493224018,2.9411764705882426,True,0.9333333333333336,-5.5045871559633,-6.8807339449541285
BANKASIA,2021-12-30,3.809523809523813,5.114734394872561,3.448275862068962,1.133223082567174,4.4776119402985,True,0.9333333333333336,-5.045871559633034,-5.963302752293581
BANKASIA,2022-05-30,3.7837837837837798,3.0131774171908456,5.5865921787709505,0.546456726411943,0.543478260869573,False,0.5,1.041666666666663,3.1250000000000075
BANKASIA,2022-06-30,4.0000000000000036,4.924154237587073,5.208333333333334,1.232597545723729,4.1666666666666705,True,0.681818181818182,-0.48076923076923755,-2.8846153846153912
BANKASIA,2024-10-31,5.263157894736834,5.485943450684539,9.41176470588236,1.6963986248482172,-9.999999999999993,False,0.7860262008733625,-5.555555555555555,-4.999999999999992
BANKASIA,2025-07-23,9.493670886075948,10.00432354457409,5.0955414012738895,2.731394608866333,6.040268456375841,True,0.7554585152838429,7.514450867052027,3.468208092485537
BANKASIA,2025-09-03,2.6178010471204183,3.002802383395871,9.659090909090905,0.5185438350451783,-2.551020408163265,True,0.9333333333333333,-5.612244897959191,-8.673469387755116
BANKASIA,2025-10-16,2.941176470588235,2.960552444350437,9.523809523809511,0.6129405715626453,-8.602150537634417,True,0.8620689655172413,2.2857142857142776,1.1428571428571388
BANKASIA,2025-10-23,4.571428571428576,3.8872936031702694,5.952380952380952,0.9012887762461934,-1.1299435028248548,True,0.9014778325123153,-2.1857923497267873,-0.5464480874317017
BANKASIA,2026-01-04,3.2258064516128915,6.281358753843093,4.494382022471914,1.252423629187442,1.086956521739146,True,0.9458128078817734,2.0833333333333446,6.2499999999999964
BANKASIA,2026-02-15,2.9411764705882426,3.883653383147626,6.735751295336791,1.556017727134029,7.368421052631572,True,0.9813084112149534,9.04761904761904,4.761904761904762
BANKASIA,2026-02-25,4.2857142857142785,3.819411559351603,8.08080808080807,1.5984732281192406,7.6923076923076925,True,0.9909502262443438,1.3698630136986336,-1.3698630136986172
BARKAPOWER,2019-02-04,3.999999987549094,3.463182582699615,6.844106461867305,0.9365461144996681,3.3834586659732033,True,0.496551723823038,-2.4475524198200307,-4.545454542053397
BARKAPOWER,2019-05-22,3.1746031685374243,2.306063343055089,4.365079351431409,0.7720980342009536,-4.545454556508273,False,0.362499999963219,1.1538461465650824,-3.076923071224861
BARKAPOWER,2019-08-06,4.166666670381945,2.250357154596268,9.417040344973762,1.0322807084322667,-5.511811044187488,False,0.3397231092332937,-7.599999980825611,-4.800000012668808
BARKAPOWER,2019-09-16,2.5210084328296087,3.3104312553851942,8.48214283496492,0.8375627338067917,-4.800000012668808,False,0.2694355697377049,-6.557377080092724,-6.557377080092724
BARKAPOWER,2020-07-08,4.522613090724981,10.06366407597192,1.5151515053259983,1.078616110469658,0.5050504837618632,False,0.36082474258645986,16.346153825379066,32.211538440269045
BARKAPOWER,2020-07-14,6.04651162397187,10.885239694514363,9.09090908599634,3.338549341285084,8.585858548194068,True,0.5670103086756298,19.73684212564059,36.84210527303786
BARKAPOWER,2020-12-27,8.366533864541823,3.82188864346822,6.799999999999998,0.810305092178127,7.7253218884120205,True,0.7068263474952261,9.191176470588236,16.176470588235304
BARKAPOWER,2021-05-06,2.7343749999999973,2.148179824102383,8.097165991902834,1.3020223462813987,6.666666666666672,False,0.5713909239219624,0.38022813688212115,3.422053231939158
BARKAPOWER,2021-08-09,7.168458781362008,6.656356478871719,4.7619047619047645,1.0632708885848434,5.283018867924523,True,0.6869743288985315,1.3377926421404756,4.347826086956524
BARKAPOWER,2021-09-06,3.9999999999999973,2.471830031354766,7.560137457044671,0.8455244015607246,9.090909090909092,True,0.7711864406779662,-7.05128205128205,-2.5641025641025665
BARKAPOWER,2021-10-07,4.838709677419355,6.207247881551666,9.310344827586205,1.2027645516621726,-0.6410256410256387,True,0.8813559322033899,-15.076923076923073,-19.692307692307686
BARKAPOWER,2022-01-11,2.84552845528455,3.647024674937658,8.016877637130811,1.3076569059610421,-0.8064516129032229,False,0.2711864406779661,-4.347826086956527,1.9762845849802373
BARKAPOWER,2022-02-02,3.968253968253968,5.18879693989978,5.833333333333327,0.8148556238057724,2.857142857142854,False,0.347457627118644,-5.3435114503816745,-8.396946564885493
BARKAPOWER,2022-05-08,3.5856573705179224,4.709822225799289,8.016877637130811,0.8553377154720424,0.8032128514056338,False,0.3513513513513512,-6.923076923076926,-5.769230769230769
BARKAPOWER,2022-08-21,2.7777777777777675,3.1094197859334707,5.633802816901405,0.9746033848886855,-7.29613733905579,False,0.11999999999999997,7.657657657657654,-3.1531531531531503
BARKAPOWER,2022-08-28,2.7272727272727337,2.2548055117954964,7.511737089201867,1.4436929108971068,2.3255813953488373,False,0.15200000000000014,0.8849557522123862,0.0
BARKAPOWER,2022-08-31,3.0837004405286312,3.8977001932621835,8.450704225352116,1.7846006434753359,8.612440191387563,False,0.2159999999999999,-4.273504273504273,-5.982905982905977
BARKAPOWER,2022-09-04,3.0172413793103416,3.25715865063183,9.216589861751153,2.0260241794986666,7.407407407407398,False,0.2559999999999999,-10.041841004184095,-7.949790794979074
BARKAPOWER,2024-07-04,7.874015748031496,5.668091159978003,7.563025210084036,1.1533603526257654,-1.5503875968992331,False,0.19148936170212755,-8.029197080291969,9.489051094890517
BARKAPOWER,2025-07-09,3.7383177570093498,3.0244716301194985,9.900990099009901,0.9435751405669602,-5.309734513274349,True,0.7025316455696202,3.603603603603607,-1.8018018018017956
BARKAPOWER,2025-08-26,5.607476635514033,4.979028560088655,5.769230769230766,0.5854420536370813,-2.7272727272727337,True,0.7151898734177216,4.424778761061947,-20.353982300884958
BARKAPOWER,2026-01-06,5.71428571428572,13.32187664390487,7.575757575757576,0.6032211387523408,-2.77777777777778,False,0.5481481481481482,6.756756756756756,4.054054054054052
BATBC,2020-08-12,3.8085937499999964,3.4325847173911543,4.473336294014252,4.045857036651958,1.5425297599760417,False,0.21874999990892152,13.515208529319544,12.87760009407339
BATBC,2021-05-18,2.776776054814276,2.193222277878418,7.895752895752891,1.220770876816064,4.740321057601515,True,0.8557942394620744,-5.228070175438589,-4.157894736842113
BATBC,2021-07-25,3.4981260039264725,3.1158157068767722,4.5167286245353075,1.0986425685081775,5.816808309726148,True,0.8739628190448522,-1.2071046732195205,-1.776168304880144
BATBC,2021-09-07,7.2018500165180095,3.7267293610298045,8.185053380782918,1.2086325162431382,6.415890314642292,True,0.9946839929119907,0.662557781201842,5.069337442218794
BATBC,2022-01-23,2.6939154667905214,2.9600585940455617,2.3266635644485807,1.0792391743399408,1.5725743041358704,True,0.7517335766196835,1.371928237599883,-7.085783205186191
BATBC,2022-02-06,3.318992009834054,3.486876164309852,5.3936763794172276,1.5715819157361852,-0.7170099160945912,True,0.731578947368421,-8.34324806662701,-15.719809637120752
BATBC,2024-07-07,5.600968816227671,2.4535622598315756,5.015673981191222,1.2166493598532022,0.12124886329191699,False,0.6724503566608829,-3.9564220183486274,22.276376146788987
BATBC,2024-08-06,7.482148401117654,2.448409880639111,5.246817758460098,0.47484121295318005,-0.21685254027261108,False,0.6674378253325621,17.388792605430385,20.190641247833632
BATBC,2024-08-07,8.636626227614105,6.9668389874959535,8.723998758149632,0.6857836173510444,8.01872074882995,False,0.7250819356082514,4.8391385269875,9.49215634139856
BATBC,2025-06-26,2.824651504035212,2.0192758861200937,9.999999999999991,1.3404915938503161,-3.4702549575070663,False,0.6228888888888889,0.6064930431680301,3.3892258294684265
BATBC,2025-07-21,3.4126163391933737,3.00593930555694,4.375896700143468,1.2684370912398095,1.1153712094806711,False,0.6666666666666666,0.0,-3.8666666666666747
BATBC,2025-07-22,4.233333333333329,2.310077050299912,9.540889526542312,1.4712922028203732,5.671010919337804,False,0.6948888888888889,-4.3172369683402625,-8.346658138791163
BATBC,2026-01-18,2.6572880031262147,2.5843191723741556,3.1599999999999904,1.2267589878157448,2.2373152217339167,False,0.7039121114683815,-0.22839741149599008,6.128663875142757
BATBC,2026-01-19,2.8549676437000384,3.623568888162773,5.479999999999995,1.375876543782158,5.842062852538276,False,0.7342391304347826,-1.0732790525536555,1.6284233900814338
BATBC,2026-02-15,4.905523255813954,2.604861618339029,6.493506493506493,0.9147150372316062,9.554140127388536,True,0.8095905776780706,-8.24385174922065,-21.40630412192587
BAYLEASING,2019-11-26,4.347826135396972,2.9041368325379233,9.090909112086777,2.4628522219556808,0.7299269652485478,False,0.13157894788896585,-3.4722222355685806,-4.166666711154511
BAYLEASING,2019-11-28,4.8611111155598925,2.858347675511303,9.848484826130624,2.597058649011805,5.882352981076992,False,0.19298245672399197,-5.2980132787487415,-5.960264896166837
BAYLEASING,2021-09-23,6.086956521739135,2.747838843320172,7.142857142857138,0.7706317065250274,4.545454545454546,True,0.9588857938672853,-12.295081967213115,-27.049180327868854
BAYLEASING,2022-02-08,10.000000000000009,11.285633001021056,8.910891089108908,1.068408907499883,1.265822784810122,True,0.8520408163265307,-12.215909090909102,-18.4659090909091
BAYLEASING,2022-04-03,7.473309608540918,3.9593911602221064,7.011070110701101,0.4758570163520609,-0.35460992907800665,False,0.596938775510204,-8.940397350993376,-7.615894039735102
BAYLEASING,2022-08-02,3.2653061224489828,2.6183497958661306,8.11965811965813,0.9969837818787827,-6.8441064638783295,False,0.12925170068027222,1.185770750988145,5.13833992094862
BAYLEASING,2022-08-03,5.533596837944659,7.022892775076593,9.401709401709414,1.2454085003338922,-4.166666666666659,False,0.22448979591836735,-4.11985018726591,-2.621722846441945
BAYLEASING,2022-08-25,9.055118110236224,4.568349713361496,8.83534136546186,0.9834899104376316,6.722689075630243,False,0.2925170068027211,-8.303249097472927,-13.718411552346574
BAYLEASING,2025-03-20,3.2786885245901667,3.528363053149452,6.666666666666672,0.6612476084775587,-1.6129032258064602,False,0.4228187919463087,-4.761904761904759,-7.936507936507936
BBS,2019-01-03,5.743243235465555,4.8887555380007015,9.854014609616927,0.6969665498483691,7.246376803709835,True,0.6083870967265996,-6.389776351814865,-1.9169329092345606
BBS,2019-01-30,4.040404045117847,3.198081283565387,7.291666632411019,0.6198735836183297,1.3651876882864031,True,0.6286713285321569,4.854368937482331,1.618123004079873
BBS,2019-02-04,4.290429060516937,3.9689797222828402,9.02777777165075,0.9152697077846241,-2.5723472938689573,True,0.7072463771211468,4.430379738970116,-0.6329113808384043
BBS,2019-05-02,3.3088235326901727,2.6431010114087075,8.076923085295116,0.9056721776872539,-5.882352934123754,False,0.44772727324571027,0.0,1.0676156593869164
BBS,2019-11-03,3.260869568628888,2.1661490851537004,9.195402333184695,0.8208351058732211,-12.380952376238092,False,0.0975609759361243,-1.0526315597506875,0.15789476131786961
BBS,2020-01-02,9.999999973750002,5.85323398269062,5.732484096454216,0.7818555767974237,-10.112359526701168,False,0.12643678165738365,1.7045454803073428,11.93181818317407
BBS,2020-08-06,3.6809816512100517,4.3312018163188135,5.555555573559681,3.5678992498826867,0.617283916609514,False,0.23165760919511819,10.059171538444026,13.609467448636265
BBS,2020-08-09,4.142011791673965,3.903071238012338,6.790123471593505,3.9763422249895797,4.320987675525832,False,0.28396739125850573,4.545454534607439,9.659090915870351
BBS,2020-08-12,4.6511627793401855,3.9138430429122564,9.87654318427068,4.553623925532017,6.172839490169183,False,0.31385869551891193,-0.5555555250925851,5.000000017499998
BBS,2020-09-03,3.314917118418252,2.0715725794729547,7.865168579756363,0.6705169547905185,8.383233577360246,True,0.36616847836694627,0.5347593288626997,-5.882352954388181
BBS,2020-12-02,3.08641975308642,3.3046792093658968,0.6172839506172928,0.09237555264797927,-7.554347805990082,False,0.39734042551290166,2.9940119760479043,8.383233532934145
BBS,2020-12-09,4.907975460122704,3.2348498715889487,6.17283950617284,1.263800288115269,-9.44444444444444,True,0.4420212765387055,-2.923976608187134,11.111111111111102
BBS,2021-07-15,8.839779005524848,5.822138776057637,9.999999999999996,0.6887724623062472,6.470588235294127,True,0.7605633802816901,16.751269035533,12.690355329949238
BBS,2021-09-29,3.7735849056603805,2.548867012640663,8.629441624365478,0.512233061068968,-2.3041474654377883,True,0.7777777777777778,-8.181818181818185,-23.18181818181819
BBS,2021-12-27,5.55555555555557,7.710542520699413,6.832298136645949,0.9410719017175501,-0.6134969325153461,False,0.28282828282828293,8.187134502923968,9.941520467836252
BBS,2021-12-29,6.395348837209311,8.413329336340869,8.695652173913034,1.6335363376922007,5.521472392638028,True,0.4040404040404041,0.5464480874316823,9.289617486338795
BBS,2022-06-29,3.0172413793103416,4.9087122262914855,5.829596412556056,0.7544201629193232,-1.276595744680854,True,0.5185185185185185,-4.602510460251037,-7.949790794979074
BBS,2022-08-07,3.603603603603607,3.3198622880596047,9.95260663507108,0.8503718778725478,-5.932203389830517,True,0.46296296296296297,-2.1739130434782608,11.304347826086962
BBS,2022-08-28,9.649122807017541,9.120614613497295,6.787330316742081,1.154949477293379,4.109589041095901,True,0.5864197530864198,0.7999999999999973,12.799999999999997
BBS,2023-07-09,5.529953917050688,9.980271748144254,7.407407407407398,206.50266350803,0.46296296296295303,True,0.13043478260869548,-5.6768558951964945,-5.6768558951964945
BBS,2024-07-04,4.761904761904769,2.113192650713133,7.142857142857142,0.7037072783838354,-2.000000000000005,False,0.15625,-7.792207792207799,5.844155844155846
BBS,2025-01-14,3.000000000000007,2.246164613825241,8.08080808080807,0.740357369336027,-5.660377358490563,False,0.47685185185185186,-1.9417475728155442,6.7961165048543615
BBS,2025-02-05,9.523809523809524,9.007880825926172,9.278350515463922,1.2070644300427473,2.9411764705882426,False,0.5324074074074073,0.8695652173913012,1.7391304347826024
BBS,2025-05-26,6.060606060606057,4.171957481677769,8.333333333333341,0.9567536759730375,-1.9801980198019733,False,0.5865921787709497,-4.761904761904762,0.0
BBS,2025-07-17,6.481481481481474,7.183629818158966,9.803921568627452,1.6815174771650134,4.854368932038835,True,0.6725146198830408,-4.3478260869565215,-8.695652173913043
BBS,2025-08-28,2.7272727272727337,3.899946979776059,6.730769230769224,1.1166695456843834,1.8518518518518452,True,0.6608187134502924,9.73451327433628,2.6548672566371585
BBS,2026-01-21,3.370786516853921,4.953895798562489,4.651162790697678,0.62672463732748,-2.19780219780219,False,0.6814814814814815,-2.173913043478253,11.956521739130451
BBS,2026-02-03,3.409090909090897,2.5920851637600815,8.139534883720943,1.4170913532439269,-2.2222222222222143,False,0.674074074074074,8.791208791208799,6.5934065934065895
BBS,2026-02-15,7.526881720430099,5.032496158399879,9.302325581395356,1.3828057145451325,6.8965517241379475,False,0.7407407407407407,-0.9999999999999963,11.999999999999993
BBSCABLES,2019-04-30,3.3916849140512393,2.2333216283572557,8.314087755688417,1.1543167166557182,-2.765957458071332,True,0.6451265658706772,-3.809523807641578,0.6349206299013904
BBSCABLES,2019-06-11,3.3811475416698245,3.5987268809948785,9.944134079644522,1.1195797265034557,2.4134312693074826,True,0.7507633090523351,-2.7750247771510685,-4.9554013924916465
BBSCABLES,2019-08-04,3.0818278374475696,2.7905873145481013,9.479768784023321,0.6961740976517918,-5.899999998292443,True,0.6809795592457506,-2.0618556586187724,-7.628865979523226
BBSCABLES,2019-11-24,5.612535615681155,2.475139881889743,8.746355694315808,1.179819120068832,-6.648936177053874,False,0.15943775087265974,-13.649851634450142,-13.353115730526879
BBSCABLES,2020-07-28,2.692998205293299,5.125841106814066,4.395604401218304,2.4788100138473697,2.014652018150532,False,0.19305772234967952,11.188811188514658,4.895104897625398
BBSCABLES,2020-08-03,3.152364282727145,2.7892826300644837,6.227106225804446,2.449379483343572,4.578754572571139,False,0.22952418099838706,1.8675721593780756,-1.8675721593780756
BBSCABLES,2020-08-04,4.923599312423129,4.527152969676255,8.424908437519369,2.699706491100804,7.875457879037754,False,0.2917316691896604,-4.3689320323572,-5.987055003670267
BBSCABLES,2020-09-16,5.237315875191436,5.538255526788098,7.291666660087066,1.115260843334843,-0.3262642728033068,True,0.3608394459513562,-6.687402801812525,-10.419906694266608
BBSCABLES,2020-10-25,4.903677761331644,3.007362470043829,8.303249110354509,0.6859864064849388,-3.709949416195462,True,0.2805143852807843,-2.504173623448111,0.2671118520879949
BBSCABLES,2020-12-27,4.212454211862493,7.696860925530323,1.098901104892216,0.7031967467807826,0.0,True,0.5657255179732051,1.5817223188037584,-1.7574692280449884
BBSCABLES,2021-01-03,3.4671532865071653,2.1096075843377444,6.043956046618759,1.4274653384728908,0.36630037502817986,True,0.6214912282827051,1.7636684332843398,-3.7037037137860036
BBSCABLES,2021-01-12,9.861591701738865,4.208774130826691,7.509157526539171,1.84092544263853,5.667276044887427,True,0.9495614035635956,-13.858267716289351,-14.015748034995845
BBSCABLES,2021-06-01,6.934306573014344,8.1490602833373,4.761904774404763,19.25318140721071,0.36630037502817986,True,0.7147252748949222,13.139931732266827,8.703071671712832
BBSCABLES,2021-08-05,3.7500000030146468,3.5781815984479297,5.987055015517287,0.6564209810139234,3.225806457349123,True,0.7632450330593946,1.8072289087610216,7.981927717719997
BBSCABLES,2021-08-09,3.7650602473403585,5.425373300349076,8.252427184033014,0.9713133800852674,6.581059386838334,True,0.8770695365410222,-1.8867924655105852,3.7735848990182648
BBSCABLES,2021-08-22,4.420731694430459,3.144931513586479,9.30599370388022,1.9634516971740392,5.806451626784858,True,0.8564814811742865,0.729927008591565,1.60583942212041
BBSCABLES,2021-09-07,3.913043491529775,2.891639058132294,6.707317064050189,1.0904484835523185,7.812499996231686,True,0.9222003930134385,0.13947000187307046,8.647140854205677
BBSCABLES,2022-01-05,3.56506237958383,2.03853991293525,7.063197027618476,0.612904738111045,-4.753820039494591,False,0.2201030927442516,3.2702237532090397,5.679862319619264
BBSCABLES,2022-01-11,9.589041089733055,12.233845945512192,9.760589324013312,1.3812375471118898,0.6896551706658806,True,0.4329896906630619,-9.999999991796868,-4.06249999000244
BBSCABLES,2022-02-01,3.220338983925599,2.456134527492299,9.12280701243767,0.8150576720349111,4.056437388888886,True,0.3211340206792925,-1.806239741379313,-7.717569793103447
BBSCABLES,2022-04-06,5.23560209961349,8.35889078755315,3.3928571439620434,0.8386536512933345,5.330882349215709,False,0.29948453620296916,-4.975124382960812,-5.8043117685123224
BBSCABLES,2022-05-31,3.6496350465661553,2.2605524862298907,8.897485490951748,0.6397911917410747,-3.1802120064646804,False,0.18204997460200206,-2.464788744501344,-5.457746492477322
BBSCABLES,2022-08-28,3.881700554815652,4.747980530453276,4.580152680780552,1.7376043909251577,2.268430996262171,False,0.17535070130059974,-3.380782919279774,-0.7117437705132982
BBSCABLES,2022-10-02,9.927797837903531,7.781695438701068,7.765151505020008,1.0662227615747846,-3.986135181281892,True,0.34018036072937585,-12.972085379310345,-13.957307068965521
BBSCABLES,2024-07-03,3.1128404669260727,3.3613972737985884,7.258064516129036,1.0754757497177774,0.0,False,0.06772908366533863,2.6415094339622613,8.67924528301887
BBSCABLES,2024-07-04,3.0188679245283048,3.7559004216650966,8.87096774193548,1.3910348830996633,4.3307086614173285,False,0.09960159362549802,-3.2967032967033045,11.355311355311347
BBSCABLES,2025-01-21,5.357142857142849,5.05991533466035,6.666666666666675,0.7554278993697474,-4.545454545454549,False,0.35470941883767537,-11.299435028248588,-2.824858757062147
BBSCABLES,2025-05-26,10.000000000000002,7.591184937433638,7.352941176470589,0.8746561400094667,-12.5,False,0.4476744186046512,-4.545454545454552,-1.9480519480519525
BBSCABLES,2025-08-26,3.105590062111801,2.6069665237829005,7.741935483870963,0.6311662525343515,-3.012048192771084,True,0.515527950310559,30.12048192771084,15.06024096385542
BDAUTOCA,2019-09-03,3.8689121529358217,3.038513921054159,9.562710235463722,0.7278509383330268,-0.4531037607612144,False,0.2591737621192053,-7.668711656441718,-16.30148992112182
BDAUTOCA,2021-08-29,6.7255434782608745,3.8205003461477993,7.448275862068973,0.8972876311122576,7.523739956172376,True,0.5897832817337461,4.455760661998727,8.593252705283259
BDAUTOCA,2022-10-16,4.532577903682724,2.5029681027886976,9.177679882525698,0.8200544945572551,1.0014306151645045,True,0.5749999999999998,-7.723577235772362,-7.723577235772362
BDCOM,2019-03-07,4.5871559606797385,5.542478786803557,7.0287539865722515,0.8015001061427445,2.507836991629198,True,0.9020706084922934,-8.18713448933549,-13.450292394863189
BDCOM,2019-05-02,10.000000025042493,6.334876099617347,7.749077521486559,0.8844463335710303,-9.96784565868067,True,0.693970652074879,-0.9740259884394562,-3.2467532568549977
BDCOM,2019-10-03,3.7190082718461923,2.7866386853368095,6.722689076455521,0.8144923080170496,-5.468749991083894,False,0.3450971947392646,-9.561752990830277,-2.788844616505533
BDCOM,2019-12-05,2.7397260418793397,3.4080439995077922,8.056872018351463,1.2320928139304042,-2.870292856213651,False,0.2685898579368048,-5.3333333607733335,-5.777777815671115
BDCOM,2020-01-01,9.615384632713113,3.891584007834351,4.8543688857939085,0.7237938915629548,-6.726457410409928,False,0.2070657976867305,-14.912280716600304,-9.210526340603364
BDCOM,2020-07-26,4.046242742518114,4.062565085722343,4.1176470927759565,2.7606439183033245,1.7647059246980994,False,0.1946308726520651,17.777777773694446,14.444444483236115
BDCOM,2020-07-28,3.3898305264220046,7.553106361162549,7.647058877319209,2.903701015071506,4.1176470927759565,False,0.21476510131672,14.207650245570186,13.114754045028207
BDCOM,2020-07-29,7.103825122785093,5.473779803795899,9.411764737164349,3.4971546306431938,7.647058877319209,False,0.30201342331042524,8.163265273979578,11.224489779846925
BDCOM,2021-05-06,2.91262135180035,3.0712843308443354,8.500000003937497,1.7395861793264964,2.9999999921249914,False,0.46493506518051936,10.37735851439571,13.207547186632262
BDCOM,2021-05-09,3.3018868090401465,4.219625000385675,8.500000003937497,1.9298606798266604,5.47263682917501,False,0.5126623381404626,5.479452040345282,8.219178060517915
BDCOM,2021-06-07,4.444444433037029,2.5243517972262017,7.27272730309918,1.2621651802361227,7.655502425276442,True,0.5685185187120988,0.8510638276957823,8.085106385450421
BDCOM,2021-06-23,4.255319138478943,3.874942872762755,9.090909090909092,1.283104913747772,2.6200873296371086,True,0.6462962962902468,1.2244898144606473,6.122448986588928
BDCOM,2021-09-05,3.7174721095272254,2.9655470707097433,4.21455935583741,0.4921435170942258,3.461538473343194,True,0.8922182470303843,-3.225806462539021,-0.358422919374104
BDCOM,2021-09-06,3.2258064625390346,3.3935855107640966,7.662835229004274,0.731121085914795,3.7174721095272254,True,0.9541284409590944,-6.597222223614733,-5.208333338270405
BDCOM,2021-09-26,4.119850196397753,2.075652787493881,8.914728680750866,0.6712097979159967,0.3759398684705306,True,0.8623853219139802,5.035971209707062,-10.431654705333578
BDCOM,2021-10-10,4.285714274464286,4.489765576552463,7.547169791883235,1.3876988373293133,0.35842295700852905,True,0.9473684211980611,-14.726027414131416,-11.30136985254621
BDCOM,2022-08-17,2.84810126582278,4.770758762274012,7.5907590759075925,1.0571700430813336,-6.231454005934721,True,0.4133858267716536,0.3076923076923121,11.692307692307685
BDCOM,2022-09-06,4.204204204204222,2.3877077421708788,8.653846153846152,1.2076610223414903,5.047318611987375,True,0.5000000000000001,36.31123919308356,88.76080691642649
BDCOM,2023-01-10,4.687500000000011,2.636609847287779,8.356545961002785,0.5429823389279501,2.3999999999999964,True,0.3107638888888889,11.691542288557203,5.472636815920387
BDCOM,2023-05-09,3.787878787878788,2.9694560431259758,8.947368421052628,1.125099029232966,-4.347826086956514,True,0.2538461538461539,-4.8661800486618,-4.37956204379563
BDCOM,2023-05-10,2.6763990267639937,2.7808031130952484,9.473684210526319,1.359483757942453,0.2439024390243937,True,0.275,-6.872037914691956,-6.872037914691956
BDCOM,2023-05-31,5.154639175257732,2.023985674106402,5.774278215223086,0.7115482895239628,0.7792207792207718,False,0.24807692307692303,-9.558823529411761,-6.862745098039209
BDCOM,2023-09-21,9.971509971509972,10.62129100395883,6.470588235294127,0.7796733837819527,1.152737752161379,False,0.13958333333333336,-9.326424870466326,-6.476683937823833
BDCOM,2023-11-08,3.05555555555556,2.1781605028167648,7.780979827089324,0.7887284317085317,4.3478260869565215,False,0.30538922155688625,-7.816711590296492,-5.660377358490569
BDCOM,2024-01-11,3.7037037037036953,6.854679186712896,4.451038575667655,0.727866374368193,1.152737752161379,False,0.2699386503067484,-4.1208791208791204,1.6483516483516523
BDCOM,2024-02-05,3.714285714285706,2.238098922552208,8.579881656804751,0.8580040355993545,2.63929618768328,False,0.2774193548387095,1.1019283746556632,-2.2038567493112873
BDCOM,2024-02-07,3.333333333333341,2.9404487092055733,8.875739644970416,0.947871804501626,4.956268221574352,True,0.3354838709677421,-3.2258064516129106,-7.25806451612904
BDCOM,2024-06-27,3.937007874015748,2.537582406699523,8.438818565400844,0.8116251840892756,-1.5503875968992331,False,0.14754098360655732,1.893939393939394,0.7575757575757683
BDCOM,2025-02-06,3.448275862068969,7.436363073956741,4.932735426008959,0.7732116832537816,0.0,False,0.5896805896805897,10.416666666666668,2.9166666666666634
BDCOM,2025-06-16,9.72222222222221,17.344249365143774,9.75609756097561,0.48995362041200624,-2.7027027027026933,False,0.7292307692307692,-0.4219409282700332,2.5316455696202596
BDCOM,2025-08-18,2.5316455696202596,2.0020858120227922,7.391304347826084,0.7961553035725647,-2.066115702479339,True,0.7476923076923078,13.991769547325097,14.814814814814806
BDCOM,2025-08-20,5.327868852459019,12.102517370931329,8.260869565217385,1.039843081966621,1.2448132780082868,True,0.7907692307692308,27.626459143968862,7.392996108949425
BDCOM,2026-01-06,3.0651340996168472,2.7552250478477625,9.543568464730278,0.5896795944286177,0.3846153846153901,True,0.7685714285714286,-3.345724907063192,-5.576208178438662
BDCOM,2026-02-24,3.7593984962406015,4.134747286256514,8.76494023904382,0.9218245361292915,2.307692307692313,True,0.7885714285714286,-5.434782608695652,-0.36231884057971525
BDFINANCE,2019-01-06,6.493506491611395,5.122772390377217,9.294871834231953,1.0250339173057164,8.589743660541101,True,0.598841699494815,12.804878017866455,7.92682925241791
BDFINANCE,2019-05-05,3.8167938944392557,4.796428549940736,8.943089487337968,0.9631495639931259,-2.962962996254812,False,0.276159654368946,-1.470588169685985,2.941176504607263
BDFINANCE,2019-05-19,3.7037037037037077,2.176781838118307,9.523809545041571,1.4695334888447662,4.65116275423688,False,0.323624595546923,3.5714285714285747,-4.285714253611425
BDFINANCE,2019-05-27,3.6496350358977074,2.8739683036206487,9.302325508473777,0.8607789294463399,9.600000017977598,False,0.34735706613591166,-3.5211267600061524,-7.042253520012305
BDFINANCE,2019-11-28,8.602150537634392,2.976291499711368,8.88888888888887,0.8437271234110397,-12.264150943396217,False,0.10280373829616615,0.990099009901003,-2.9702970297029694
BDFINANCE,2020-08-03,2.531645569620261,4.825324314311256,2.531645569620261,32.8219047474287,0.0,False,0.15584415593512033,16.049382716049383,86.41975303093332
BDFINANCE,2020-08-04,7.407407407407404,8.549461060221462,3.7974683544303787,33.22013570672964,2.531645569620261,False,0.23376623390268045,13.793103448275868,86.20689657755403
BDFINANCE,2021-06-01,6.010928937692975,2.1291196319809482,9.226190469524171,0.8562847788948821,9.909909918799888,True,0.9362144419494168,14.69072167722659,29.896907230295454
BDFINANCE,2022-05-09,6.2499999834375,6.976141122148436,7.591623045874564,0.49184919442253755,-1.2345678928334054,False,0.28066037725,12.73411765448602,25.454117655324033
BDFINANCE,2022-10-06,2.72108843537414,9.41961114434886,6.349206349206342,4.979218304380822,0.0,False,0.28212643674638793,-2.6490066225165467,-2.6490066225165467
BDFINANCE,2022-10-19,3.401360544217687,4.540576083464263,6.349206349206342,6.840142389548521,0.0,True,0.33452145211662754,-3.289473684210526,-3.289473684210526
BDFINANCE,2025-02-06,9.73451327433628,8.472842860760906,8.181818181818185,1.3806236165994552,-3.4188034188034067,False,0.2811791383219955,0.8064516129032229,0.8064516129032229
BDLAMPS,2019-02-20,4.776785714115115,2.1057239458690673,6.663665013958275,0.6908364408269015,-0.2227171398792708,True,0.5171624714892643,-3.238176377818886,-3.3659991613680025
BDLAMPS,2021-05-16,3.68722183647727,2.1638458134477854,8.143322483517066,1.4094049584487578,9.846368720040823,True,0.4929577461463333,-2.3911710527749865,6.744328679359259
BDLAMPS,2021-08-29,3.782631906728362,2.1525831112984335,4.594594574116888,0.6748361088125702,3.0186608035270845,True,0.7111692847308722,27.77207388193123,21.509240239864813
BDLAMPS,2022-01-13,4.078549872381587,2.1705673773191823,8.333333375130206,0.7010713462604982,-6.8043172376068455,True,0.5132426627486295,34.20416058955283,47.65360427318058
BDLAMPS,2022-08-21,7.379798692568946,3.2323774416797675,9.702970313728466,0.994618116942269,-0.6296296111064477,True,0.5905319665630628,10.03123915696503,6.664352681175097
BDLAMPS,2023-04-02,4.850157728706618,5.42930259392333,2.2997620935765313,0.6274677049321303,-0.6269592476489007,True,0.28736604263143034,0.0,-5.152312899586307
BDLAMPS,2023-04-06,8.639143730886836,7.824319191827381,8.643933386201432,1.6882267073663382,2.067889192352716,True,0.41377663005499227,-5.242786769880358,-11.259676284306828
BDTHAI,2019-01-07,4.14746539994691,7.184965081622694,8.457711406074106,1.166028495516275,2.843601935989764,True,0.33289473671558434,-5.309734497141518,-9.734513275142923
BDTHAI,2019-05-02,6.395348805526632,2.6316026218985016,6.586826379067018,0.7498517137445074,-8.021390374626105,False,0.18015187243953937,-4.371584704682133,-4.918032799802907
BDTHAI,2019-08-22,4.794520545045975,3.268976980268802,7.194244631504586,0.8480797359959171,3.5460992669483353,False,0.24238153916280408,-11.111111066230936,-11.764705846712799
BDTHAI,2020-02-16,4.000000014831999,2.836666918859082,9.278350560565428,0.7974306618659371,3.0927835060303996,False,0.21192052985643606,0.0,-5.769230779896438
BDTHAI,2020-03-04,2.8301886205767155,3.007091638867726,9.803921595159542,1.4512555341947588,4.9504950880756935,False,0.2551724135795101,-3.669724728162624,-8.256880718686984
BDTHAI,2020-08-09,9.803921595159542,6.459166251473429,9.999999995880003,18.723926985369232,1.9999999971160076,True,0.3389830511019246,20.535714293104284,50.892857109191645
BDTHAI,2020-12-24,9.958506224066383,4.212399052814816,8.085106382978717,0.8804973513273977,-5.490196078431367,True,1.0,5.283018867924523,8.301886792452827
BDTHAI,2021-07-15,6.2992125984252025,2.632745235720862,9.504132231404961,0.626986300584069,-0.3921568627451036,True,0.7687991021332338,1.481481481481476,0.740740740740738
BDTHAI,2021-08-25,2.5641025641025617,2.5169290710961447,8.646616541353373,0.9199388987403937,3.802281368821293,True,0.813260813261458,2.142857142857148,-1.7857142857142856
BDTHAI,2021-09-07,5.281690140845071,3.383196120626987,7.434944237918216,0.9266965728230157,5.18518518518518,True,0.8825250421699599,-7.357859531772573,-4.347826086956513
BDTHAI,2021-09-29,5.072463768115937,2.028293815728917,5.947955390334577,0.5584395017408934,1.4705882352941255,True,0.8144770910801453,-3.4482758620689653,-8.620689655172415
BDTHAI,2022-01-05,9.900990099009901,3.809015676754865,8.421052631578956,0.6830893966053968,-1.4634146341463448,False,0.3103448275862068,0.9009009009008978,-1.3513513513513546
BDTHAI,2022-06-16,2.873563218390805,3.5028580097826243,8.09248554913294,1.2761316645680152,0.5780346820809125,False,0.09933774834437085,0.5586592178771029,1.1173184357542059
BDTHAI,2022-07-03,8.333333333333332,8.282063008796934,6.432748538011683,1.1932836691674056,0.5586592178771029,False,0.2052980132450332,-8.717948717948715,-10.769230769230777
BDTHAI,2022-08-08,2.8901734104046244,2.4072647727241274,6.626506024096372,0.9181316210768831,-7.486631016042773,False,0.0927152317880796,-0.5617977528089967,-2.2471910112359668
BDTHAI,2022-09-25,3.468208092485537,2.6377566019493024,9.999999999999996,0.6221465384450424,-2.2598870056497096,False,0.09933774834437085,-5.027932960893847,-5.027932960893847
BDTHAI,2023-03-06,5.22388059701492,12.292450735498196,6.2992125984252025,5.2422149889907965,-7.5862068965517215,False,0.16867469879518074,-9.219858156028362,-8.510638297872337
BDTHAI,2023-03-30,4.615384615384613,2.946817665511914,2.3437499999999916,0.7082287625104241,0.7751937984496096,False,0.11538461538461542,-5.882352941176463,7.352941176470589
BDTHAI,2023-04-25,9.774436090225555,7.634669341272158,4.687499999999997,0.7748944869015159,3.90625,False,0.27536231884057966,-4.109589041095888,-0.6849315068493127
BDTHAI,2024-12-02,5.825242718446598,2.7827701274287238,8.08080808080807,1.1862017565949294,4.040404040404043,False,0.0828220858895706,-2.752293577981658,12.84403669724771
BDTHAI,2025-01-14,9.322033898305081,3.495890898195164,9.565217391304346,1.1242572129642245,9.25925925925926,False,0.31617647058823534,2.325581395348829,17.054263565891468
BDTHAI,2025-02-03,4.477611940298504,2.088499656308083,9.523809523809533,0.9486629873356396,9.836065573770501,False,0.3431372549019608,7.142857142857142,8.571428571428566
BDTHAI,2025-03-16,4.458598726114645,3.00144506700624,8.843537414965992,0.7965911653521507,8.275862068965512,True,0.47126436781609193,-7.317073170731704,-18.902439024390233
BDTHAI,2025-08-19,4.799999999999997,3.3144318587546784,9.917355371900834,0.8030493187321088,-8.088235294117645,True,0.6208530805687204,4.580152671755722,3.0534351145038197
BDTHAI,2025-08-27,3.937007874015748,3.0401490253831405,9.917355371900834,1.335412891395309,-2.307692307692313,True,0.6255924170616113,2.2727272727272783,-3.0303030303030196
BDTHAI,2025-09-02,6.201550387596891,3.1304151142508725,9.677419354838705,1.6903722936082008,0.7812499999999972,True,0.7611111111111111,-1.459854014598535,-9.489051094890504
BDTHAI,2026-01-14,7.619047619047626,2.8127948027571557,8.653846153846157,0.40125867604084436,-11.016949152542379,False,0.6569767441860466,-6.194690265486734,0.8849557522123862
BDTHAIFOOD,2023-04-02,5.9829059829059865,4.157104030174102,3.1609195402298895,0.36050136948836964,-0.2840909090909131,False,0.16086956521739143,3.7634408602150495,1.8817204301075152
BDTHAIFOOD,2024-04-17,5.414012738853512,4.255509926670788,8.93470790378006,0.6347885667288926,1.2903225806451568,False,0.7769953051643192,3.3232628398791584,3.927492447129901
BDTHAIFOOD,2025-08-04,6.944444444444445,4.038530880027076,7.194244604316546,1.1503234551431172,3.597122302158273,True,0.5032679738562091,1.298701298701294,3.896103896103894
BDWELDING,2019-03-31,7.428571428571433,3.456300013075027,6.586826347305398,0.7416178889377216,-1.68539325842697,True,0.5327102803738318,-5.319148936170213,-0.5319148936170288
BDWELDING,2020-12-20,9.947643979057585,7.0437479010162685,8.333333333333332,1.0782013895800813,0.0,True,0.43434343434343425,-7.142857142857142,-15.238095238095234
BDWELDING,2022-01-05,4.761904761904765,2.1825323892504134,9.146341463414636,0.8895665475726616,0.0,False,0.25806451612903236,-2.2727272727272845,-2.2727272727272845
BDWELDING,2022-02-03,8.720930232558139,5.549493028916403,4.733727810650892,0.92450760937135,-2.2727272727272845,True,0.346774193548387,9.090909090909086,12.299465240641716
BDWELDING,2022-04-28,9.836065573770496,9.000356339577472,6.741573033707861,0.9971405697676776,-6.15384615384615,True,0.4596774193548388,-9.950248756218905,-0.4975124378109523
BDWELDING,2022-08-25,3.6199095022624306,14.855083015286226,0.0,0.07134029292356828,-1.3392857142857018,True,0.6454545454545453,20.524017467248925,33.62445414847163
BDWELDING,2022-08-28,9.170305676855902,11.799609340885224,5.882352941176458,1.5462277968865905,2.232142857142857,True,0.8363636363636363,7.200000000000002,23.599999999999994
BDWELDING,2023-01-23,5.577689243027883,4.964372182655901,6.374501992031864,1.0566748681829314,-6.691449814126384,True,0.5469613259668507,9.0566037735849,4.52830188679245
BDWELDING,2023-08-24,2.7149321266968225,2.867826152783429,3.6199095022624306,0.7567537648974356,-2.2123893805309733,False,0.04761904761904744,-1.7621145374449279,-2.6431718061673917
BDWELDING,2023-08-27,9.25110132158591,11.391892565390942,3.6199095022624306,0.9950559799710407,1.793721973094164,False,0.21428571428571422,-10.080645161290322,-10.887096774193546
BDWELDING,2023-11-23,4.484304932735426,6.817519437577476,8.597285067873296,19.350780077735493,0.9049773755656076,False,0.10810810810810803,-3.433476394849788,-5.150214592274675
BEACHHATCH,2020-12-20,4.225352112676067,2.980686933598757,9.489051094890517,1.0306743544523302,2.898550724637671,False,0.3763440860215054,-7.432432432432441,-8.108108108108116
BEACHHATCH,2021-05-06,9.401709401709414,2.605412527544566,5.982905982905992,2.185771262589159,-13.970588235294121,False,0.16129032258064516,1.5624999999999944,7.031249999999989
BEACHHATCH,2021-06-23,5.109489051094899,4.37429862152779,7.462686567164178,1.09404776257615,3.787878787878788,True,0.33333333333333326,18.750000000000007,44.44444444444445
BEACHHATCH,2023-02-02,7.926829268292688,7.883450288609067,8.23170731707318,24.750435134124054,-15.463917525773196,False,0.2804232804232803,7.344632768361587,6.214689265536731
BEACHHATCH,2023-04-10,9.86301369863014,7.570613273046927,5.2054794520547905,1.4665626596943042,-1.6172506738544514,False,0.4606060606060607,5.985037406483787,5.7356608478802915
BEACHHATCH,2023-06-01,8.551068883610455,2.7350300970110655,9.22330097087378,0.5988516260299914,-4.535147392290249,True,0.8000000000000002,-7.658643326039387,-3.9387308533916943
BEACHHATCH,2023-07-09,4.646017699115031,2.989131273983214,6.79156908665105,0.789714840943015,1.8018018018018116,True,0.8969696969696968,12.262156448202969,2.3255813953488405
BEACHHATCH,2023-09-05,5.921052631578938,2.80457058195567,7.709750566893421,0.7999818305953101,-5.785123966942144,True,0.6781115879828326,-9.316770186335404,-5.175983436853002
BEACHHATCH,2025-01-30,3.816793893129771,2.0760159504344484,8.10810810810811,1.5965331324448857,-0.9719222462202932,True,0.9278752436647174,13.340336134453784,14.915966386554624
BEACHHATCH,2025-02-02,4.306722689075624,5.562073068760404,8.10810810810811,1.7526056292294836,2.5862068965517304,True,0.9678362573099415,10.171198388721056,10.070493454179255
BEACHHATCH,2025-08-19,9.917355371900834,5.115447117961083,8.278867102396523,0.8955266195732271,-1.0224948875255624,False,0.42188739095955596,9.586466165413523,5.639097744360902
BEACONPHAR,2019-01-03,10.256410256410255,10.005200291460861,8.552631578947373,0.911777604118466,-4.8780487804877986,False,0.2857142857142857,9.302325581395356,8.720930232558139
BEACONPHAR,2019-05-16,3.1914893617021165,13.529828021812548,8.379888268156426,1.8366919210079236,8.670520231213873,True,0.6086956521739127,-2.0618556701030855,-3.0927835051546286
BEACONPHAR,2019-07-18,6.217616580310877,32.427226929931734,7.065217391304353,1.0075912792577575,2.116402116402128,True,0.8688524590163934,9.75609756097561,14.634146341463413
BEACONPHAR,2020-07-08,9.934853420195443,11.141565597906036,8.731466227347607,7.96026662672827,1.1532125205930737,True,1.0,7.851851851851848,16.148148148148156
BEACONPHAR,2021-10-04,4.08259033317692,2.0031151508263867,6.2378167641325595,0.8181576809735782,3.6478599221789887,True,0.92193968066233,-1.8034265103697025,-8.295761947700633
BEACONPHAR,2021-10-06,7.61861313868614,2.759644349529245,9.015594541910332,1.0071913893136002,2.573701450631727,True,0.9866511897852583,-6.697753285290382,-13.734633319203054
BEACONPHAR,2021-11-28,2.9385171790235085,2.541571369339004,8.32558139534884,0.8613751896587146,5.383515959980935,True,0.8836701256144183,4.391743522178305,7.992973210364522
BEACONPHAR,2021-12-02,2.769093345243407,5.033163844838642,7.023255813953486,1.0475683872368373,9.166260360799615,True,0.8967777170944838,2.520643198609305,5.302042590178191
BEACONPHAR,2022-03-31,3.432588916459877,4.176526276175007,7.777777777777778,0.9993916567602632,7.850133809099029,True,0.9112038140643621,14.554178328668534,4.398240703718524
BEACONPHAR,2023-01-23,4.646395626921771,4.082463507040786,7.960741548527799,2.2210327059724273,1.0355540214014498,True,0.5153717160424819,-1.5344433561867412,-0.5876591576885444
BEACONPHAR,2024-12-15,8.213378492802713,3.097420325299237,9.409751924721984,0.6539988329080082,-11.069277108433747,False,0.44236760124610597,3.3646322378716724,2.7386541471048624
BEACONPHAR,2025-07-08,5.660377358490567,5.99194273657429,8.900000000000006,1.378973231475515,0.9523809523809524,False,0.6627218934911243,4.375000000000005,0.7142857142857117
BEACONPHAR,2026-02-15,3.4579439252336472,2.554034321003772,6.647116324535676,1.6018851475827784,3.1822565091610384,False,0.7505084745762712,-4.0650406504065035,-7.949412827461605
BENGALWTL,2019-08-06,8.936170212765964,11.187344505880537,7.45614035087719,1.243285694392712,-12.313432835820898,False,0.1576763485477179,3.90625,-9.375000000000009
BENGALWTL,2020-02-04,4.999999999999992,2.501039603944789,9.467455621301784,1.4166208761571213,2.857142857142857,False,0.1576354679802955,8.994708994709011,14.81481481481482
BENGALWTL,2020-08-06,4.624277456647403,6.606820288319267,5.294117647058815,4.211035765023079,1.7647058823529453,False,0.22000000000000006,1.6574585635358958,8.287292817679557
BENGALWTL,2020-09-02,9.729729729729733,4.991708090315789,9.550561797752804,0.7248854553323456,6.321839080459779,True,0.3793103448275862,-0.4926108374384306,-8.866995073891628
BENGALWTL,2021-01-05,3.468208092485537,3.472201519125021,2.35294117647058,0.9126267468904352,1.7647058823529453,False,0.34831460674157283,-2.234636871508372,-1.117318435754186
BENGALWTL,2021-01-07,7.821229050279342,6.197526645947795,9.41176470588236,1.3235020716916657,5.294117647058815,True,0.50561797752809,-8.80829015544041,-10.362694300518134
BENGALWTL,2021-01-28,6.976744186046507,5.344952692190209,9.999999999999996,0.48766089424521575,1.17647058823529,True,0.41860465116279055,-7.0652173913043335,-7.0652173913043335
BENGALWTL,2021-05-31,4.069767441860462,2.7778791732787207,9.523809523809511,1.4044342641147292,5.521472392638028,True,0.36046511627906963,18.99441340782124,38.54748603351957
BENGALWTL,2022-06-16,3.539823008849545,2.350143006657515,9.589041095890419,0.9311505421767825,4.62962962962963,False,0.42038216560509545,1.282051282051285,-1.28205128205127
BENGALWTL,2022-06-28,4.845814977973575,3.2879425022478665,8.219178082191785,0.8332034638033552,0.0,True,0.34090909090909094,0.0,-10.504201680672269
BENGALWTL,2022-07-05,3.448275862068969,3.280376521861809,9.502262443438903,1.0738323965128496,0.8695652173913012,True,0.32539682539682546,-6.25,-4.583333333333339
BENGALWTL,2022-08-07,5.6768558951965105,6.758535463939147,8.920187793427223,0.6712697974250263,-4.583333333333339,True,0.3140495867768595,0.41322314049587366,3.305785123966945
BENGALWTL,2023-05-09,4.166666666666672,2.06394680131452,8.730158730158728,0.7123432209894291,-6.382978723404258,False,0.31390134529147984,-2.181818181818187,1.0909090909090935
BENGALWTL,2023-06-04,9.961685823754781,5.361853996399228,5.405405405405414,0.8423480490503927,0.7722007722007832,False,0.3441860465116279,-6.968641114982578,-4.8780487804878
BENGALWTL,2023-07-19,9.811320754716986,5.9837116807357855,9.411764705882348,0.8917915306555864,0.37878787878788417,True,0.3627906976744187,-9.621993127147768,-18.900343642611684
BENGALWTL,2023-10-05,5.579399141630905,5.590395220363583,6.578947368421052,0.6802494366875808,-5.668016194331979,False,0.1333333333333334,-2.845528455284564,1.6260162601625958
BENGALWTL,2023-11-02,3.333333333333336,2.169687054504297,7.826086956521743,0.7854257840102038,4.3478260869565215,False,0.14285714285714288,0.40322580645160433,1.2096774193548416
BENGALWTL,2025-01-23,5.74712643678161,3.1967276167045013,7.692307692307697,0.9888358481163282,-1.1363636363636525,False,0.6814814814814815,-3.26086956521738,1.086956521739146
BENGALWTL,2025-02-11,5.142857142857134,4.018847222402414,7.05882352941176,0.9830980274751869,2.941176470588235,False,0.6814814814814815,4.347826086956526,-3.26086956521738
BENGALWTL,2025-03-16,9.497206703910631,5.615107825418503,9.770114942528753,0.5799556451439012,-1.1049723756906233,True,0.7567567567567568,-6.632653061224493,-10.71428571428572
BENGALWTL,2025-08-11,3.589743589743586,2.233381743444026,8.888888888888896,0.9362974967975572,5.978260869565226,True,0.8244897959183674,-3.465346534653462,9.405940594059418
BENGALWTL,2026-02-26,3.2967032967033045,2.9911515157640474,9.03954802259888,1.6868551396019948,7.05882352941176,True,0.831858407079646,-4.255319148936174,-3.7234042553191453
BESTHLDNG,2025-07-03,2.614379084967311,2.3188628698378726,6.206896551724141,1.0501618611159103,2.684563758389264,False,0.47432024169184284,7.643312101910824,4.458598726114645
BESTHLDNG,2025-07-09,3.8461538461538445,2.7052330382458756,9.655172413793107,1.1924352346381504,5.405405405405398,False,0.48942598187311176,4.320987654320983,0.0
BESTHLDNG,2025-07-17,4.968944099378864,5.636939713129986,9.333333333333323,1.511915526521129,3.870967741935493,False,0.5105740181268882,-4.142011834319523,-5.9171597633136
BESTHLDNG,2025-08-18,6.289308176100618,3.7697883923215856,7.6923076923077,0.6314329934461982,-5.9171597633136,False,0.5168195718654434,4.142011834319543,8.284023668639067
BESTHLDNG,2026-02-10,6.722689075630243,3.2936572216638726,5.263157894736839,0.6091972713620993,5.309734513274333,False,0.1818181818181817,6.2992125984252025,5.511811023622056
BEXIMCO,2019-05-19,3.1963470319634832,2.4909552014236236,6.04651162790698,1.154234740839353,5.288461538461528,False,0.21038251360372087,-2.6548672566371745,-5.309734513274349
BEXIMCO,2019-08-22,9.78260869565218,5.872364168897144,6.2857142857142945,0.5651825100720991,-3.6649214659686007,False,0.40848806371465357,-7.920792079207911,-11.881188118811876
BEXIMCO,2020-01-02,7.142857142857142,2.5661445117128716,8.396946564885493,0.6837102053899596,-6.040268456375841,False,0.14843750000000003,-12.000000000000005,-6.666666666666667
BEXIMCO,2020-08-03,6.716417910447764,4.44668792361795,3.8461538461538463,1.0897908864726058,3.0769230769230793,False,0.2608695652173913,60.83916083916083,96.5034965034965
BEXIMCO,2022-01-19,5.274115197779316,2.0355241493965117,8.741258741258742,1.1255649707264166,-7.1520618556701,True,0.7480862908837856,-0.725115359261697,-0.5932762030322857
BEXIMCO,2022-01-20,5.735003295978918,2.5673517460976925,8.741258741258742,1.207108257308014,-2.880921895006402,True,0.8086290883785665,-5.798004987531178,-5.922693266832917
BEXIMCO,2022-06-19,2.67459138187221,2.4146495468103666,6.766325727773402,0.9314303714227703,1.8925056775170326,False,0.5184108527131781,-4.992764109985512,-12.373371924746742
BEXIMCO,2022-07-05,2.786377708978346,2.2476982246892145,8.307453416149059,0.6820009642471052,-3.5820895522388145,False,0.453373015873016,-12.198795180722904,-3.6897590361445824
BEXIMCO,2022-08-02,3.7910699241786014,2.3446712658879414,9.72346119536129,0.9993029588749792,-8.551617873651777,False,0.34843907351460224,-2.4350649350649354,0.32467532467531773
BEXIMCO,2022-09-08,6.275140788415122,2.752700191786806,8.248299319727893,1.1780824555966387,-1.0350318471337558,False,0.3285198555956678,1.8168054504163558,-2.2710068130204393
BGIC,2019-05-26,4.864864864864858,2.4889327098801397,9.999999999999996,0.5721240262459216,8.187134502923968,True,0.326315789473684,20.61855670103093,22.680412371134036
BGIC,2021-12-22,2.8225806451612874,2.0457088658471845,7.916666666666661,0.7033576333251266,-3.1250000000000027,True,0.5583596214511042,4.901960784313726,-0.7843137254901933
BIFC,2022-09-15,9.473684210526319,5.672798972444811,0.0,0.05343166242028831,-21.48760330578512,True,0.6000000000000001,3.8461538461538494,1.9230769230769162
BIFC,2022-09-18,9.615384615384615,3.1818310816284514,9.473684210526319,0.6069553938793619,-12.605042016806722,True,0.7250000000000001,3.5087719298245648,-14.912280701754394
BNICL,2019-11-19,3.809523809523813,4.060313971369975,9.278350515463922,0.7532535331072743,-3.6697247706422047,True,0.4842767295597485,6.8807339449541285,13.302752293577974
BNICL,2022-10-13,8.245614035087725,2.0760115088232944,8.994708994708985,0.4842778380009377,-1.7241379310344827,False,0.06617647058823535,-4.213938411669369,3.2414910858995136
BNICL,2023-01-15,7.705479452054795,4.47738130443294,3.8800705467372056,0.9877398926440162,-0.3412969283276499,False,0.09236453201970445,-0.6359300476947514,-8.10810810810811
BNICL,2023-05-18,2.758620689655175,8.611583694947484,4.585537918871243,17.05888101178529,2.2927689594356213,True,0.12280701754385975,-4.194630872483222,-4.865771812080535
BNICL,2023-05-28,5.0675675675675675,4.337190657265353,7.936507936507936,18.704536959216533,4.409171075837742,True,0.21518987341772164,-8.842443729903536,-8.842443729903536
BNICL,2023-09-12,2.753872633390708,3.6393272697182386,7.583774250440911,7.624415331712555,2.4691358024691334,True,0.22900763358778636,2.345058626465659,-2.1775544388609784
BNICL,2023-09-13,6.867671691792284,11.148936438569793,7.583774250440911,7.98826970191125,5.291005291005291,True,0.5419847328244273,-5.172413793103444,-5.642633228840117
BNICL,2025-04-20,3.266331658291468,4.359441599988057,6.299212598425193,0.9993928040349006,1.5306122448979447,False,0.7980582524271845,-2.919708029197087,-4.8661800486618
BNICL,2025-04-27,5.412371134020623,2.8609124905596026,9.114583333333334,1.6807665551618514,-3.000000000000007,False,0.7941747572815534,-3.911980440097803,-13.447432762836186
BNICL,2025-07-21,2.5380710659898478,3.1175151289775087,9.45945945945946,2.0817560678544793,4.509283819628636,True,0.7844660194174757,2.4752475247524752,-0.9900990099009866
BNICL,2025-08-20,6.750000000000007,2.987293948949416,7.416879795396415,0.5509015753332414,-0.9900990099009866,True,0.829126213592233,5.854800936768149,1.639344262295072
BNICL,2026-01-04,3.579418344519002,2.0712029548685305,8.19672131147541,0.6147862705985299,2.522935779816517,True,0.9096267190569745,15.118790496760258,19.654427645788342
BPML,2020-08-03,4.250000000000007,3.1724341169796584,2.7568922305764447,1.9495081307253173,0.2506265664160437,False,0.15090090090090094,3.8369304556354775,10.071942446043154
BPML,2020-08-09,3.6319612590799037,3.4665305562780184,5.764411027568933,2.7481185924961964,3.5087719298245577,False,0.1756756756756756,0.9345794392523498,15.654205607476642
BPML,2020-08-12,5.88235294117647,3.1949252935992294,9.022556390977448,2.6914201493906966,3.911980440097803,False,0.2252252252252252,-3.999999999999994,7.111111111111118
BPML,2020-08-31,6.392694063926951,4.378761734893425,4.90654205607477,0.9460225136113918,9.77443609022556,True,0.26126126126126126,4.93562231759656,0.429184549356214
BPML,2020-12-21,2.5,2.2855191671646256,4.499999999999993,1.2127614103335937,0.2506265664160437,False,0.2857142857142857,4.634146341463411,6.585365853658544
BPML,2020-12-27,3.1553398058252355,3.295426649301489,4.761904761904758,1.3664050670335866,3.2581453634085324,False,0.35714285714285715,7.0588235294117645,2.1176470588235263
BPML,2020-12-29,4.418604651162787,3.042964591132328,8.771929824561404,1.5738249089923233,7.5,True,0.47142857142857136,3.786191536748336,-6.236080178173713
BPML,2021-03-08,4.337349397590354,4.235278847691362,6.7669172932330905,1.0405203411895887,-4.157043879907615,True,0.3952380952380951,-6.004618937644329,-6.466512702078515
BPML,2021-05-12,2.722772277227726,3.1237388311776537,4.511278195488733,2.1390169417316036,1.2531328320802007,False,0.37356321839080464,-0.7228915662650535,6.987951807228912
BPML,2021-05-16,2.6506024096385574,2.844849892977899,5.263157894736846,2.349088534973712,4.010025062656646,True,0.45238095238095255,-2.8169014084507107,3.5211267605633805
BPML,2021-05-25,4.197530864197538,3.276546116709094,7.26817042606516,2.394471748679123,-1.2195121951219512,False,0.4285714285714288,5.687203791469191,3.3175355450236927
BPML,2021-06-09,3.132530120481921,2.0549995871938234,6.500000000000003,1.2469603249172816,3.75,True,0.24369747899159655,5.607476635514033,5.607476635514033
BPML,2021-06-10,5.607476635514033,3.339827874262815,7.750000000000004,1.3692142428743168,6.999999999999992,True,0.4453781512605046,-0.22123893805310046,0.0
BPML,2021-08-09,5.3304904051172715,2.7836505474464124,5.032822757111591,1.0124233541786625,7.322654462242554,True,0.7983193277310925,6.882591093117406,7.692307692307701
BPML,2021-08-22,4.928131416837779,2.902843358851609,9.267241379310354,1.60909247558074,7.7433628318584065,True,0.9411764705882356,6.457925636007822,1.76125244618395
BPML,2022-06-19,2.8301886792452833,2.4642773132471407,6.249999999999992,0.9935055712787703,4.125736738703343,True,0.43437500000000007,1.834862385321101,-5.5045871559633035
BPML,2022-07-03,2.7777777777777777,2.3216865539835863,6.923076923076926,1.028727424739243,2.46679316888045,True,0.439344262295082,-7.207207207207207,-7.207207207207207
BPML,2022-08-25,4.255319148936162,4.075079440808721,7.862903225806448,1.2204953324378367,3.4000000000000057,True,0.38688524590163936,22.8200371057514,66.79035250463824
BPML,2023-05-29,2.722772277227726,2.2471792051644517,9.49197860962568,0.7805849599095024,2.1491782553729495,True,0.44516129032258067,-4.939759036144571,-2.168674698795177
BPML,2024-01-08,5.149501661129558,3.8331921842706076,4.7297297297297245,0.8416239260306912,-4.140127388535023,False,0.13475177304964528,15.639810426540294,11.216429699842037
BPML,2024-01-10,3.536977491961419,2.9687953393182567,7.601351351351352,1.2105660831293534,0.8103727714748784,False,0.1607565011820332,8.229813664596268,17.857142857142854
BPML,2024-01-11,8.850931677018616,9.780528755019459,9.628378378378383,1.4587933958917185,3.7037037037037104,False,0.2955082742316783,-2.7104136947218143,9.415121255349513
BPML,2025-02-24,9.824561403508774,7.92770693828049,7.490636704119851,1.446853167519739,1.0638297872340452,False,0.39223057644110276,15.974440894568678,31.309904153354633
BPML,2025-07-20,2.9069767441860463,3.21613735950655,7.97546012269939,1.6469770589244632,6.17283950617284,True,0.5673076923076923,-5.932203389830513,-0.28248587570621875
BPPL,2022-08-29,3.703703703703708,3.241428551606563,3.7542662116040884,1.257321512999532,0.0,False,0.0798479087452472,-3.896103896103894,-2.5974025974025996
BPPL,2022-09-22,8.873720136518763,4.805185866615264,6.484641638225251,0.8158750016845066,-0.6779661016949128,False,0.12167300380228134,-8.15047021943573,-8.15047021943573
BPPL,2025-01-21,6.4516129032258025,3.1106710254487933,8.695652173913052,1.2492072228581668,-9.70873786407767,False,0.33788395904436863,-3.0303030303030374,8.08080808080807
BPPL,2025-03-18,5.607476635514033,2.586904011970624,8.490566037735853,0.4736813139885867,0.0,False,0.551219512195122,-3.5398230088495604,-6.194690265486734
BPPL,2025-05-04,9.803921568627452,2.6866393310553183,8.910891089108915,1.0227665579988439,-4.672897196261683,False,0.6153846153846154,33.0357142857143,38.39285714285715
BPPL,2025-07-09,6.040268456375841,2.929363096485868,6.164383561643838,0.7576555443354801,-3.8709677419354813,True,0.8876404494382023,-1.8987341772151944,-8.860759493670887
BPPL,2026-01-21,3.4482758620689653,2.1797572602217614,9.629629629629635,1.0777209018723966,-2.0270270270270316,True,0.8426966292134831,3.9999999999999973,5.3333333333333375
BRACBANK,2019-02-25,5.05050505143359,3.4288947585569756,5.209656926481497,0.5237032284426604,-4.693140794698249,True,0.934248141980972,-0.48076923231179325,-7.0913461474305075
BRACBANK,2019-03-14,5.2318668273868765,4.679537983572496,6.218905462162436,1.2356235614687836,4.732254047228457,True,0.9882757744987997,-10.282485880710261,-26.32768361657833
BRACBANK,2019-09-16,2.5906735623164816,2.0944951991402054,9.838998221420365,1.1383581161464336,-6.612903226942833,False,0.12429378535140208,3.5353535469086053,1.1784511823028734
BRACBANK,2019-09-23,4.18060202026159,2.4159121073472765,7.871198572794952,1.2113416288225678,-1.8062397430323809,False,0.20621468955892475,-1.6051364415991909,-8.186195832679019
BRACBANK,2020-08-09,2.8213166051026497,106.10980707354345,0.0,5.118717073192547,0.0,False,0.20251256263957104,10.060975611854452,35.36585367112676
BRACBANK,2020-08-12,5.015673976421599,18.199883855592912,8.777429485275796,17.350538664309017,0.0,False,0.22141959785599205,7.761194027034524,31.343283581083753
BRACBANK,2020-08-13,4.776119398660165,11.119046919677617,8.777429485275796,18.10388443819958,5.015673976421599,False,0.2646356782200075,7.9772079944322725,28.49002850560366
BRACBANK,2020-11-05,2.8103044669208512,2.411045838530297,9.873417717178329,0.8410702836938698,5.693069306999857,True,0.5615870787678692,3.872437361496551,4.783599072438914
BRACBANK,2021-11-11,9.932279894533224,2.729005501855332,8.333333335407039,1.0183697133563574,-5.543710018243004,True,0.7523452156122732,7.597535945305882,14.168377821278282
BRACBANK,2022-06-07,2.663438256658599,2.1290860311820325,6.015037593984959,1.665312735768746,-9.825327510917031,False,0.1444310089648772,-8.490566037735853,-5.424528301886785
BRACBANK,2024-07-04,4.899135446685866,4.797655643030723,5.438066465256789,1.4404530539216942,2.9673590504451037,False,0.8387096774193549,4.3956043956043995,28.84615384615385
BRACBANK,2026-01-04,3.5658914728682127,2.6749361939470937,4.451510333863282,0.7979400484982301,-2.272727272727273,True,0.8413098236775818,4.34131736526947,13.772455089820365
BRACBANK,2026-01-07,2.735562310030391,2.33168287579444,6.836248012718609,1.1670780466394093,0.15220700152206135,True,0.8513853904282115,3.550295857988174,11.686390532544388
BRACBANK,2026-01-18,4.18535127055306,5.083489519409763,5.426356589147287,1.258427738955422,3.4003091190108234,True,0.8778337531486146,9.038737446197986,16.92969870875179
BSC,2019-04-18,9.83606557377048,10.399271011732184,6.205250596658715,0.4808677105723664,-0.6976744186046445,True,0.6382978723404253,7.0362473347548065,5.5437100213219646
BSC,2019-06-11,3.6960985626283307,2.1670825420300144,4.852320675105495,0.43906011084313434,-2.98804780876494,True,0.8297872340425531,2.178217821782181,-4.9504950495049505
BSC,2019-07-24,5.252525252525255,2.7675181915753115,8.823529411764696,0.7514992678060944,-2.7504911591355574,True,0.9148936170212766,7.485604606525909,0.7677543186180396
BSC,2020-01-05,3.0303030303030405,2.3698225103158514,7.196029776674953,0.5327177188844473,-7.343412526997837,False,0.27346938775510216,-0.6787330316742178,18.099547511312217
BSC,2020-07-21,9.04392764857881,7.232686841084769,7.853403141361256,12.213837471889596,1.3089005235602091,False,0.32653061224489804,5.213270142180084,10.900473933649275
BSC,2020-12-17,4.499999999999993,2.9758365944307603,6.7708333333333375,1.0129798564925077,3.896103896103896,False,0.41255605381165905,12.679425837320585,12.918660287081355
BSC,2020-12-24,7.598039215686278,4.039725040225561,7.868020304568532,1.1306335727629229,6.806282722513074,True,0.506726457399103,3.1890660592255093,1.1389521640091116
BSC,2021-02-28,3.225806451612914,2.777343653285738,7.142857142857135,0.577399747451764,-5.39906103286386,False,0.44554455445544566,1.6826923076922975,0.24038461538461878
BSC,2021-03-02,4.066985645933022,3.094056685770613,8.860759493670885,0.8899570218266654,-2.5641025641025674,True,0.5396039603960396,-0.4597701149425352,-7.356321839080467
BSC,2021-05-09,3.9900249376558636,2.990124748525848,4.0609137055837605,1.6063340654254514,-1.9559902200488928,False,0.47894736842105273,1.1990407673860912,3.3573141486810516
BSC,2021-05-30,3.3175355450236927,3.769305084976392,5.609756097560969,1.85674373249902,3.940886699507393,True,0.5789473684210527,-2.0642201834862353,0.9174311926605472
BSC,2021-06-17,9.280742459396752,7.533942413368435,5.7279236276849606,0.9776617343212572,0.7009345794392623,True,0.6641791044776119,-4.246284501061571,-3.1847133757961785
BSC,2021-07-26,3.7280701754385874,2.739060092920273,7.432432432432442,0.7772560266900791,-3.1847133757961785,True,0.6791044776119399,0.42283298097252187,3.3826638477801296
BSC,2021-08-05,2.77185501066099,3.0193524520785,6.458797327394207,1.261449609929905,7.816091954022985,True,0.746268656716418,5.809128630705388,6.431535269709531
BSC,2021-08-23,5.590062111801249,6.103645473252609,7.43099787685775,1.5781318887039515,7.333333333333327,True,0.9552238805970148,0.5882352941176415,-2.5490196078431318
BSC,2021-10-03,7.00389105058366,5.157600820727522,6.8041237113402,0.5800838501625952,2.799999999999997,True,0.9767441860465117,-8.54545454545455,-12.909090909090912
BSC,2021-12-08,3.556485355648542,3.7117431584370624,7.865168539325842,0.7558205606964593,5.752212389380517,True,0.5231481481481481,-0.20202020202020488,111.3131313131313
BSC,2022-04-20,9.46073793755913,3.856716194199786,7.072691552062871,0.6571916269223648,-3.734061930783237,True,0.6575809199318569,0.5185825410544462,-2.333621434745033
BSC,2022-06-19,3.8793103448275863,2.834750927387326,6.573181419807186,0.8492045008188132,-0.5998286203941755,True,0.6905594405594405,-4.48132780082988,-11.20331950207469
BSC,2022-08-02,4.395604395604393,2.515093550657017,7.183908045977011,0.8122666776379415,-6.905370843989765,True,0.6262265834076717,8.771929824561402,18.070175438596486
BSC,2023-01-10,4.344048653344918,4.022511857640883,7.94824399260628,0.8936938068244906,-0.7758620689655221,False,0.49999999999999994,10.074937552039962,21.48209825145713
BSC,2023-05-07,4.71698113207546,2.405894263461268,5.012126111560229,1.0088775848640097,-0.15698587127158778,True,0.44101123595505604,3.5285285285285415,-3.678678678678662
BSC,2023-08-01,3.8174273858921115,3.3380956879535453,3.996598639455785,1.1476483863079454,-2.270884022708838,False,0.3017492711370261,-12.949640287769776,-8.713029576338922
BSC,2023-10-05,9.04007455731594,11.671650985373262,7.009345794392523,0.7838292685341837,-7.579672695951764,False,0.15151515151515152,-5.555555555555555,-5.470085470085475
BSC,2024-01-11,6.635514018691584,9.960525762986526,0.5607476635513965,0.3138719518376572,-0.8341056533827671,False,0.1753086419753085,3.5056967572304996,7.361963190184054
BSC,2024-01-15,4.042179261862925,7.395733093910534,9.345794392523365,1.8652050509618654,5.565862708719852,True,0.2814814814814816,-2.7871621621621716,11.993243243243233
BSC,2024-07-03,4.203323558162266,2.597361195675899,9.081527347781213,1.4263286003338498,-0.48638132295719844,False,0.34198113207547165,-4.502814258911818,-13.320825515947456
BSC,2024-07-04,2.626641651031906,2.9231563988274196,8.629441624365482,1.5937521009604398,2.7965284474445435,False,0.4080188679245285,-9.506398537477152,-7.129798903107871
BSC,2025-02-13,3.7339556592765493,4.356762832023197,7.617896009673515,0.8778290741107991,-1.494252873563215,False,0.6609665427509294,-2.587176602924647,-5.961754780652431
BSC,2025-03-23,3.008423586040915,3.8083895039373123,2.9055690072639297,0.5447230578900527,-3.707995365005797,False,0.6903225806451613,15.654205607476642,7.009345794392524
BSC,2025-03-24,2.9205607476635516,4.2658215983848455,5.326876513317198,0.8600496474091189,-2.6166097838452913,False,0.7191836734693877,6.356413166855855,4.426787741203185
BSC,2025-04-06,4.645760743321719,4.229034572753914,8.716707021791771,1.3222779835479004,-0.5773672055427251,False,0.7373158756137479,5.549389567147614,4.106548279689238
BSC,2025-07-07,2.5498891352549857,2.094423945053955,7.55813953488372,0.9391936178574631,4.519119351100818,True,0.8281110116383169,7.027027027027027,29.18918918918919
BSC,2025-07-20,6.984126984126979,4.236974816419573,6.577480490523959,1.5728131897727728,5.8230683090705515,True,0.9051029543419874,17.012858555885266,19.090009891196846
BSC,2025-12-23,3.1481481481481532,4.575007085793344,6.037000973709837,1.3907916856374087,3.44827586206896,True,0.8771653543307087,-1.3464991023339317,0.5385996409335676
BSC,2026-02-15,4.286964129483819,2.8880631786645687,4.619565217391299,1.4072191360776887,5.151793928242865,True,0.9385826771653544,-5.201342281879197,-7.550335570469799
BSCCL,2019-11-07,3.581526861451472,2.250534553412347,7.565470417070816,0.6648151218866276,-13.38775510204082,False,0.3448598130841122,-0.36396724294813987,-14.831665150136498
BSCCL,2020-06-29,3.082614056720099,3.2920519553872434,4.7680412371134056,1.2217192941549848,3.4438775510203934,False,0.16574585635359118,13.875598086124413,14.354066985645932
BSCCL,2020-06-30,3.7081339712918764,3.7365052952372144,8.24742268041238,1.4379303443590998,2.955665024630531,False,0.19429097605893195,9.919261822376003,11.418685121107258
BSCCL,2020-09-20,5.286671630677583,2.1760692504264214,9.2,0.8858751737144764,1.1295180722891565,True,0.9546599496221663,-8.84016973125884,1.272984441301261
BSCCL,2020-12-01,4.3641835966892275,2.4129361042982205,8.729540140296171,0.8241517496490143,-4.0433212996389845,True,0.8421658986175113,3.028118240807511,19.7548666186013
BSCCL,2020-12-21,4.492753623188397,2.027651709772131,9.803921568627452,1.1957302112904047,2.9850746268656714,True,0.9055299539170505,14.979195561719852,17.545076282940368
BSCCL,2021-03-15,8.224852071005921,5.817861402953089,7.43285446595878,1.067727088742426,1.9300361881785213,True,0.9452054794520549,-10.661563696008749,-10.224166211044295
BSCCL,2021-05-11,2.564102564102571,2.0201280690834413,5.060240963855425,1.233412489696329,5.009392611145899,True,0.8573730862207898,5.9302325581395285,-0.46511627906977404
BSCCL,2021-05-24,8.298999411418478,4.158387818636343,8.433734939759036,1.6007773758338852,-0.1762632197414706,True,0.9540692989524577,-5.706521739130435,-7.5543478260869605
BSCCL,2021-09-05,9.634015069967694,5.206312798542918,5.2957746478873275,0.9676345010416453,3.2795997776542554,True,0.992974238875878,3.6818851251840945,9.47471772214041
BSCCL,2021-12-02,7.022318998366906,2.5503479069531014,6.6285714285714255,0.593058810029328,-9.774066797642439,True,0.6341689879294335,-6.612410986775179,6.307222787385558
BSCCL,2021-12-29,8.818897637795281,9.885949717835599,4.945054945054945,0.5282772022839811,6.128133704735376,True,0.7224371373307544,7.718282682103232,10.660877954655087
BSCCL,2022-03-29,4.454022988505739,2.4065752533552454,5.012406947890816,0.7444821896690114,1.2609117361784785,True,0.6554545454545454,-3.43878954607978,2.8427326914259594
BSCCL,2022-04-19,5.873856523832459,9.929494407752394,5.6695992179863115,0.9798089096742906,1.416015624999989,True,0.6718181818181819,1.4097316962255544,-3.3196907685311556
BSCCL,2022-07-03,2.601551802829766,4.621967071973288,6.220095693779904,0.6643434181786292,2.0493712156497463,True,0.6434285714285716,-3.647686832740221,0.0
BSCCL,2022-07-20,3.785780240073877,2.5965417577128074,5.221445221445216,0.8323819069901385,0.463821892393321,True,0.6388888888888891,-0.845195729537369,-1.3345195729537365
BSCCL,2022-09-06,2.700348432055757,6.123329475154469,6.860517946388003,2.6984504859764895,3.0058322117541447,True,0.7506172839506174,-0.12722646310433053,-6.106870229007636
BSCCL,2022-09-19,4.109589041095883,2.0383194876893542,7.815989280928987,1.9181940926937735,3.0979498861047885,True,0.7481481481481481,-4.668930390492361,-7.088285229202032
BSRMLTD,2019-01-01,3.3248081841432153,2.392248106393622,5.423280423280435,1.1006644930228215,-3.575832305795304,False,0.15277777794100197,5.198019801980202,-1.9801980198019733
BSRMLTD,2020-02-12,5.273833671399598,2.7788480753243405,6.041666666666664,1.0763308873283146,8.830022075055188,False,0.1770334928229665,32.94797687861272,15.992292870905597
BSRMLTD,2020-08-06,9.138840070298775,5.081176118177139,8.037383177570089,2.5255275808141273,6.355140186915885,True,0.606896551724138,9.66183574879226,8.051529790660213
BSRMLTD,2020-11-17,5.415162454873646,2.795372308210064,7.734806629834259,1.3681257188194333,-5.136986301369864,True,0.47118644067796606,-6.8493150684931505,0.8561643835616438
BSRMLTD,2020-12-02,3.8602941176470615,4.2986588526992,8.550185873605951,1.0869827318982082,-3.202846975088976,False,0.4067796610169492,4.778761061946907,12.03539823008849
BSRMLTD,2020-12-24,8.376068376068375,2.8606606896141447,8.391608391608386,1.2232162859064095,6.557377049180331,True,0.6406779661016949,1.7350157728706648,14.826498422712934
BSRMLTD,2021-04-29,3.1019202363367713,5.1900453438807865,8.57142857142858,0.9650466524192215,5.781250000000004,True,0.6735905044510385,12.60744985673352,10.744985673352437
BSRMLTD,2021-08-02,2.8089887640449436,2.1571096780469614,10.0,0.6447679039515639,2.181400688863382,True,0.8463251670378618,8.306010928961742,10.382513661202186
BSRMLTD,2021-08-09,3.1763417305586046,3.4813965545172594,8.720930232558139,0.9980539404027045,6.534422403733949,True,0.9064587973273942,2.8662420382165634,8.91719745222929
BSRMLTD,2022-01-10,4.705882352941174,4.476095791883505,9.426229508196725,1.7135645951914498,-8.02524797114518,True,0.7427325581395349,2.7153558052434508,0.6554307116104895
BSRMLTD,2022-01-17,4.838709677419349,3.0630737470029805,9.418837675350709,2.1050688290781503,0.4766444232602478,True,0.7965116279069767,-3.167420814479638,-3.167420814479638
BSRMLTD,2022-03-28,2.735849056603779,2.6709079022925737,7.42913000977518,0.8544877959621138,1.9230769230769231,True,0.7732558139534884,1.0101010101010048,-1.4692378328742044
BSRMLTD,2024-11-13,3.8718291054739535,2.359086506968887,8.309859154929585,1.7781245942891797,-3.229974160206718,False,0.7409523809523809,0.8997429305912633,-2.9562982005141354
BSRMLTD,2025-04-29,6.104651162790702,2.4273134210145395,9.635036496350356,2.597186484212897,-5.753424657534251,False,0.6952380952380952,-3.8356164383561606,-2.4657534246575303
BSRMLTD,2025-08-03,9.090909090909102,7.823727664512923,5.749999999999993,1.4408547745591946,9.281045751633979,True,0.8685714285714285,-2.8508771929824652,-0.8771929824561372
BSRMSTEEL,2020-02-13,6.5573770491803245,3.8313599822433084,3.932584269662917,0.6044306054496958,1.9498607242339914,False,0.11147540983606555,2.564102564102564,-10.256410256410255
BSRMSTEEL,2020-08-03,4.70588235294118,8.059969597779316,2.6785714285714244,1.4034121360048861,1.1904761904761862,False,0.16027874564459935,8.426966292134832,10.112359550561802
BSRMSTEEL,2020-08-06,8.077994428969355,5.170545735483095,8.035714285714272,2.459398038058331,6.845238095238086,False,0.27857142857142847,5.9278350515464036,5.6701030927835125
BSRMSTEEL,2020-09-14,5.896805896805893,4.566926041674592,6.41025641025641,0.8142964691015895,0.7425742574257531,True,0.4384057971014493,-2.784222737819032,-7.424593967517408
BSRMSTEEL,2020-12-24,4.370179948586126,2.7841237734958626,7.751937984496124,0.8166349208973477,2.368421052631575,True,0.4800000000000001,13.054187192118219,20.443349753694573
BSRMSTEEL,2020-12-27,7.881773399014767,3.554820258409105,7.751937984496124,1.0486763761824691,7.124010554089717,True,0.6399999999999999,13.242009132420101,9.36073059360731
BSRMSTEEL,2021-05-27,4.49897750511248,2.0056342013640305,7.916666666666661,1.6000821059305657,9.395973154362405,True,0.7882352941176471,5.28375733855185,9.980430528375736
BSRMSTEEL,2021-07-25,4.370629370629371,3.143194088566656,5.415162454873646,0.6031295247807409,-3.378378378378378,True,0.855737704918033,6.030150753768834,10.217755443886087
BSRMSTEEL,2021-12-02,8.541973490427093,2.770097667820943,9.580838323353301,0.8595834400091176,2.259036144578313,True,0.8065934065934066,-1.8995929443690713,-3.1207598371777436
BSRMSTEEL,2022-01-10,3.8356164383561606,4.346035466498325,6.456241032998565,0.6921721696420452,0.5509641873278316,True,0.8470319634703195,1.8469656992084509,0.1319261213720429
BSRMSTEEL,2025-04-29,3.5433070866141816,2.8906045922966266,5.599999999999994,1.2214432719623294,0.19723865877710908,False,0.7712609970674487,-3.041825095057037,-2.0912547528517136
BSRMSTEEL,2026-01-19,2.7777777777777652,3.7426766525561708,8.903020667726553,1.8115491526896954,8.917197452229313,True,0.9249999999999999,4.2674253200568995,3.556187766714083
BSRMSTEEL,2026-02-15,4.489795918367343,3.7565853359118857,8.45481049562684,1.2911202304679714,9.050445103857557,True,0.9974025974025974,-5.468750000000004,-9.50520833333333
BXPHARMA,2021-08-24,2.9290853031860316,4.138184192827515,5.945366898768089,1.4449616095769304,6.923076923076919,True,0.8862942898056311,7.788317523714425,22.965551672491262
BXPHARMA,2022-08-02,3.8900067069081232,2.3553101455820906,8.031272210376697,1.8246740556159657,-3.5575679172056924,False,0.12380122057541425,1.1620400258231005,9.360877985797288
BXPHARMA,2022-08-23,2.7095148078134916,2.224634409025848,8.938172043010741,1.0488540052297852,8.1799591002045,False,0.19442022667829126,3.803680981595085,13.926380368098151
BXPHARMA,2022-09-07,7.801418439716324,5.618782987593274,9.306683322923178,1.0391487135457012,5.749999999999993,True,0.36355710549258946,0.0,-6.907894736842102
BXPHARMA,2022-11-30,4.163868368032229,2.9571323445857693,3.625170998632019,0.4600662583477515,-0.20107238605896982,False,0.17122473246135556,-4.577691811734361,-5.7382333978078695
BXPHARMA,2023-01-15,3.0075187969924655,4.295734019606767,1.6415868673050658,1.051088124325465,-1.148648648648641,False,0.14064697609001403,-2.6542800265428004,-2.986065029860651
BXPHARMA,2023-01-17,3.422818791946305,3.306925775997204,3.556771545827645,1.619715597314667,0.880162491536907,False,0.18846694796061886,-5.12654120700844,-5.12654120700844
BXPHARMA,2023-02-08,3.009575923392617,3.8374773073178514,2.5991792065663555,0.6338800468141405,-0.47651463580668274,False,0.15890850722311403,-2.9216467463479456,-2.9216467463479456
BXPHARMA,2024-05-05,5.0675675675675675,2.575007534718264,7.06713780918728,0.7328183161041177,3.3158813263525406,False,0.39779005524861905,-7.234726688102894,-13.183279742765277
BXPHARMA,2024-06-26,5.308056872037909,4.973022330051827,8.14889336016096,0.8979570197436925,-3.4766697163769416,False,0.24999999999999986,8.550855085508552,-4.320432043204319
BXPHARMA,2025-03-20,5.060240963855425,4.217180996297377,7.051282051282051,1.2930609475021875,8.355091383812018,True,0.6459259259259259,16.857798165137616,4.701834862385314
BXPHARMA,2025-07-07,6.7816091954023054,3.7711534453324576,9.494451294697907,1.0915862635105253,3.08056872037914,True,0.731496062992126,7.9655543595263625,24.973089343379964
BXPHARMA,2026-01-18,5.904761904761908,3.5242722665046093,9.246231155778897,1.2554571096649254,-4.458598726114655,True,0.6046128500823725,3.417266187050357,11.780575539568341
CAPITECGBF,2024-12-04,4.3956043956043995,3.208609785056398,9.302325581395356,0.7248777397290864,-2.1505376344086136,False,0.5397727272727272,-8.421052631578956,-12.631578947368412
CAPITECGBF,2025-03-19,2.739726027397263,2.155373442323711,8.571428571428566,0.4485818231218922,0.0,False,0.4261363636363636,0.0,-3.9999999999999973
CAPITECGBF,2025-05-04,4.225352112676067,2.4809976167289256,7.246376811594203,0.6907081394363929,0.0,False,0.4204545454545454,-1.3513513513513586,-6.756756756756756
CAPITECGBF,2025-05-05,5.405405405405398,4.932452163882603,8.695652173913038,0.8966052684533304,4.225352112676067,False,0.4431818181818181,-7.692307692307689,-11.538461538461533
CAPITECGBF,2025-10-09,4.054054054054052,2.6857652555113445,7.042253521126761,0.48910712003119566,-5.1282051282051215,True,0.7196261682242991,10.389610389610388,-2.5974025974025996
CAPITECGBF,2026-01-19,2.941176470588238,2.5209662109941573,7.575757575757576,0.8147234885669103,-2.85714285714286,False,0.7526881720430108,-2.85714285714286,0.0
CAPITECGBF,2026-01-25,2.898550724637671,2.6751885870731784,9.090909090909099,1.0731573297584953,1.4705882352941255,False,0.7634408602150536,-1.4084507042253471,-1.4084507042253471
CAPITECGBF,2026-02-15,2.8169014084507067,3.019056067408971,5.970149253731335,1.1217324951826046,5.970149253731335,True,0.7849462365591398,-6.8493150684931505,-10.958904109589039
CAPMBDBLMF,2021-11-18,3.960396039603964,2.441336651599379,7.070707070707064,1.1785204191439616,-10.61946902654868,True,0.4,-4.761904761904762,-7.619047619047626
CAPMBDBLMF,2021-11-21,4.761904761904762,2.709727152413649,7.070707070707064,1.3692355780269931,-6.249999999999994,True,0.45882352941176474,-6.363636363636357,-11.818181818181825
CAPMBDBLMF,2022-03-06,4.1666666666666705,11.514830950632835,6.382978723404251,0.866684864384468,-2.040816326530623,False,0.34117647058823536,0.0,11.999999999999993
CAPMBDBLMF,2022-04-03,8.910891089108915,9.276651084157162,6.122448979591832,0.5042541088330184,5.208333333333334,True,0.45882352941176474,-9.090909090909092,-9.999999999999996
CAPMBDBLMF,2022-07-27,2.9411764705882426,2.0178813873850525,9.18367346938774,0.5456109806177721,0.9900990099009866,True,0.24999999999999994,-2.857142857142864,-3.809523809523813
CAPMBDBLMF,2023-12-20,7.920792079207928,9.706925915264659,3.030303030303019,2.752525247245749,2.0202020202020132,True,0.6470588235294118,-9.174311926605503,-13.761467889908257
CAPMIBBLMF,2019-06-11,2.5974025974025996,2.368155992121489,6.944444444444445,0.9412821006337471,0.0,False,0.17241379310344832,2.531645569620244,32.91139240506328
CAPMIBBLMF,2019-06-24,5.405405405405398,6.743480906277957,8.219178082191789,1.817755554276836,-2.631578947368412,False,0.1551724137931034,33.33333333333334,46.15384615384616
CAPMIBBLMF,2019-06-25,3.8461538461538445,6.724383295213929,9.589041095890414,2.1267458891631987,2.631578947368424,False,0.20689655172413784,29.629629629629633,41.97530864197532
CAPMIBBLMF,2021-11-21,3.703703703703719,3.4075263619682077,8.571428571428571,0.9077800912785158,4.419889502762415,False,0.4215686274509805,-9.183673469387758,-12.755102040816327
CAPMIBBLMF,2022-01-03,5.9171597633136095,4.27736564232289,7.407407407407403,0.673274545596511,-2.873563218390805,False,0.2663043478260869,-9.497206703910612,-15.642458100558654
CAPMIBBLMF,2023-04-09,6.999999999999992,3.6704727192114963,3.030303030303019,0.6624766965479821,-9.909909909909906,False,0.11428571428571416,-6.542056074766349,-6.542056074766349
CAPMIBBLMF,2023-05-18,3.921568627450984,4.747123801210915,5.05050505050505,0.54540287998796,1.9999999999999927,False,0.09999999999999992,48.113207547169814,18.867924528301888
CAPMIBBLMF,2023-05-21,9.433962264150944,7.370199518911022,8.08080808080807,0.9620476994750546,4.9504950495049505,False,0.24285714285714283,27.586206896551737,12.931034482758621
CAPMIBBLMF,2023-07-09,9.352517985611502,3.249658621196787,5.18518518518518,0.4606968516207114,-3.4722222222222223,True,0.7464788732394365,-4.605263157894733,-21.71052631578947
CAPMIBBLMF,2023-10-18,7.070707070707064,6.436581538330022,5.05050505050505,0.859935590237983,-9.999999999999996,False,0.09859154929577456,5.660377358490563,0.0
CAPMIBBLMF,2023-10-26,9.090909090909093,5.714281423569526,9.090909090909093,1.354496698068609,-9.174311926605503,False,0.12676056338028174,1.8518518518518452,-1.8518518518518614
CAPMIBBLMF,2023-12-05,9.433962264150944,6.105923571572119,10.0,0.35249850578497,-4.504504504504505,True,0.23943661971830976,19.82758620689656,9.482758620689651
CAPMIBBLMF,2024-04-16,7.339449541284393,6.645558068033619,8.82352941176471,0.6058479196702018,-5.217391304347823,False,0.25352112676056326,-11.965811965811953,-4.273504273504273
CAPMIBBLMF,2025-09-04,7.594936708860754,3.918525726342545,7.999999999999995,0.9857316851615234,-8.139534883720923,True,0.7798165137614679,2.35294117647058,-1.17647058823529
CENTRALINS,2019-11-12,6.481481473186737,4.145057419847446,9.004739332629555,0.7235256540197221,0.4651162999999947,True,0.5661764708032818,0.8695652096691899,8.695652143431001
CENTRALINS,2020-02-10,5.306122469396084,4.149784286960661,7.4380165072655515,0.7828040928848998,-0.8097166354882128,True,0.7720588235352239,5.426356583333339,-11.627906958333334
CENTRALINS,2020-02-11,2.7131782916666696,7.668167471094177,6.557377035457549,1.158456655500358,8.403361362756872,True,0.8235294117182095,1.8867924566571739,-8.301886801178359
CENTRALINS,2022-02-06,3.653846153846151,2.14104086244485,4.466019417475723,0.6082674889250586,-7.8014184397163095,False,0.33292199206110995,-7.977736549165115,-18.36734693877551
CENTRALINS,2022-03-24,2.6258205689277805,3.0705670252591655,9.48081264108353,0.8948399917587553,-8.41683366733466,False,0.1744966442953019,0.0,-1.4925373134328268
CENTRALINS,2022-03-30,6.823027718550113,5.0251004328734705,6.997742663656889,1.1803959894137415,2.6258205689277805,False,0.28187919463087246,-9.580838323353301,-1.996007984031936
CENTRALINS,2022-08-25,3.1830238726790334,2.180973934301709,6.182795698924723,1.245506863237387,1.3440860215053763,False,0.0805369127516778,0.25706940874036355,-4.113110539845763
CENTRALINS,2022-08-28,2.570694087403599,2.412823538272287,6.182795698924723,1.3680052740134585,5.1351351351351315,False,0.11409395973154358,-3.5087719298245577,-6.766917293233073
CENTRALINS,2022-08-31,5.6847545219638125,5.855817657058166,8.333333333333318,1.7663600192149822,5.73770491803279,False,0.14765100671140935,-6.601466992665027,-8.557457212713937
CENTRALINS,2023-10-22,2.551020408163265,3.3507964088438813,6.666666666666667,0.3389202778638752,-8.19672131147541,True,0.4871794871794873,-1.9900497512437916,-6.467661691542291
CENTRALINS,2024-01-18,3.4120734908136408,7.21018727503459,6.284153005464472,1.5247659290253568,2.6954177897574123,True,0.3761467889908256,30.456852791878177,27.918781725888326
CENTRALINS,2025-04-20,3.3846153846153886,2.3910448358880423,9.627329192546567,0.6119505590032183,-9.470752089136486,False,0.5291338582677165,-13.392857142857142,-17.857142857142858
CENTRALPHL,2019-05-02,8.148148148148145,4.044409796130927,7.031249999999989,0.7832416613493581,-6.250000000000003,True,0.5860759497271271,-10.958904109589039,-12.328767123287664
CENTRALPHL,2020-02-11,9.41176470588236,3.6991694974479135,5.952380952380952,0.8326627146001655,-8.602150537634417,False,0.2500000000000001,23.655913978494613,50.53763440860214
CENTRALPHL,2020-08-09,8.799999999999997,3.280235616392313,7.500000000000003,0.6780337980736999,-4.580152671755722,True,0.6363636363636362,-1.4705882352941124,7.352941176470589
CENTRALPHL,2020-12-15,5.833333333333327,5.401162397436962,9.999999999999993,16.021039220914744,0.0,True,0.5545454545454545,-4.724409448818895,-1.5748031496062938
CENTRALPHL,2020-12-17,4.72440944881891,6.655092814046634,9.999999999999993,16.557651807749917,5.833333333333327,True,0.6090909090909091,0.0,-8.270676691729333
CENTRALPHL,2021-05-09,3.7037037037036904,2.665605981795623,8.653846153846157,1.7153181596857987,-9.999999999999993,False,0.1794871794871793,0.8928571428571557,8.035714285714288
CENTRALPHL,2021-06-10,7.758620689655175,4.264325867201147,9.090909090909092,1.2952418441105749,9.433962264150944,True,0.3906250000000001,6.400000000000006,22.400000000000006
CENTRALPHL,2022-01-19,9.352517985611502,8.986907831371013,9.022556390977437,1.1900538051056315,5.303030303030312,True,0.3909774436090225,-3.947368421052629,10.526315789473696
CENTRALPHL,2022-06-28,3.0769230769230793,2.0439182506769376,7.874015748031496,0.9194337001701584,-2.255639097744366,False,0.17499999999999996,-1.4925373134328437,-8.955223880597023
CENTRALPHL,2022-08-23,8.799999999999997,9.389661221641155,4.838709677419352,1.2915871761634379,-1.5748031496062938,False,0.1801801801801802,-2.2058823529411686,2.205882352941182
CENTRALPHL,2023-01-17,9.909909909909906,11.36658487496107,5.4545454545454515,21.121445410335816,-10.483870967741941,False,0.1791044776119402,-8.196721311475411,-13.934426229508192
CENTRALPHL,2023-04-25,5.9999999999999964,10.03294887000815,0.9999999999999963,0.3595436742698917,0.0,False,0.13999999999999985,3.7735849056603805,4.716981132075472
CENTRALPHL,2023-05-02,4.0000000000000036,2.7438987576781835,6.999999999999992,1.9573074552212564,0.0,False,0.1,5.769230769230766,5.769230769230766
CENTRALPHL,2023-05-07,8.571428571428575,12.320395235795097,6.999999999999992,2.5035476910716357,3.960396039603964,False,0.3,-1.75438596491229,-4.385964912280701
CENTRALPHL,2023-06-18,9.821428571428585,7.091086387759639,6.481481481481474,1.084846044652284,-1.75438596491229,True,0.4800000000000001,-1.62601626016261,19.512195121951205
CENTRALPHL,2023-08-30,9.401709401709414,3.6695768509957882,8.849557522123893,0.6190902474862702,-4.878048780487816,True,0.4264705882352942,-7.031250000000003,-13.281250000000009
CENTRALPHL,2025-05-28,4.040404040404043,3.7584371463313944,5.10204081632653,0.6987305872846539,-4.8076923076923075,False,0.44396551724137934,-3.883495145631071,1.941747572815527
CENTRALPHL,2026-02-03,4.761904761904765,3.050408458505987,5.000000000000004,1.0772247104651793,-3.4482758620689538,False,0.5534591194968553,1.1363636363636322,-6.818181818181834
CITYBANK,2019-01-06,3.6363636512024766,4.704810950822086,9.254267768102727,1.5817699955005158,-7.451923081414467,False,0.08755646034243035,3.5087719021929766,-0.3508772150877164
CITYBANK,2019-01-23,5.1369863019240265,3.5324703304560483,5.653710228028361,1.2315440662007489,6.089965404547107,False,0.19306822352943326,-7.817589569653925,-14.657980457530046
CITYBANK,2019-05-28,4.115226354452462,2.268177100864634,9.821428612862725,0.9905634231853631,9.954751117677768,False,0.3888888891484228,2.7667984066078546,2.371541511388032
CITYBANK,2019-08-07,2.996254694241055,4.7640337681396225,9.600000040823991,1.17283474836329,0.3759398289226287,True,0.5338983050979423,-8.727272719931408,-16.727272709622316
CITYBANK,2019-09-23,2.620087294797961,4.624050660095318,8.888888871388879,0.6746640534255011,-14.869888450043875,False,0.27024482091632346,-8.93617017554776,-9.78723400897126
CITYBANK,2019-11-26,4.522613053096829,4.912153784084347,7.106598952507779,1.0779910514396382,-7.870370373155391,False,0.11111111152777767,-3.3653846003677934,-5.769230792165547
CITYBANK,2020-01-01,5.102040837850763,2.375089830924874,5.699481857356918,0.4864496261453765,-5.769230792165547,False,0.10655737697775286,-17.47572816814437,-7.281553398614957
CITYBANK,2020-07-08,2.99401195232887,4.787288765849381,3.70370371990741,5.333034059409184,3.086419803047841,False,0.1791044775198402,-5.813953512329296,3.4883721073975824
CITYBANK,2020-08-09,7.87878787401516,4.793290703595069,4.3209877096836395,1.226760188294973,-1.197604795078266,False,0.22388059712018277,18.53932581697189,24.15730336743111
CITYBANK,2020-12-10,3.937007890494216,3.878633198782334,7.983193284192719,1.3976999571687694,3.6734693787026247,True,0.9747899163500989,-3.787878803132531,0.0
CITYBANK,2021-01-05,4.296874994772901,4.445686007276288,7.499999980312502,1.0325382126599,6.224066391465155,True,0.8947368416845566,17.228464447644456,10.861423244503007
CITYBANK,2021-05-05,7.692307692307682,3.0903062969017507,4.867256647960883,0.7194963914279819,1.9502074794554163,True,0.6202127661091803,3.174603169642862,2.7777777678571485
CITYBANK,2021-08-03,2.5735294023369963,2.1789235468064816,6.08365018003008,0.8240910707960936,4.615384630029586,True,0.7525862071956098,1.7921146774193468,1.7921146774193468
CITYBANK,2021-08-17,3.9855072559762927,3.6874957964258983,5.639097773616369,1.3370250689929917,3.7593985016465057,True,0.8008620691896645,-1.7421602613999259,2.0905923215196167
CITYBANK,2021-11-21,3.436426120691184,7.040517336445384,9.328358200497044,1.0608099540752634,3.19148936127773,True,0.8155339814414648,-5.9800664441893625,-10.299003337159638
CITYBANK,2022-04-10,4.780876509202235,4.543807438560944,6.425702847353265,0.9585501032272509,-3.461538461704885,False,0.516853932797311,6.844106463227753,-2.8992395529563444
CITYBANK,2022-08-03,3.587443946188344,4.900798723545317,5.529953917050688,0.9000913106754649,-2.6200873362445325,False,0.2545454545454549,-4.761904761904768,-0.43290043290043906
CITYBANK,2024-03-28,4.16666666666666,5.500555455258817,7.843137254901968,0.8532663776660833,2.3696682464454977,True,0.7727272727272727,0.0,-16.888888888888893
CITYBANK,2024-07-08,4.63917525773197,2.0084482697275683,8.888888888888896,1.4527466505835698,8.988764044943807,False,0.871244635193133,0.0,21.182266009852217
CITYBANK,2024-08-06,5.583756345177672,9.78286820291202,5.641025641025648,1.226582877058037,6.486486486486482,True,0.8927038626609443,10.576923076923073,13.461538461538463
CITYBANK,2025-07-07,5.445544554455452,3.6589669413083112,5.729166666666674,1.1702629440037835,9.189189189189186,False,0.7977528089887641,1.8779342723004626,19.2488262910798
CITYBANK,2026-01-04,2.8340080971659893,2.918813392203463,5.485232067510552,1.6867580958731352,3.347280334728037,True,0.910394265232975,1.1811023622047274,3.1496062992126013
CITYBANK,2026-01-07,2.777777777777775,2.489439772309538,7.112970711297084,2.026212369773214,5.439330543933058,True,0.9283154121863799,-0.3861003861003779,1.158301158301161
CITYBANK,2026-02-15,8.51851851851852,6.334543973042308,6.274509803921574,1.048942220367376,7.569721115537842,True,0.9865319865319866,8.873720136518763,7.8498293515358375
CITYGENINS,2019-05-19,8.196721311475411,2.8557056875936095,9.401709401709414,0.8707363067287135,-9.629629629629635,False,0.15126050420168058,35.6060606060606,47.727272727272734
CITYGENINS,2019-10-16,3.4146341463414602,2.5366594172640013,8.376963350785328,0.6960132594897533,3.01507537688443,True,0.8235294117647057,-3.7735849056603805,-1.886792452830182
CITYGENINS,2020-07-27,4.964539007092206,2.1464232924457973,8.088235294117645,2.18792698551695,7.633587786259542,False,0.2537313432835821,31.081081081081063,18.918918918918923
CITYGENINS,2021-07-27,2.8277634961439624,3.8351584500559146,7.837837837837834,0.6131461509935378,-3.473945409429277,True,0.8396226415094339,-1.25,23.75
CITYGENINS,2022-10-13,3.422053231939158,2.2896143120950696,1.9011406844106464,0.4094411148770455,-5.054151624548731,False,0.11504424778761052,-1.8382352941176472,-1.8382352941176472
CITYGENINS,2022-10-30,3.370786516853941,6.147387359590383,5.323193916349804,0.7709197868748383,0.7547169811320728,False,0.14354066985645933,-4.347826086956532,-4.347826086956532
CITYGENINS,2022-11-01,3.0188679245283048,2.7790443392843773,6.8441064638783295,1.230961024646655,0.7604562737642558,False,0.12918660287081338,-3.2967032967033045,-3.6630036630036633
CITYGENINS,2022-11-02,9.157509157509157,9.783446125140465,6.8441064638783295,1.4136889774442518,3.802281368821293,False,0.24880382775119617,-8.724832214765105,-11.74496644295302
CITYGENINS,2023-01-15,5.747126436781609,5.510130970958086,6.7460317460317425,1.4506966154526384,-0.7604562737642558,False,0.15384615384615385,18.478260869565222,7.608695652173905
CITYGENINS,2023-07-12,6.437768240343347,2.54705092443372,9.933774834437086,0.4969095651799531,3.325942350332594,True,0.9838709677419355,0.0,-1.6129032258064602
CITYGENINS,2023-09-26,2.8747433264887032,4.525972715056375,8.865979381443292,2.415954603023825,1.2474012474012501,True,0.9021739130434784,-0.19960079840319644,0.5988023952095751
CITYGENINS,2026-01-21,3.004807692307692,2.094286156419492,2.8048780487804845,0.6608051786321576,4.0000000000000036,True,0.9771949828962372,-0.7001166861143623,-0.35005834305717287
CLICL,2025-03-11,5.336426914153126,3.2873463799813365,6.28019323671498,0.38563906174176915,2.6190476190476226,True,0.7707979626485568,2.2026431718061676,10.572687224669613
CNATEX,2022-01-09,6.329113924050632,6.292274870124768,9.459459459459449,1.1885900761040362,2.5974025974025996,True,0.891891891891892,0.0,-3.5714285714285796
CNATEX,2022-02-15,5.952380952380952,3.5126807081784763,7.594936708860754,0.8102168576366499,1.2048192771084292,True,0.9594594594594597,10.112359550561802,14.606741573033696
CNATEX,2022-08-14,4.8076923076923075,4.10378279542696,8.000000000000007,1.3575219508054999,1.960784313725501,True,0.8947368421052633,-4.587155963302751,-6.422018348623864
CNATEX,2023-06-22,2.9411764705882426,13.355456658028922,1.960784313725501,93.86651195912948,0.0,True,0.7222222222222222,5.714285714285711,10.476190476190473
CNATEX,2023-06-26,6.542056074766365,6.968846522462787,5.882352941176485,95.2551367284178,4.901960784313726,True,0.9459459459459462,3.5087719298245648,0.8771929824561372
CNATEX,2023-09-05,7.766990291262125,7.436953666500026,2.9411764705882426,0.4363097100304968,-6.363636363636357,True,0.6956521739130433,-8.10810810810811,-8.10810810810811
CONFIDCEM,2019-03-31,5.854800946241409,5.0893450170903565,9.647651007487351,1.30703314458935,-8.630527824414909,False,0.4305195992311802,-2.654867237929755,-3.0235988506983964
CONFIDCEM,2019-06-13,4.481132050327909,4.2817794755891,7.361455789660154,1.296714576015583,-0.8573655267881843,False,0.39655423904030906,-4.66516180311153,-9.480812616364933
CONFIDCEM,2019-09-26,3.5198556299732764,3.6307389687586937,9.165902856990911,0.638873697057565,-8.656224218695309,False,0.14586373364817976,-4.097646052731079,-5.66695729797001
CONFIDCEM,2020-07-30,4.101562500693943,4.453446079376763,8.247422683107407,5.421578488384881,5.567010305130355,True,0.41941747572275145,16.041275816971527,11.913696084874811
CONFIDCEM,2020-09-16,4.095004102695056,3.6439956209336652,5.57461405512462,0.8180231741761264,-1.2934519303070424,True,0.886315789103293,-11.093627026333523,-12.667191186607715
CONFIDCEM,2020-12-07,3.966789650426413,3.707979963452119,6.153846130360952,1.023771030285988,0.0,True,0.5831578941524256,3.90417035954438,12.15616686133829
CONFIDCEM,2020-12-24,2.822925598150582,2.289729020813764,9.300184169802762,1.9661578714353403,6.757990836859514,True,0.7410526312510682,7.820299503884259,0.16638935504954439
CONFIDCEM,2021-05-03,2.9300566576824068,4.392582426720155,6.498545131457323,1.7842189523755447,2.4201355673031957,True,0.5643269233475128,5.8769513368976405,21.028466476725676
CONFIDCEM,2021-05-20,3.8161318390126797,4.361059835140224,7.438016516176026,1.8712248457273077,7.75700934148397,True,0.7824038469576642,8.103592280701758,15.288220526315799
CONFIDCEM,2021-08-16,5.122807053170823,4.307289173704094,5.018181761811567,1.1790298614733907,6.422703518749576,True,0.9487764585207122,-1.068090840871956,3.738317732771416
CONFIDCEM,2021-12-30,4.0102389298652295,4.131624818833483,5.971479422738716,0.803946978317921,3.078276134158545,False,0.3424068769444935,1.3945857095408307,0.08203445856923834
CONFIDCEM,2022-02-03,4.85197366816217,6.088025470791783,5.139005979418286,0.9128949828336432,0.9966777031986408,False,0.4226361028115635,-5.098039224728944,-11.529411767418686
CONFIDCEM,2022-08-31,9.480122337775523,7.818606912528064,5.408271477171744,1.0698656103122206,7.330415753628832,False,0.2094240839675105,-3.91061453437002,-7.541899455650573
CONFIDCEM,2025-04-09,10.0,10.275935891497355,7.272727272727275,1.4306217321828485,-6.5420560747663545,False,0.6131549609810479,-6.727272727272733,-9.090909090909092
CONFIDCEM,2025-07-07,3.124999999999989,2.738358501295255,9.473684210526317,1.695065010312949,7.563025210084036,False,0.588628762541806,3.219696969696975,10.416666666666668
CONFIDCEM,2026-01-25,3.7698412698412667,4.04048716737613,7.8512396694214965,1.5256614935974384,3.067484662576687,False,0.7805970149253731,16.061185468451256,25.04780114722755
CONTININS,2020-07-08,3.278688527524856,5.035212499114419,5.464480839426676,0.840840752220622,-3.1746031773544945,True,0.7619047620801588,4.99999996822222,28.33333330733333
CONTININS,2020-07-19,2.6595744217406034,4.270003762615974,6.557377055049712,2.558941240690584,2.7322404495494066,True,0.7777777776814816,25.12953373313807,32.74611401092088
CONTININS,2020-07-21,7.720207286925391,6.439833482596232,6.557377055049712,2.953342300268555,5.464480839426676,True,0.8369047620530755,22.727272741597798,18.181818172268134
CONTININS,2021-12-20,2.857142857142851,3.0316681992741255,5.707762557077626,0.7465083798972462,-3.601694915254243,True,0.6003571429333078,2.777777777777787,-2.777777777777772
CONTININS,2021-12-22,3.879310344827595,3.974709815637736,6.787330316742081,1.1199630763109218,-1.276595744680854,True,0.643690476263546,0.207468879668038,-7.468879668049795
CONTININS,2022-01-30,3.9045553145336163,3.2283145000720115,9.909909909909906,0.8531019723065677,-2.7426160337552683,True,0.6344047619784948,-1.4613778705636653,-11.899791231732767
CONTININS,2022-11-01,4.037267080745332,2.638098913852026,9.433962264150932,3.101257354824052,1.2578616352201324,False,0.11538461538461534,-5.07462686567164,-5.07462686567164
CONTININS,2022-11-02,4.179104477611936,8.337850176788281,9.433962264150932,3.363872496030042,5.345911949685532,False,0.18269230769230757,-8.882521489971342,-8.882521489971342
CONTININS,2023-05-14,3.030303030303038,2.8579268813240986,4.794520547945213,2.043859724859992,0.3378378378378306,False,0.1449275362318841,22.222222222222214,-0.6535947712418394
CONTININS,2023-05-15,9.47712418300653,11.966141546580214,5.821917808219176,2.185557592421159,4.794520547945213,True,0.3550724637681159,5.970149253731343,-9.850746268656717
CONTININS,2023-07-16,9.77198697068405,7.392821980429339,10.0,0.5660340554283663,0.9868421052631603,True,0.4903846153846156,24.035608308605322,36.20178041543025
CONTININS,2023-12-13,3.970223325062038,2.297213506482182,8.010335917312645,0.8323981576140221,-2.1844660194174894,True,0.49259259259259247,-4.5346062052505935,2.625298329355612
CONTININS,2025-01-19,5.714285714285708,2.5939048394760063,7.949790794979089,0.8677329895571763,-5.4054054054054,False,0.5418410041841004,-6.563706563706562,-7.335907335907331
CONTININS,2025-03-13,7.818930041152257,10.300178589020438,4.661016949152533,0.9718780951398893,0.41322314049587366,False,0.6078886310904872,-0.7633587786259515,1.5267175572519165
CONTININS,2025-07-02,5.35714285714287,4.412472519426512,7.906976744186044,0.9460774987341637,2.2831050228310503,False,0.6555555555555556,5.0847457627118615,4.23728813559322
CONTININS,2025-08-25,9.716599190283409,4.158141125244191,8.695652173913043,0.7776629169187097,-1.2000000000000028,True,0.7527777777777778,9.22509225092251,-2.952029520295205
CONTININS,2025-10-07,3.6363636363636362,2.3047906612108435,9.689922480620154,0.46635324206585443,-3.846153846153851,True,0.9134615384615384,-9.473684210526313,-12.631578947368427
CONTININS,2026-01-18,3.658536585365848,2.8777309334062284,6.722689075630243,1.2451891066442817,-0.8064516129032229,True,0.8173076923076923,2.3529411764705936,2.3529411764705936
COPPERTECH,2020-12-03,3.3816425120772915,38.482013226630826,0.0,1.0341751971479365,0.0,False,0.23489932885906042,-3.2710280373831746,7.943925233644873
COPPERTECH,2020-12-08,3.8647342995169116,6.345000780928061,5.3140096618357555,5.973827564371414,0.0,False,0.24161073825503368,-3.720930232558143,4.651162790697675
COPPERTECH,2021-01-03,5.687203791469191,2.1244555086794272,5.797101449275359,0.7720608993605835,1.9323671497584645,False,0.3577235772357725,-6.2780269058296065,-5.381165919282508
COPPERTECH,2021-04-25,4.444444444444448,3.7989798652840796,8.620689655172415,1.8283918346330004,-13.043478260869563,False,0.11475409836065588,4.255319148936174,10.106382978723397
COPPERTECH,2021-05-02,7.103825136612025,4.582624036423446,8.620689655172415,2.2415483838781287,-11.594202898550718,False,0.18032786885245922,2.551020408163265,23.979591836734688
COPPERTECH,2021-12-27,4.731861198738182,2.061149541315062,9.967845659163991,0.6009064675974046,-3.35365853658536,True,0.5000000000000001,30.42168674698793,27.710843373493958
COPPERTECH,2022-04-10,3.4482758620689578,2.6254715762439385,8.563535911602195,0.916246452398647,-1.0498687664041957,True,0.6835443037974683,-0.25641025641026005,-2.051282051282044
COPPERTECH,2022-07-03,4.030226700251874,3.050277391407104,8.421052631578956,0.5939126559339284,3.6553524804177693,True,0.605128205128205,-7.021791767554476,-0.48426150121064343
COPPERTECH,2022-08-01,4.603580562659839,2.54097384032417,7.180851063829776,0.663831300304239,0.0,True,0.5474860335195529,9.7799511002445,17.603911980440106
COPPERTECH,2025-01-21,9.71428571428571,11.34775432171151,6.50887573964498,1.355707767191242,0.0,False,0.5203252032520326,-3.64583333333333,5.208333333333334
COPPERTECH,2025-02-05,5.405405405405405,3.5950130122082404,8.333333333333332,1.2737696625028723,6.936416184971093,False,0.5284552845528455,2.564102564102564,3.076923076923084
COPPERTECH,2025-06-25,6.4516129032258025,2.0333073416567222,9.826589595375717,1.1157709343783766,5.084745762711877,True,0.5739130434782609,6.060606060606057,14.141414141414144
COPPERTECH,2026-01-13,7.216494845360836,9.26974264703665,6.486486486486482,0.8462841702960422,3.7433155080213867,True,0.8188976377952757,-8.17307692307692,-2.4038461538461537
CROWNCEMNT,2023-11-22,3.911342894393742,6.228972883493615,9.946236559139773,18.070401721851205,3.0913978494623615,True,0.869158878504673,-2.760351317440405,-6.022584692597236
CROWNCEMNT,2025-09-14,3.351955307262564,2.773057900135192,9.864603481624746,1.6175911045039721,8.484848484848492,True,0.8161764705882353,1.6216216216216188,-4.144144144144139
CROWNCEMNT,2025-09-15,4.144144144144139,2.308089030233429,9.864603481624746,1.7767169504566804,9.900990099009901,True,0.85,-4.498269896193762,-9.515570934256056
CRYSTALINS,2023-01-15,5.837563451776661,2.616811686883174,4.627249357326489,0.5256839141024346,-5.741626794258369,True,0.34199134199134223,0.9592326139088694,-7.194244604316546
CRYSTALINS,2023-04-24,7.28291316526609,4.1223227713043835,5.12820512820512,1.1326973180336712,1.7094017094017133,False,0.35433070866141725,1.3054830287206267,35.50913838120105
CRYSTALINS,2024-12-29,3.3149171270718316,2.674635532838817,6.0377358490566095,0.6728247774279374,-1.985559566787006,False,0.43759750390015606,-9.090909090909092,-9.982174688057043
CRYSTALINS,2025-06-29,2.6763990267639937,2.392907506866239,9.536082474226811,0.9831319608318531,-0.2427184466019452,False,0.3815551537070525,8.76777251184833,6.398104265402833
CRYSTALINS,2025-08-20,9.865470852017934,3.457888938997247,8.177570093457945,0.5586674257389046,-2.6200873362445325,True,0.5651672433679354,19.999999999999996,19.387755102040817
CVOPRL,2019-01-02,6.0012634238787115,3.589356409288459,9.456740442655933,0.6462614564200189,-5.829863176680537,False,0.24050632911392414,35.63766388557806,30.51251489868891
CVOPRL,2020-09-03,9.991386735572789,3.3794858074156453,6.152512998266892,0.8878271424348221,0.6065857885615152,True,0.5075075075075075,-2.4275646045419017,-9.631949882537194
CVOPRL,2022-08-21,4.129263913824062,3.289843453030099,7.452657299938924,0.96155012985166,-6.75223214285714,False,0.2898550724637681,-2.126436781609189,-0.8620689655172413
CVOPRL,2022-09-14,9.512195121951216,4.034436696071147,6.715506715506716,1.070650987874375,-0.24330900243309345,False,0.22222222222222224,-8.017817371937642,-7.126948775055671
CVOPRL,2022-10-13,4.3848964677223,2.093758832897658,2.9932803909590753,0.42191095329474726,-0.060864272671955405,False,0.2004405286343614,-4.492415402567104,-4.492415402567104
CVOPRL,2022-10-17,2.8776978417266084,3.9183500809369787,6.902871105681132,0.6027150564320991,-7.126948775055671,False,0.20421753607103219,-4.603729603729607,-4.603729603729607
CVOPRL,2023-09-03,4.198698994677702,3.7035160332583157,6.318347509113005,0.6147632901565083,-6.107717934480844,True,0.25403817914831106,0.7377979568672028,-5.505107832009074
CVOPRL,2023-10-25,3.592814371257485,3.3130797649391237,6.414172266340867,0.7187086162931665,-0.41741204531901527,True,0.146919431279621,10.7514450867052,-0.17341040462428403
CVOPRL,2023-10-30,4.709302325581392,7.765550787171559,6.902871105681132,1.2669873179817224,0.11641443538998174,True,0.2590837282780411,3.275957801221547,-4.775124930594112
CVOPRL,2025-03-23,4.169825625473844,3.44204852119953,8.497246262785216,0.7411072727008713,-3.7928519328956884,True,0.8202985074626866,10.043668122270729,10.116448326055316
CVOPRL,2025-03-25,2.6504297994269463,2.5040571243102887,7.963246554364477,1.1284088301305248,4.9624060150375895,True,0.8555223880597016,6.489881367759932,6.071179344033488
CVOPRL,2025-07-28,3.205128205128205,4.340757906411418,6.449275362318844,1.3252036058044623,4.697986577181217,True,0.9288461538461539,-2.2084195997239595,18.012422360248443
CVOPRL,2025-08-03,3.0260380014074677,2.4419117230038023,7.608695652173914,1.3894160216087337,4.331864904552134,True,0.9384615384615385,10.450819672131136,14.685792349726775
CVOPRL,2025-08-13,7.621736062103043,2.6258119600883947,7.982893799002129,1.2883434335784452,0.07062146892654966,True,0.9775641025641025,9.311475409836058,8.524590163934425
CVOPRL,2026-01-11,2.7170311464546018,3.0849087919190867,4.65753424657535,0.7014011383473198,-7.252612169637359,True,0.7149446494464944,2.516129032258068,2.8387096774193585
CVOPRL,2026-02-16,2.7489309712889436,2.2352264946215543,9.031838856400263,1.1265573474412147,7.768268597761674,True,0.7758302583025829,-4.756242568370987,-6.837098692033294
DACCADYE,2022-02-09,4.484304932735426,2.413550272319094,9.216589861751153,0.46504176408714076,-3.0434782608695623,True,0.7256637168141592,-9.871244635193136,-8.583690987124463
DACCADYE,2022-06-19,3.157894736842113,2.1443635014437405,6.629834254143642,0.7255231202917869,2.1505376344085945,False,0.3400000000000001,-4.081632653061227,-5.612244897959191
DACCADYE,2023-05-10,5.22388059701492,6.726186555924927,4.5454545454545565,62.58718146390784,1.5151515151515234,False,0.08771929824561403,-5.67375886524822,-6.382978723404258
DACCADYE,2023-06-25,3.7593984962406015,6.070281449368816,1.5151515151515234,0.5019581701121467,0.7575757575757683,False,0.06140350877192992,13.043478260869556,5.072463768115937
DACCADYE,2023-06-26,9.420289855072456,11.507244869325785,6.060606060606066,1.09883620425301,4.5454545454545565,False,0.17543859649122806,11.920529801324497,0.0
DACCADYE,2023-11-13,7.462686567164178,34.83312390335498,2.2727272727272783,13.260388718742993,1.5151515151515234,True,0.1969696969696971,-2.77777777777778,-1.3888888888888962
DACCADYE,2025-05-08,3.0487804878048785,2.2376671574989033,6.875000000000009,1.2487763606084865,2.499999999999991,True,0.8535353535353535,0.5917159763313694,-0.5917159763313483
DACCADYE,2025-05-12,6.50887573964498,4.011662558160544,6.875000000000009,1.4070178530891773,7.643312101910824,True,0.9090909090909091,-6.11111111111112,-3.888888888888885
DACCADYE,2025-08-13,4.907975460122704,3.697160967096179,7.4534161490683175,1.0299711505417537,-1.2121212121212077,True,0.8636363636363636,6.432748538011683,22.80701754385964
DACCADYE,2025-08-21,7.647058823529417,8.889723706113573,8.695652173913034,1.6404540803839187,1.1904761904761862,True,0.9242424242424242,10.382513661202179,13.114754098360649
DAFODILCOM,2019-04-11,3.603603603603607,2.386678792016378,7.801418439716324,0.31754544887907965,-5.932203389830517,True,0.6808510638297872,5.652173913043481,3.260869565217391
DAFODILCOM,2019-11-18,3.964757709251111,2.560837162017278,8.240534521158136,0.6834201868431421,-6.7761806981519594,False,0.6441947565543071,24.364406779661017,19.91525423728813
DAFODILCOM,2020-08-18,4.982206405693945,3.70729548082114,8.988764044943828,4.434785290290931,5.2434456928839035,True,0.7800829875518673,21.694915254237284,32.20338983050847
DBH,2019-02-20,3.7683823542069756,2.2125603295709864,8.65758754559588,0.4274898432950078,-7.874682466337609,False,0.4338382395815652,8.591674049039714,2.1257750203174184
DBH,2020-09-07,2.9126213568385495,4.321912172097395,4.6436285011479566,5.687141161579821,0.10799135604406995,True,0.6132088239695592,-2.515723268438751,-2.93501047542523
DBH,2020-09-08,2.6205450801303236,8.037565058890847,4.6436285011479566,6.037186335462981,3.023758092182298,True,0.69102720284178,-4.902962215030813,-5.413687435802985
DBH,2021-08-16,3.2994923805431746,3.3681685203774547,5.548216647145346,0.9259687279836616,1.4157014156285352,True,0.6107981221978906,0.9828009864864807,3.8083538108108197
DBH,2021-08-26,5.093167705716614,5.963800055377098,6.493506500000003,1.3703187523370202,4.1397153960209305,True,0.783568075344892,1.063829789585524,0.8274231725670504
DBH,2022-08-25,2.9159519725557512,7.40139887230469,4.475043029259899,1.4712287567543445,0.6908462867012065,False,0.12790697676897422,-2.333333333333331,-3.6666666666666714
DBH,2022-08-28,3.9999999999999973,2.205309481909456,3.9586919104991347,2.1153464751082405,3.62694300518135,False,0.23023255818415356,-6.249999999999998,-7.371794871794875
DBH,2024-06-25,3.2362459546925573,7.524462734912453,9.407665505226479,1.4252088250380945,-10.951008645533152,False,0.5626102292768959,3.44827586206897,-1.2539184952978013
DBH,2024-11-20,5.852417302798994,2.998034688010244,8.684210526315782,1.1107359587832735,3.968253968253969,True,0.7336860670194003,-1.9230769230769333,-6.730769230769241
DBH,2025-02-06,4.51977401129944,2.0785180230856573,5.12820512820512,0.9314241066891571,-6.842105263157898,False,0.6525573192239859,-1.0810810810810774,-0.5405405405405482
DBH,2025-02-24,2.73224043715847,4.505791050701936,3.611111111111103,0.9233566384847341,0.8264462809917473,True,0.713472485768501,-2.6595744680851063,-6.1170212765957555
DBH,2025-03-25,2.549575070821546,2.3939403575272693,6.571428571428563,0.6757991956845414,-6.1170212765957555,False,0.7621052631578948,-3.038674033149175,-6.353591160221006
DBH,2025-09-07,4.239401496259341,3.6485444502028797,9.433962264150942,1.360985818553489,2.295918367346935,True,0.9106753812636166,-9.090909090909085,-9.569377990430622
DBH1STMF,2019-08-27,4.87804878048781,3.5229711406389863,8.536585365853671,0.35705778110836744,-6.818181818181834,True,0.5757575757575756,-3.4883720930232434,2.32558139534885
DBH1STMF,2020-09-21,5.633802816901413,11.114737138585866,5.71428571428572,0.8619959554663248,-4.054054054054063,False,0.3823529411764706,0.0,-2.6666666666666687
DBH1STMF,2020-11-15,9.859154929577468,2.989029845438533,8.695652173913038,1.8841548070492535,0.0,True,0.5161290322580643,-7.692307692307689,-11.538461538461533
DBH1STMF,2021-04-15,4.761904761904759,2.4486615235638856,9.523809523809533,1.3025732834844255,-8.69565217391305,False,0.1666666666666665,4.5454545454545565,12.121212121212132
DBH1STMF,2021-05-05,5.882352941176476,7.275751943189885,6.060606060606066,0.9763499942343253,-1.4492753623188481,True,0.41666666666666674,4.166666666666664,5.555555555555548
DBH1STMF,2021-10-10,5.000000000000004,3.048598571447316,7.6923076923077,0.9070896308031837,-5.88235294117647,True,0.5675675675675677,-5.952380952380952,-4.761904761904765
DBH1STMF,2021-11-29,2.531645569620244,2.1918283364589084,3.8461538461538445,0.766302022877138,-2.469135802469127,True,0.4864864864864864,-3.7037037037037015,-8.641975308641966
DBH1STMF,2022-01-11,3.896103896103894,3.348195707052283,8.219178082191789,0.5245948274530021,-1.2820512820512775,True,0.4594594594594595,-6.25,-6.25
DBH1STMF,2022-03-15,2.6666666666666687,8.410033300646457,7.142857142857142,1.0923190488634966,-1.315789473684206,False,0.37837837837837845,-2.5974025974025996,-5.194805194805199
DBH1STMF,2022-08-14,2.77777777777778,3.3721749662192018,7.246376811594203,0.8452569502408904,-2.702702702702705,False,0.16129032258064518,-2.702702702702705,-6.756756756756756
DBH1STMF,2024-01-01,5.797101449275354,8.211239830640347,4.347826086956519,129.27439867619472,0.0,True,0.6666666666666662,-4.109589041095888,-15.068493150684928
DBH1STMF,2024-04-16,5.769230769230766,7.707214403208297,7.692307692307682,0.8177163975651454,-10.344827586206891,False,0.14814814814814828,-9.090909090909092,-10.909090909090903
DBH1STMF,2024-04-22,5.882352941176485,4.356307140753509,10.0,1.8910426578350248,-12.068965517241383,False,0.142857142857143,-5.555555555555569,-11.11111111111112
DBH1STMF,2025-11-04,5.4545454545454515,2.890361583380207,7.27272727272728,0.4981568452441006,-6.7796610169491585,True,0.6969696969696969,-6.896551724137923,-3.448275862068969
DBH1STMF,2026-01-25,3.333333333333336,2.9839969773604746,8.928571428571429,0.628036127604303,-15.492957746478869,True,0.6428571428571429,-22.580645161290327,-24.193548387096772
DELTALIFE,2019-01-09,3.3050047214353158,2.473678265698447,7.973102785782912,0.9031327597589778,0.0,True,0.4721311475409838,-0.5484460694698432,-0.18281535648994773
DELTALIFE,2019-01-15,4.819277108433724,3.31038161059666,8.93371757925073,1.2794037929010484,0.3720930232558192,True,0.5934426229508195,-3.094606542882405,-5.039787798408478
DELTALIFE,2020-07-28,8.143322475570045,9.691606080373981,6.724137931034481,2.355899985902643,5.862068965517239,False,0.3065693430656935,8.283132530120481,2.259036144578313
DELTALIFE,2020-09-14,3.1343283582089465,2.46890347167834,6.976744186046512,0.5669202506798081,-6.81502086230877,False,0.355839416058394,9.840810419681638,3.7626628075253383
DELTALIFE,2021-01-04,3.0683403068340347,2.7469979439726346,6.824925816023731,0.8651504436971778,1.558073654390947,True,0.574468085106383,10.960757780784835,-1.0825439783491357
DELTALIFE,2021-09-09,5.890909090909087,3.3165331768673383,5.947955390334572,0.8563453804362364,-2.343750000000008,True,0.8190661478599222,24.656593406593412,20.192307692307697
DELTALIFE,2022-06-28,4.298459042984589,2.36044168140659,7.972858354537736,0.6978923503714236,2.921535893155259,False,0.2306620209059233,15.396578538102654,5.676516329704519
DELTALIFE,2022-08-25,9.985835694051008,3.222004913017109,9.17030567685589,1.2281605619433829,1.8024513338139874,False,0.35116279069767453,-3.2839665164198473,0.3219575016097875
DELTALIFE,2023-03-02,5.0359712230215825,10.612415217859745,2.564102564102564,1.9644618441557449,1.8315018315018317,True,0.576,-1.5068493150684854,2.054794520547945
DELTALIFE,2023-05-25,3.0090972708187422,3.6891566453855003,5.300859598853872,1.1090499057859466,-2.2571819425444484,True,0.5951999999999998,7.744565217391308,-2.1059782608695614
DELTALIFE,2023-06-05,8.194444444444454,6.370643338429358,8.011444921316158,1.4687583403211084,2.930664760543241,True,0.7028469750889682,-6.675224646983315,-1.6688061617458425
DELTALIFE,2023-07-05,3.7568306010928962,2.8592875395435753,7.153075822603719,0.38458001146895865,2.234636871508392,True,0.6113207547169812,8.229098090849241,1.5141540487162495
DELTALIFE,2023-10-22,5.6277056277056365,14.04030175096469,2.0512820512820595,1.0581076432533447,1.4641288433382138,True,0.2612137203166228,-4.303278688524598,-6.762295081967216
DELTALIFE,2025-08-20,3.142076502732236,2.210315701011002,7.417582417582426,0.8265454411919981,2.092050209205021,True,0.6646126760563381,11.655629139072845,6.8874172185430504
DELTALIFE,2025-08-24,6.357615894039731,3.2876231595620657,5.631868131868144,0.9230622610204116,6.039325842696625,True,0.7068661971830986,12.204234122042338,-2.2415940224159367
DELTASPINN,2019-01-02,4.838709677419352,2.013326083779989,4.918032786885258,0.5022021616861401,1.6393442622950907,False,0.1428571428571428,18.461538461538467,10.769230769230772
DELTASPINN,2019-06-24,3.2258064516129057,2.1147894406098375,6.666666666666672,1.8938782216087868,-1.5873015873015817,False,0.1666666666666668,-6.250000000000005,-32.81250000000001
DELTASPINN,2021-12-07,9.890109890109894,3.0851196014796995,8.139534883720943,0.4163441266519096,-7.142857142857154,True,0.5697674418604651,-10.0,-4.0000000000000036
DELTASPINN,2022-02-13,5.263157894736842,4.06339532606918,8.988764044943807,0.8542501031694808,4.3956043956043995,True,0.5595238095238096,6.999999999999992,1.9999999999999927
DELTASPINN,2022-08-23,3.4482758620689737,4.201455465983868,8.23529411764705,1.1356282026927402,-1.1363636363636525,False,0.22950819672131154,-4.444444444444448,-5.555555555555555
DELTASPINN,2023-12-18,4.444444444444448,17.599267055372405,8.23529411764705,69.33270713163155,5.88235294117647,True,0.6923076923076922,-9.574468085106387,-9.574468085106387
DESCO,2019-01-06,2.709359605911333,2.3392739944474226,8.179419525065967,0.822268138135328,1.754385964912288,False,0.3762376237623766,4.556354916067142,14.14868105515587
DESCO,2019-05-05,3.1319910514541354,2.5605909414028543,9.81308411214954,2.111377425093604,-0.22321428571427304,True,0.5815602836879434,1.5184381778741773,-0.6507592190889464
DESCO,2019-05-07,3.7280701754385874,15.110832816299512,6.334841628959269,2.4212591268177763,2.242152466367713,True,0.6666666666666665,-2.3255813953488254,-2.3255813953488254
DESCO,2019-05-12,3.65591397849463,4.693370965624966,8.823529411764703,3.2909075681730924,4.49438202247191,True,0.7304964539007095,-4.771784232365154,-5.186721991701244
DESCO,2020-08-06,6.0000000000000036,13.638953698342725,2.873563218390805,2.7152491017462017,0.5747126436781691,False,0.2786885245901641,4.8517520215633345,1.3477088948787062
DESCO,2021-01-04,6.798866855524096,7.444073538578564,2.873563218390805,1.2947598025122324,1.4367816091954024,True,0.5181818181818184,7.427055702917763,-7.692307692307707
DESCO,2021-06-17,3.5190615835776997,5.05480586614117,4.504504504504505,1.1337853824623854,-1.1594202898550683,False,0.3360655737704916,-5.382436260623226,0.5665722379603481
DESCO,2021-08-03,2.506963788300832,2.9676819021655105,6.140350877192965,0.7019394908637275,3.458213256484137,True,0.4590163934426228,8.423913043478265,12.500000000000005
DESCO,2021-10-06,9.57178841309823,11.932913758038806,8.24742268041238,0.6827854065281987,-4.337349397590354,True,0.924812030075188,-8.965517241379308,-14.022988505747131
DESCO,2022-03-29,2.8795811518324457,2.047761684350153,6.9518716577540145,0.683780684994507,0.5263157894736916,True,0.49390243902439007,-4.071246819338408,-5.343511450381666
DESCO,2025-03-05,2.553191489361708,2.094453593531304,9.049773755656108,0.9596608803955942,-0.8438818565400814,True,0.767515923566879,2.0746887966804977,11.618257261410776
DESCO,2025-03-06,9.958506224066383,19.808684950127667,9.954751131221716,1.1323761559475112,2.553191489361708,True,0.8439490445859873,-7.924528301886798,-2.2641509433962317
DESHBANDHU,2019-05-02,8.695652173913043,5.525638226347955,7.826086956521743,0.7934342447892323,-9.44881889763779,False,0.08547008547008547,5.599999999999994,9.599999999999994
DESHBANDHU,2019-05-05,8.799999999999997,8.217242204700524,9.565217391304346,1.2898286202043685,-0.7936507936507908,False,0.17948717948717946,0.0,3.6764705882352944
DESHBANDHU,2019-06-10,3.546099290780142,5.411648674055111,8.396946564885493,0.8986934653339723,3.6764705882352944,False,0.26495726495726496,-6.8493150684931505,-10.958904109589039
DESHBANDHU,2020-02-13,5.0,2.3836664217837327,8.163265306122437,1.2637667995382764,-1.9607843137254832,False,0.10937499999999992,9.523809523809524,4.761904761904762
DESHBANDHU,2020-02-16,4.761904761904762,4.10205151073637,9.18367346938774,1.3888952422895828,2.9411764705882426,False,0.18749999999999992,-0.909090909090906,-5.4545454545454515
DESHBANDHU,2020-08-06,2.8846153846153744,2.4335033956291126,2.8846153846153744,43.39509389015984,0.0,False,0.2678571428571428,-1.8691588785046664,2.8037383177570163
DESHBANDHU,2020-09-03,7.547169811320761,2.558416001615261,4.8076923076923075,0.6828433690910465,0.952380952380949,True,0.39285714285714296,0.0,-2.631578947368427
DESHBANDHU,2020-10-18,2.678571428571435,2.199809111997485,9.523809523809524,0.6670392526537794,-1.75438596491229,True,0.44230769230769235,5.217391304347823,0.8695652173913012
DESHBANDHU,2021-03-18,5.769230769230766,19.171670553634588,2.8846153846153744,1.4628350010622115,0.0,True,0.35294117647058826,-5.4545454545454515,-11.818181818181825
DESHBANDHU,2021-05-02,4.12371134020619,2.7346190836457467,6.2499999999999964,0.9950920933506631,-6.730769230769241,False,0.17647058823529413,11.881188118811892,16.831683168316843
DESHBANDHU,2021-05-06,5.10204081632653,2.7171240274178072,6.2499999999999964,1.3597271364514012,-5.769230769230766,False,0.21568627450980413,6.7961165048543615,27.184466019417464
DESHBANDHU,2021-07-29,9.67741935483871,2.6622317018154713,8.609271523178801,0.5705873423347512,4.7297297297297245,True,1.0,7.647058823529417,33.52941176470588
DESHBANDHU,2022-04-27,3.9800995024875476,2.1041508991538667,7.8125,1.1090162075743302,-5.188679245283009,False,0.5615763546798028,-15.311004784688992,-13.875598086124397
DESHBANDHU,2022-06-16,2.7027027027027026,3.2401869378616093,5.5865921787709505,0.9583589911665278,4.51977401129944,False,0.431578947368421,0.0,4.73684210526315
DESHBANDHU,2022-06-28,6.010928961748622,3.9760457886834306,8.379888268156426,0.9698603711978662,2.234636871508392,False,0.4189944134078212,3.608247422680427,-7.731958762886598
DESHBANDHU,2023-03-29,3.205128205128217,3.551973906452495,2.5641025641025665,0.49910395632502214,-0.6369426751592334,False,0.082191780821918,-3.105590062111812,3.7267080745341477
DESHBANDHU,2023-04-24,5.69620253164556,2.3424186522764767,1.9230769230769278,0.7091515387353131,1.282051282051289,False,0.18749999999999992,9.580838323353301,13.173652694610775
DESHBANDHU,2024-03-11,7.631578947368417,2.2055564338513114,9.946236559139773,0.3631507691283705,-15.742793791574282,True,0.7405247813411079,-22.98288508557457,-9.535452322738383
DESHBANDHU,2025-01-09,3.2967032967033045,2.1712066729628234,8.571428571428571,0.6372248332249228,-7.614213197969544,False,0.3775100401606426,-2.1276595744680966,-4.255319148936174
DESHBANDHU,2025-02-20,6.6666666666666625,5.027197779078785,7.428571428571433,0.8916830731090606,-3.2258064516129106,False,0.40421052631578946,10.416666666666668,21.354166666666675
DESHBANDHU,2025-08-27,4.5685279187817365,2.4594346725104588,9.999999999999993,1.284128233585363,3.684210526315786,True,0.6023391812865497,5.339805825242708,3.3980582524271807
DGIC,2023-01-15,6.269592476489029,3.694145445565725,5.75079872204473,0.852432990356341,-2.743902439024386,True,0.34466019417475724,-0.5899705014749137,-6.784660766961643
DGIC,2023-05-11,3.571428571428571,6.13397885649246,5.357142857142857,2.450123536426068,0.0,False,0.10679611650485435,30.689655172413786,12.758620689655181
DGIC,2023-07-19,3.9603960396039577,2.1591862271733184,9.79020979020978,0.9211479235099933,3.4129692832764507,False,0.22815533980582522,5.396825396825406,0.317460317460322
DGIC,2023-09-03,2.893890675241153,2.3281183568423596,9.18032786885245,0.6011218400503751,-6.325301204819281,True,0.2061855670103093,20.625000000000004,9.687500000000004
DGIC,2023-09-05,4.938271604938276,3.5331863212778845,9.50819672131147,0.9108474719209496,-1.8181818181818226,True,0.30927835051546393,21.47058823529411,2.6470588235294077
DGIC,2023-12-13,3.3639143730886674,5.326643301646024,4.702194357366771,0.8608658624679115,-3.8235294117646976,True,0.3624999999999998,-0.8875739644970331,5.029585798816577
DGIC,2024-01-01,5.970149253731343,3.881053349159204,5.919003115264792,0.9835028437393559,3.3950617283950666,True,0.46875,-1.1267605633802777,5.070422535211259
DGIC,2024-01-21,4.022988505747143,2.5352004431944555,7.692307692307697,1.3068700940463924,6.422018348623835,True,0.5125000000000002,6.906077348066297,0.0
DGIC,2025-02-25,2.8037383177570163,3.9562143011122504,8.212560386473426,1.5005735459458902,-3.603603603603607,False,0.5486284289276808,-5.909090909090913,8.181818181818185
DGIC,2025-03-13,8.133971291866043,8.734134902227296,7.352941176470589,0.48995687161097196,-4.128440366972487,False,0.6225895316804408,7.079646017699106,34.513274336283175
DGIC,2025-09-07,3.797468354430389,3.212800023835907,7.522123893805306,1.2502978660177857,4.867256637168132,True,0.7299703264094956,-8.536585365853663,-6.504065040650412
DGIC,2025-10-30,6.7632850241546,2.5015529756769985,9.268292682926822,0.5273254890464262,-6.756756756756757,False,0.655786350148368,-19.457013574660635,-6.787330316742081
DHAKABANK,2019-05-06,2.542372890947995,2.650070687845169,8.181818193040153,1.0743599414177982,-3.2786885365546894,False,0.18965517283067163,13.223140452536718,11.570247884471696
DHAKABANK,2019-05-13,3.252032532095974,4.900128095151025,7.826086986818911,1.2692036703668976,7.894736872936278,False,0.2931034491294707,6.299212532869373,0.0
DHAKABANK,2019-09-23,4.716981128905648,3.166491727703239,7.6190476057219,0.9140896867491584,-12.396694223694272,False,0.09523809528857138,-0.9009009043335677,2.702702692946683
DHAKABANK,2019-09-29,2.6785714392187407,2.4790297771003935,7.6190476057219,1.283392849023926,-4.273504289765497,False,0.15873015869650786,-4.347826084431747,-1.7391304415153117
DHAKABANK,2019-10-16,3.5398230227958334,4.0066709733438834,8.333333334192115,0.8585717484861757,4.629629616365985,False,0.19047619057714277,-3.418803431812404,-4.273504289765497
DHAKABANK,2019-11-26,3.7735848989245255,2.538234008437841,9.523809517752376,1.3990096455200791,-7.017543848001842,False,0.07936507934825408,0.0,0.0
DHAKABANK,2019-12-01,3.6363636301087574,2.3206721819055347,9.523809517752376,1.63647615538463,-2.6548672473977497,False,0.14285714275619055,-4.385964900119581,3.5087719435272384
DHAKABANK,2020-07-06,4.0404040446057525,3.4827689634167083,2.0202020279240887,1.677726712029369,0.0,False,0.22000000004006803,10.097087427634177,13.155339769132649
DHAKABANK,2020-07-08,6.666666649706672,7.789141776096051,6.060606061287417,2.434436530890373,6.060606061287417,False,0.39999999968836003,3.1250000124218786,10.625000002484374
DHAKABANK,2020-09-13,3.1999999952512055,2.151904847254618,9.565217403327022,0.5992032526634862,5.042016845646499,True,0.8053753469015987,-3.8759689661318446,-9.30232556801875
DHAKABANK,2021-01-03,2.5210084228232574,2.3498787665832803,7.826087016635159,1.107607948556757,-3.2520325168220032,True,0.6691380899390198,5.737704932276269,1.6393443036011812
DHAKABANK,2021-01-05,4.032258036251301,9.508619658212698,8.695652209981091,1.3637395067869764,1.6393443036011812,True,0.8053753469015987,0.0,-4.65116282509465
DHAKABANK,2021-05-05,4.132231376722903,4.519045206524461,3.3898305039069294,1.8149557149232265,5.217391344423429,True,0.7327272721043606,19.047619107709746,10.206349232588813
DHAKABANK,2021-08-17,5.555555555555548,3.415900217988076,7.246376811594203,1.097913405196159,3.597122302158273,True,0.8544262293156246,-4.605263157894733,-2.631578947368412
DHAKABANK,2021-11-16,4.285714285714283,2.6418372049292214,5.109489051094899,0.6204876439895359,-2.097902097902103,True,0.7459999999010665,-2.054794520547938,-4.109589041095888
DHAKABANK,2021-11-18,4.761904761904769,8.360038416583299,8.75912408759125,1.1072303628838245,4.999999999999995,True,0.887333333196711,-5.194805194805199,-9.740259740259742
DHAKABANK,2022-06-30,3.0075187969924704,2.682909009845254,3.0534351145038197,0.5333052283971382,0.0,False,0.219512195121951,-3.649635036496351,-2.91970802919707
DHAKABANK,2024-02-11,6.61157024793389,7.503202198824774,7.758620689655175,1.5393256215489877,-3.200000000000003,True,0.666666666666667,-7.751937984496124,-9.302325581395356
DHAKABANK,2024-08-07,9.345794392523366,52.274818916735995,9.18367346938774,1.2916980630948982,8.08080808080807,True,0.8999999999999999,6.8376068376068435,7.692307692307695
DHAKABANK,2024-10-24,4.201680672268907,2.132760763082666,7.8947368421052655,0.937580628916767,-3.252032520325206,True,0.8322147651006712,-7.258064516129036,-11.290322580645164
DHAKABANK,2025-01-30,3.7735849056603805,2.301655583818109,4.761904761904762,0.72240168795513,-3.63636363636364,False,0.7382550335570469,2.7272727272727337,0.909090909090906
DHAKABANK,2025-02-03,4.62962962962963,4.8410145895237084,5.714285714285711,0.9182382285774878,-1.818181818181812,True,0.7583892617449665,0.0,-1.7699115044247882
DHAKABANK,2025-02-25,2.678571428571435,2.889635000260414,3.603603603603607,0.6326217779773181,5.660377358490563,True,0.7718120805369127,-3.4782608695652204,-6.086956521739125
DHAKABANK,2025-03-13,4.545454545454546,3.2523225926486954,5.5045871559633,0.6248963597995916,-3.5087719298245648,True,0.7718120805369127,-5.217391304347823,-10.434782608695645
DHAKABANK,2025-05-06,3.0927835051546464,2.1477721908348384,9.375000000000004,0.7737476836094072,-12.612612612612617,False,0.6711409395973155,-3.000000000000007,6.999999999999992
DHAKABANK,2025-05-29,4.0816326530612095,3.7902099617025278,8.333333333333341,1.0361757400336051,-1.9999999999999927,False,0.6845637583892616,3.921568627450984,9.803921568627452
DHAKABANK,2025-06-01,4.901960784313726,2.8764708053478496,9.375000000000004,1.3358800630522318,4.0816326530612095,False,0.7181208053691275,-0.9345794392523332,2.8037383177570163
DHAKABANK,2025-11-19,6.363636363636357,4.843036950543693,8.82352941176471,0.8408810328921374,2.8037383177570163,True,0.8666666666666666,-3.4188034188034067,-5.128205128205125
DHAKABANK,2026-01-04,6.086956521739125,10.266598021182373,7.339449541284393,0.8614841085697144,1.7699115044247724,True,0.9037037037037037,2.459016393442629,4.0983606557377055
DHAKABANK,2026-02-09,4.761904761904759,7.472807557557961,7.438016528925623,1.0127366049443918,0.0,True,0.9777777777777777,4.5454545454545565,-1.5151515151515098
DHAKAINS,2021-12-23,2.972972972972977,2.903142531119432,6.515580736543922,1.1962281271921649,-1.3333333333333335,True,0.47762998790810157,-4.199475065616801,-7.874015748031496
DHAKAINS,2022-02-06,3.9886039886039844,2.2406684205079603,3.4482758620689737,0.8984483137316508,-3.8356164383561606,False,0.4389359129383313,-8.767123287671241,-16.98630136986301
DHAKAINS,2023-09-03,2.930402930402933,2.3744863353874592,7.4144486692015175,0.33257915643724445,-6.18556701030928,False,0.4305084745762713,12.099644128113873,2.669039145907473
DHAKAINS,2023-09-05,4.225352112676067,5.877895874395957,8.25515947467168,0.674965344051288,-1.5597920277296458,True,0.5322033898305085,4.898648648648646,-4.729729729729737
DHAKAINS,2023-12-13,4.474708171206234,2.184381951015599,4.39121756487025,0.7069183375347959,-6.204379562043794,False,0.3457627118644069,-3.7243947858472994,1.303538175046547
DHAKAINS,2025-08-20,6.128133704735384,2.216946034328522,9.971509971509972,0.3549652920714759,-1.3736263736263736,True,0.6779359430604982,3.6745406824146944,0.0
DOMINAGE,2022-04-28,2.7272727272727337,2.7343318062627793,8.571428571428575,0.8166710744726544,-5.172413793103446,False,0.2172297295982641,-10.176991150442479,-3.5398230088495604
DOMINAGE,2022-07-05,3.8626609442060027,2.335295675538465,7.623318385650221,0.8587448454990205,1.7467248908297035,False,0.18997361475066316,-8.264462809917356,-6.6115702479338765
DOMINAGE,2022-08-30,5.217391304347823,3.5496208713171336,6.8181818181818175,1.571230226230434,5.990783410138252,True,0.18997361475066316,-7.851239669421482,-9.917355371900822
DOMINAGE,2023-03-06,9.876543209876552,41.6150987144351,4.347826086956517,13.167560056147076,-9.497206703910612,False,0.1888888888888888,-8.988764044943828,-8.988764044943828
DOMINAGE,2023-07-05,9.638554216867457,8.09650678797692,6.17283950617284,2.520723833897539,2.469135802469149,False,0.23863636363636348,-6.5934065934065895,-10.989010989010989
DOMINAGE,2023-11-26,9.876543209876552,47.70016536836428,3.08641975308642,96.81353013976809,0.0,True,0.29824561403508765,3.932584269662917,-5.056179775280911
DOMINAGE,2024-03-11,9.803921568627452,3.536600977059331,9.868421052631579,0.2945509535251639,-15.46961325966851,True,0.4000000000000001,-6.547619047619056,-7.738095238095243
DOMINAGE,2024-07-04,4.918032786885258,3.306245283856363,6.956521739130441,0.9652340788054585,-2.4000000000000057,False,0.6368159203980099,-4.687500000000011,10.156249999999991
DOMINAGE,2025-02-20,5.982905982905992,2.267802386447891,6.956521739130441,0.7811056323912344,-4.878048780487816,True,0.6666666666666666,-4.838709677419352,0.8064516129032229
DOMINAGE,2025-03-20,4.166666666666666,2.6115362075637165,8.695652173913043,0.5831615708627904,2.56410256410257,True,0.6756756756756757,-11.200000000000003,-20.0
DOMINAGE,2025-07-21,3.603603603603607,3.059982541888793,8.571428571428575,1.425552954032336,7.766990291262125,True,0.7666666666666667,14.782608695652169,45.21739130434782
DOREENPWR,2019-08-06,5.298013229498709,2.276773532346947,9.892086321410378,1.5768201820311187,1.0033444877377289,False,0.26500888942025097,-4.0880503139780835,-3.616352188161076
DOREENPWR,2019-11-26,3.6659877777922025,2.0729212282088234,8.902691511756831,1.0486021541923018,-10.889292196697111,False,0.07027027023967294,6.483300593623148,3.3398821225207396
DOREENPWR,2019-11-28,10.805500997440026,2.439451265596169,6.832298141082019,1.2066827436673553,-7.789855093367463,False,0.21891891904130917,-3.014184397395504,4.964539001050242
DOREENPWR,2020-02-13,6.310679620747169,6.8619057370318,8.620689658102256,1.1504300048886278,8.611599280345198,True,0.47027027037286206,3.3485540226396924,-8.523592093427396
DOREENPWR,2020-07-28,5.308219186318257,6.157176411921539,2.8021015788271977,1.398575735143219,2.2767075193119783,True,0.5136186773263243,1.6260162567424172,12.520325202958874
DOREENPWR,2020-08-03,4.838709687675346,6.407961983322873,9.632224158339346,2.435978069996644,8.581436060885093,True,0.6498054477133037,-3.538461544351819,2.769230767247898
DOREENPWR,2020-08-23,2.5682183010312505,2.573349776668271,8.130081303744609,1.9785902533795294,9.10683012040031,True,0.6070038914292357,5.1643192512702605,0.3129890408575716
DOREENPWR,2020-10-29,3.571428561700675,2.066247784463658,8.39041096511729,0.7222478461651779,-6.070287531447699,True,0.49027237368075216,1.477832511318721,3.136289007931455
DOREENPWR,2020-12-27,6.086956522247259,5.598513252844015,2.9772329189224602,0.9337855828093939,3.0130293025296764,True,0.7315175097537403,8.032786885877991,4.590163934787423
DOREENPWR,2021-03-08,2.830188666453059,3.5523592530430994,5.610561045248275,0.7393839327476143,1.4354067010431655,True,0.8233096747959919,-6.574923540382869,-7.492354740427761
DOREENPWR,2021-06-17,5.196850391312037,9.296319592862853,4.838709679750256,0.9894872440911001,-1.7027863826203578,True,0.8369954007671003,-1.4970059833052405,-0.14970059162393545
DOREENPWR,2021-08-09,5.089820366710892,7.6563437615908,4.447852770879596,1.0118684533732463,3.5658914756142024,True,0.9384328358937958,9.68660968410971,28.632478629546842
DOREENPWR,2021-12-02,2.608695652173909,2.075358232420157,7.230769230769235,0.7396867401790004,1.8181818224745423,True,0.6161244444207705,-4.237288135593221,-1.271186440677954
DOREENPWR,2022-01-17,8.115942028985499,6.818573382221462,6.470588235294127,1.5616838510816167,1.7699115044247828,True,0.6963395225373096,-3.7533512064343126,2.010723860589813
DOREENPWR,2022-04-19,7.596685082872928,9.349313941377545,4.741379310344844,1.412936273125054,4.322766570605187,True,0.7943766578324674,7.317073170731692,-2.4390243902439095
DOREENPWR,2022-08-22,3.0973451327433756,2.5670685268259406,5.421686746987943,1.1742349139492998,-6.353591160221006,False,0.3621374045633149,2.5751072961373347,-1.0014306151645247
DOREENPWR,2022-09-21,6.478873239436611,5.731716314634618,8.005822416302767,1.1763062770442394,3.8011695906432665,True,0.5592352339064004,-5.026455026455023,-12.169312169312155
DOREENPWR,2025-02-23,2.553191489361708,2.2605851393144176,9.545454545454552,1.026893755368787,3.982300884955746,False,0.4908350305498982,-5.394190871369297,-15.352697095435698
DOREENPWR,2026-01-29,3.6101083032490973,4.598938328014667,6.766917293233071,1.0609589716900243,-0.35971223021583243,True,0.849112426035503,7.6655052264808345,-7.3170731707317
DOREENPWR,2026-02-15,3.1468531468531418,2.4003397775645823,8.51851851851852,1.4098110958877696,5.925925925925931,True,0.8727810650887575,-4.745762711864402,-9.491525423728817
DSHGARME,2022-01-16,9.06785034646345,2.8260342229753523,5.673758865248227,0.8161313208656864,-0.1898733671366906,True,0.3607496097998802,-0.17441862205245148,4.011627859532192
DSSL,2019-06-10,4.142011811996779,2.505278206554822,7.317073154928612,0.48986713296581846,-3.9772727066903415,False,0.17447058834632168,13.068181804460224,2.2727272933096563
DSSL,2020-07-30,9.375000001179188,9.886502849744181,3.1578947372434754,8.842239783780256,1.0526315790811585,False,0.21999999991286673,11.428571429885723,29.523809538704782
DSSL,2020-10-07,3.6496350821740577,2.5843008194426806,7.692307692307707,0.7141882828729674,-5.517241381607599,True,0.5879310345911429,-15.492957754982397,-12.676056338028168
DSSL,2021-03-09,2.7027027436084694,2.6566680358400743,7.619047600000002,1.2236962361634531,3.73831774783824,True,0.6134453789138125,-12.280701775715597,-16.666666685087723
DSSL,2021-04-25,7.291666670198562,4.210215720320355,4.210526316138506,0.7790807276597538,-5.882352936937718,False,0.4615846341908776,17.47572811080215,31.06796118781223
DSSL,2022-02-22,9.493670886075948,3.978907951292275,6.962025316455682,0.5567100778764434,-7.6023391812865535,True,0.5663398692326926,7.514450867052027,24.27745664739884
DSSL,2022-02-23,9.826589595375717,10.75631631343252,9.493670886075948,0.9016313607618116,2.976190476190476,True,0.6830065358947841,7.368421052631572,11.052631578947377
DSSL,2022-05-10,5.405405405405405,5.48018035639034,8.620689655172415,0.765219075871598,-7.5,True,0.7173202613836345,-9.230769230769234,-4.102564102564106
DSSL,2022-08-02,3.409090909090897,3.345005524726375,8.433734939759027,0.8904461072047571,-2.2222222222222143,True,0.39241857977657035,-0.5494505494505377,-0.5494505494505377
DSSL,2022-08-29,4.972375690607726,3.946490173896455,5.681818181818182,1.0247683552884888,5.232558139534897,True,0.4821142551540722,-7.368421052631572,-10.526315789473683
DSSL,2025-02-24,4.201680672268907,2.7051914911547965,7.079646017699106,0.59996242427069,-7.031250000000003,True,0.775,-8.064516129032258,-8.064516129032258
DSSL,2025-06-26,10.000000000000004,6.275693733175324,9.523809523809511,0.8169433491027964,-1.098901098901095,False,0.7500000000000001,1.0101010101010066,7.070707070707064
DSSL,2025-08-24,5.660377358490563,2.102655428604986,8.737864077669888,0.7043792284453078,2.9126213592232904,True,0.8484848484848485,0.0,-2.678571428571419
DSSL,2025-09-08,3.5714285714285747,2.0632117676563753,8.256880733944957,1.1462280992845912,3.7037037037036904,True,0.8787878787878788,-7.758620689655175,-12.931034482758621
DUTCHBANGL,2019-01-20,10.211267612142619,6.600673376230988,6.691449808357411,0.8595205068264159,8.728943330687642,True,0.9947643981311503,-9.584664548555919,-6.549520767773857
DUTCHBANGL,2019-08-07,3.4795764026664995,2.263657514233664,8.252427177709176,1.6652567477738764,1.8489984574860956,True,0.4967880087027795,-6.140350890009108,-7.602339186586036
DUTCHBANGL,2019-09-23,4.746835438920794,2.2194727002399492,6.280193231597793,0.44402057354430075,-7.737226276860033,True,0.4053678852541622,-0.7552870148076212,2.4169184206321113
DUTCHBANGL,2019-11-11,7.670454557450719,3.3637726855201664,4.4247787764174955,0.8877464970193406,9.657320871230638,True,0.6101694917019327,-8.707124019492863,-10.422163590239904
DUTCHBANGL,2020-08-09,5.02512562388155,6.894667471608419,6.326889296980946,13.037197425557974,4.9209138951816325,False,0.4945454545488001,3.0303030413078185,6.220095688760175
DUTCHBANGL,2021-01-05,4.855842187488397,5.31270553445331,4.409448808450741,1.363922508419655,2.170542640493601,True,0.7272727274399999,-2.1707670024870027,-5.93342981290009
DUTCHBANGL,2021-03-07,6.359300464701715,5.649339300501054,5.263157896926937,0.39875532616709586,-1.100628923311973,True,0.7148594373633491,0.4484304929343748,-1.3303437925538322
DUTCHBANGL,2021-05-27,3.960396036368984,4.919081294818056,7.266435969959647,2.564563648317539,5.025996541163429,True,0.9620931189329466,36.98412698271353,40.79365080670446
DUTCHBANGL,2021-05-30,10.000000005238102,14.341401901436921,9.24657534433642,2.9094044497510976,9.565217391803403,True,1.0,19.913419920634926,23.809523809523807
DUTCHBANGL,2021-08-17,3.588516749999995,2.3227574406865807,7.081807092007433,0.7556435734777688,-2.790697672157915,True,0.7698133622376323,-6.23556582080014,-5.542725181101285
DUTCHBANGL,2021-09-09,2.7710843495645294,2.3523051787176676,4.9999999910625075,0.809082158381529,0.4842614963739028,True,0.7271074539295255,-3.868698710206993,-4.572098481560841
DUTCHBANGL,2021-11-15,4.2929292916666615,4.315238713425546,6.322580653311142,0.6666910748347192,-0.8760951238610202,True,0.6676873026225981,0.4842614963739028,-2.42130750850388
DUTCHBANGL,2024-07-07,5.063291139240503,2.715229895137831,6.07375271149674,2.738557228010001,-1.250000000000003,False,0.7793427230046948,-3.0120481927710845,11.646586345381534
DUTCHBANGL,2025-07-07,3.000000000000007,3.006614176945037,5.468750000000004,1.3882154076808493,4.438642297650138,False,0.6901172529313233,13.106796116504851,10.194174757281543
DUTCHBANGL,2025-09-01,2.594339622641513,2.135136920600284,6.097560975609756,0.9967530117726838,-6.401766004415007,False,0.7410562180579215,-3.9080459770115006,-6.896551724137931
DUTCHBANGL,2025-10-28,4.199475065616801,2.5487371092743363,3.95778364116095,0.7911044315928156,-6.61764705882352,False,0.7448405253283303,-2.267002518891702,-0.25188916876574663
DUTCHBANGL,2026-01-04,2.8061224489795773,7.5961482453859785,5.614973262032089,0.6884115062546419,0.25575447570332843,False,0.7560975609756098,-0.49627791563274376,1.4888337468982666
DUTCHBANGL,2026-02-15,3.1553398058252355,2.6673507846145075,5.303030303030306,0.8652731316136816,4.040404040404043,True,0.7973733583489682,0.23529411764706218,-0.47058823529412436
DUTCHBANGL,2026-02-26,3.3018867924528266,2.9272823240861143,5.882352941176485,1.0321544849518065,7.070707070707064,True,0.8217636022514071,-4.337899543378993,-6.3926940639269345
EASTERNINS,2021-04-05,6.175514626218854,4.129873866602395,9.111111111111114,1.7302229276316212,-2.842105263157898,True,0.7673425827107793,15.204081632653066,38.67346938775511
EASTERNINS,2021-04-06,8.469387755102039,8.528589535435225,9.555555555555548,2.1342082698984184,0.30706243602865624,True,0.855923159018143,8.184383819379118,21.730950141110075
EASTERNINS,2022-03-30,5.867346938775503,2.2426414587160073,8.575197889182059,0.6683540393629295,-5.314009661835739,False,0.1228070175438597,-12.048192771084338,-11.927710843373502
EASTERNINS,2022-10-30,3.0947775628626584,6.687871368990675,6.614785992217896,0.8515732445850075,-2.083333333333323,False,0.03520352035203515,-3.5647279549718554,-3.5647279549718554
EASTERNINS,2022-11-02,4.761904761904762,5.738890562600214,5.2529182879377485,1.4596992893814524,0.9615384615384616,False,0.05390539053905389,-6.545454545454548,-6.545454545454548
EASTERNINS,2023-05-15,6.054279749478077,4.625260955451649,4.25531914893617,4.709882883817604,1.9148936170212734,False,0.15361445783132513,22.047244094488196,-4.724409448818895
EASTERNINS,2023-05-17,4.285714285714288,3.3291063951409603,9.787234042553195,3.8890379289424466,4.25531914893617,True,0.17475728155339806,8.414872798434436,-6.8493150684931505
EASTERNINS,2023-09-03,9.815950920245408,5.381245221553701,5.0526315789473655,0.7379365219106142,-6.142034548944343,True,0.46242774566474,28.491620111731837,16.387337057728114
EASTERNINS,2023-12-13,3.987730061349684,2.3199608203799826,9.379968203497613,0.6286086309159781,-10.192837465564727,True,0.6071428571428571,0.14749262536874413,7.964601769911512
EASTERNINS,2025-08-20,9.977827050997783,5.475417349304801,8.372093023255816,0.41451392589017627,-2.380952380952384,True,0.775,7.66129032258064,3.427419354838701
EASTLAND,2019-07-29,2.8688524552016434,2.529697868802676,8.225108213555693,0.7286702220809105,-2.3999999968852825,True,0.5584415583594747,0.3984063739869981,-3.1872509918959997
EASTLAND,2021-08-23,9.350649350649354,9.503168723169276,8.49315068493151,1.4369248593915376,4.619565217391313,True,0.849350117297616,5.70071258907363,4.750593824228028
EASTLAND,2022-02-06,3.4946236559139705,3.324841850459871,4.407713498622594,0.6708674789882405,-4.370179948586108,True,0.5651670046139681,-3.116883116883124,-13.76623376623376
EASTLAND,2022-02-07,3.116883116883124,6.068607086038161,7.438016528925628,0.9533731813957378,-0.5167958656330822,True,0.6163238276005601,-6.549118387909322,-19.143576826196476
EASTLAND,2022-03-30,3.2069970845481093,4.600720884877867,7.6696165191740455,0.5266380838089375,1.4792899408284024,False,0.43301187856527207,-5.367231638418075,-4.51977401129944
EASTLAND,2022-08-31,3.717472118959108,2.1477994803150673,7.782101167315175,1.1484968852388329,7.171314741035845,False,0.13692946058091274,-7.885304659498206,-8.960573476702509
EASTLAND,2022-11-02,5.88235294117647,10.375488473983859,1.968503937007874,1.7890455313366211,0.39370078740158043,False,0.13333333333333325,-5.925925925925931,-5.925925925925931
EASTLAND,2023-05-15,3.3613445378151288,14.337437338577551,1.6877637130801777,2.514014198209587,0.42194092827004825,False,0.11382113821138228,15.447154471544703,2.84552845528455
EASTLAND,2023-05-18,8.33333333333334,11.26123491590227,6.7510548523206815,3.9541848602809795,6.329113924050633,True,0.3333333333333334,0.73260073260073,-10.622710622710631
EASTLAND,2023-07-16,4.032258064516129,4.629930036950994,6.854838709677416,0.5772932037691176,-1.9762845849802373,True,0.3939393939393941,8.527131782945734,1.1627906976744213
EASTLAND,2023-07-19,4.924242424242427,4.8123382867731825,6.854838709677416,1.7492385154340817,8.196721311475411,True,0.7031249999999998,1.0830324909747318,-7.2202166064981945
EASTLAND,2023-09-03,2.7343749999999973,2.06323725333207,6.451612903225798,0.42435746230386345,-8.571428571428566,True,0.48437500000000006,20.152091254752854,4.562737642585549
EASTLAND,2024-01-01,2.8688524590164053,4.3789270514637195,5.439330543933058,1.1761403854349475,0.0,False,0.19791666666666693,8.76494023904382,11.553784860557762
EASTLAND,2024-01-16,3.409090909090917,6.201507694967242,9.426229508196725,1.7077944996264662,6.024096385542169,True,0.4270833333333336,2.5641025641025617,3.296703296703291
EASTLAND,2024-05-13,4.3478260869565215,2.6885340406978098,9.63302752293577,1.1556994298245162,-9.090909090909093,False,0.7317073170731708,-8.750000000000007,-19.166666666666675
EASTLAND,2025-03-16,4.3956043956043995,8.815626404209366,6.179775280898864,1.484189610179043,-1.0869565217391266,False,0.6484641638225256,-2.631578947368421,-0.5263157894736916
EASTLAND,2026-01-18,2.6455026455026456,2.864869924186072,4.891304347826099,1.7313878746945934,0.5319148936170099,True,0.825531914893617,11.340206185567025,12.886597938144332
EBL,2019-01-08,3.42679127674542,3.1525039192424815,6.796116539326857,1.303660511303726,1.7579250643778257,True,0.26288209590849443,1.8072289190205821,3.0120482249113234
EBL,2019-01-20,3.2934131727047387,3.207900556632133,7.936507958489225,1.5536262771157545,4.971428552626654,True,0.3547619047783908,-2.318840596479995,-1.449275358431791
EBL,2019-01-23,4.733727806254048,5.207037798566663,7.098765436883794,1.3334405554582456,6.5329512819250795,True,0.401904761634392,-3.954802242376767,-5.649717499778553
EBL,2020-01-19,3.184713366679433,2.15329809173333,8.82352940541198,0.26692698689931155,-4.268292663513519,False,0.3033707862999069,6.790123454271687,8.024691343921472
EBL,2020-08-04,2.5889967829977163,2.9696880228323983,6.148867332882654,1.8264492820830345,0.0,False,0.3490566033147636,17.66561514484981,15.772870662065941
EBL,2021-01-05,5.322128829552419,18.740253478412242,6.470588233235832,1.2288866698520604,-1.1080332307525802,True,0.7804878039868385,3.989361727185832,-0.7978723243434271
EBL,2021-04-11,6.57534247805686,26.106871592446563,8.938547475719586,1.3562138923359681,-2.6666666943966724,True,0.8515624995723915,1.7994858700054492,4.2095115833014525
EBL,2021-05-19,2.9069767476084944,2.224104568115656,9.375000013183586,1.5321136709014338,1.5577889686903454,True,0.9747266541386244,3.672316366136404,-1.6949152752441785
EBL,2021-09-12,3.968253958333339,2.5165699731600966,3.260869575518383,1.5412315863166213,4.132231394201223,True,0.9593847212414649,1.0178117176543686,0.0
EBL,2021-09-13,4.071246841991518,2.9121163851909153,8.15217392351062,1.6654984768478613,8.563535893745625,True,0.9437041474287874,-1.4669926831947404,-4.645476775104469
EBL,2021-10-27,4.607046067073176,4.108704078307757,8.539944885481423,0.9208930174076752,-8.43672456007673,True,0.7451484016738192,1.295336803798421,-0.5181347215193683
EBL,2026-01-01,2.880658436213989,2.3675740886659513,7.423580786026214,1.1282762221380875,7.048458149779742,True,0.9124087591240876,-1.2000000000000028,1.2000000000000028
EBL,2026-02-15,3.030303030303033,3.850519047782687,6.854838709677416,1.5709405611071876,6.882591093117406,True,0.9927007299270073,3.6764705882352944,-2.5735294117647034
EBL1STMF,2019-09-24,8.333333333333341,2.049645473743821,6.2499999999999964,0.3733178962520259,-12.727272727272732,False,0.07547169811320761,5.769230769230766,-5.769230769230766
EBL1STMF,2020-09-21,8.163265306122437,3.9436822342243434,8.333333333333341,0.6740840181286912,-7.547169811320745,True,0.33333333333333326,37.735849056603776,35.84905660377359
EBL1STMF,2022-01-12,2.6666666666666687,5.708128580453472,9.722222222222223,1.2604763247606576,-3.8461538461538445,False,0.47916666666666674,-2.5974025974025996,-2.5974025974025996
EBL1STMF,2022-03-08,2.77777777777778,2.242395963922001,4.166666666666664,1.3684674913712436,-2.702702702702705,False,0.41666666666666674,2.7027027027026933,1.3513513513513467
EBL1STMF,2022-03-13,2.7027027027026933,2.2727745255033733,5.555555555555548,1.3897642098789644,-1.3333333333333286,False,0.45833333333333326,-1.315789473684206,-1.315789473684206
EBL1STMF,2022-03-15,3.947368421052641,5.498579190417604,6.944444444444445,1.3558665065895852,2.7027027027026933,False,0.5208333333333335,-3.797468354430389,-6.329113924050632
EBL1STMF,2022-06-08,2.739726027397263,4.487088711394262,5.71428571428572,1.2752931466307014,-1.3513513513513586,False,0.20588235294117654,-1.3333333333333286,1.3333333333333286
EBL1STMF,2024-02-12,8.928571428571429,3.0236364697484612,9.615384615384615,1.9840342672865265,-24.324324324324333,False,0.3214285714285713,1.6393442622950907,-13.114754098360654
EBLNRBMF,2021-10-10,4.285714285714283,2.1952278418336864,7.575757575757576,0.7428525668938899,0.0,True,0.7105263157894736,-10.958904109589039,-10.958904109589039
EBLNRBMF,2022-03-15,3.0769230769230793,3.4538947040042607,6.451612903225798,0.8507153802829839,1.5624999999999944,False,0.5526315789473685,-4.477611940298504,-7.462686567164178
EBLNRBMF,2022-04-19,4.918032786885258,2.031868320356461,6.557377049180333,0.45732597292468863,-7.575757575757576,False,0.4736842105263159,3.124999999999989,-4.687500000000011
EBLNRBMF,2022-07-04,3.174603174603177,2.26779814502678,4.838709677419352,0.5572231311097375,-1.5625000000000084,True,0.23999999999999985,-1.538461538461533,6.153846153846159
ECABLES,2019-04-04,5.696882837692574,5.5920961241335645,8.679245283018867,0.7015214595531422,-0.5700035625222536,True,0.92624936618225,8.915254237288138,1.694915254237288
ECABLES,2022-09-19,9.628886659979933,4.451258402376114,9.983452840595694,1.599235102004682,9.021323127392018,True,0.9932497589199613,-12.671546203110701,-1.7383348581884643
ECABLES,2022-12-18,7.213284898806438,3.5413038574328897,8.063631376851337,0.8332822444129491,-5.307125307125313,True,0.6468797564687976,-9.825750242013545,-3.339787028073575
ECABLES,2023-01-16,4.391008886565592,2.4166385947439597,5.9620596205962055,0.6873646788533858,-0.7265179034768954,True,0.5943683409436833,0.25037556334501754,-3.7055583375062486
ECABLES,2023-05-09,9.999999999999993,5.513401437080724,7.004964147821284,1.3127528107639896,3.143960286817423,True,0.6400304414003043,3.4516285853184363,-1.65289256198346
EGEN,2022-05-17,2.9106029106029077,2.1323130542321906,6.382978723404255,1.3847358747177183,-5.500982318271115,False,0.4362606232294617,-4.848484848484846,-5.05050505050505
EGEN,2023-01-24,4.646840148698885,2.455637879833218,9.615384615384617,1.827384742354551,8.467741935483861,True,0.5519999999999999,-12.966252220248665,-19.71580817051509
EGEN,2024-04-23,3.880597014925365,4.457478021404457,8.974358974358978,1.0249824182428917,-1.4705882352941175,False,0.16176470588235287,28.1609195402299,31.60919540229885
EGEN,2025-06-16,5.9139784946236436,3.7159553805442997,9.39226519337016,0.8544096762882797,-1.5873015873015723,False,0.3752380952380952,-4.568527918781719,10.152284263959391
EGEN,2025-08-19,3.720930232558143,4.635138602981181,8.3743842364532,0.7457923332585865,0.4672897196261749,False,0.5792207792207792,17.04035874439462,22.869955156950663
EGEN,2026-01-20,3.0927835051546464,2.3927736139713236,8.51063829787233,0.8153118604369581,-0.5128205128205201,False,0.6060606060606061,-0.9999999999999963,6.999999999999992
EGEN,2026-02-10,4.522613065326644,3.6114386491963724,6.315789473684206,1.1483011226151139,3.64583333333333,False,0.6303030303030304,8.653846153846157,1.4423076923076956
EHL,2019-01-09,4.907975460122697,7.47603784987034,9.865470852017934,1.4523143633845685,5.161290322580642,True,0.5364238410596025,2.1442495126705685,11.695906432748538
EHL,2019-03-11,3.486238532110089,2.225155359651932,7.456978967495232,0.40181868261795844,-3.7102473498233235,True,0.5322580645161289,-8.333333333333325,-14.716312056737586
EHL,2019-06-09,9.839357429718888,14.424140495530457,3.6960985626283307,0.6931297458896403,-3.4883720930232642,True,0.46370967741935487,-4.021937842778798,-5.118829981718472
EHL,2019-08-25,3.962264150943399,4.339227312832183,4.26356589147286,0.8787002131501893,4.536489151873761,True,0.4798387096774194,-7.441016333938297,-11.796733212341197
EHL,2019-11-06,2.5700934579439285,2.013914246028617,8.16831683168318,0.6571139330952891,-10.83333333333334,False,0.13620071684587803,-5.011389521640082,-5.011389521640082
EHL,2020-07-28,2.525252525252525,3.2235103881803244,4.134366925064584,2.281482058025573,2.3255813953488333,False,0.24890829694323158,6.403940886699511,11.08374384236453
EHL,2020-08-06,3.3573141486810516,2.694032649893898,9.302325581395333,3.237705725730602,7.751937984496124,False,0.3580786026200875,1.6241299303944219,7.192575406032485
EHL,2020-09-06,2.844638949671766,2.1352837606869057,7.925407925407922,1.0017730855737064,8.551068883610455,True,0.5283842794759827,-5.106382978723401,-3.8297872340425467
EHL,2021-01-03,4.116222760290563,2.9291789402043875,7.161125319693087,1.7520539617957458,4.292929292929282,True,0.5159235668789809,4.186046511627901,0.0
EHL,2021-03-08,3.3018867924528266,2.358817580994897,7.304785894206544,1.4167861200549718,1.4354066985645968,True,0.5668789808917195,-2.2831050228310503,-7.305936073059352
EHL,2021-05-11,2.7906976744186114,3.4962272192896586,9.644670050761432,2.1221789106299633,7.231920199501244,True,0.6642857142857146,5.882352941176458,9.049773755656108
EHL,2021-05-30,5.643340857787811,5.001586176839446,6.807511737089198,1.3830663929849554,8.31295843520782,True,0.8499999999999999,2.991452991453004,10.683760683760685
EHL,2021-08-24,4.496402877697841,4.04313663481824,5.360443622920514,0.8981093399623445,0.9074410163339384,True,0.9417475728155341,5.163511187607573,1.5490533562822695
EHL,2021-09-06,9.861591695501735,9.908695656027533,9.611829944547127,1.1502872883345827,4.144144144144139,True,1.0,-5.039370078740162,0.7874015748031495
EHL,2022-01-03,3.9175257731958735,2.8606444606135533,8.078602620087343,0.7966713602387925,-5.6420233463035,True,0.40418118466898956,7.341269841269847,18.849206349206348
EHL,2022-05-05,3.2490974729241957,2.3000714543089393,9.143968871595337,0.9799388736738,-0.18018018018018275,True,0.6334519572953737,-3.4965034965034962,7.8671328671328675
EHL,2022-08-01,4.066543438077626,2.2505378394890427,8.880308880308883,0.8868177963883813,-6.884681583476763,True,0.3790613718411552,7.2824156305506245,80.10657193605685
EHL,2022-08-02,2.664298401420959,3.2998820429070173,9.266409266409276,1.0762628923679671,-2.4263431542461102,True,0.43321299638989164,8.99653979238755,81.83391003460207
EHL,2023-11-30,5.150753768844233,2.802454593413652,9.102564102564095,0.5164650675834009,-9.750566893424045,False,0.23076923076923084,-0.1194743130227103,2.0310633213859055
EHL,2023-12-28,2.9797377830750893,3.2336549224745323,5.714285714285707,0.9296086424361661,7.289002557544761,False,0.27692307692307705,10.648148148148135,8.33333333333332
EHL,2024-01-08,4.220398593200479,3.151690283048428,8.074534161490684,1.3149902260877457,1.4268727705112996,False,0.3196581196581198,8.548931383577047,6.29921259842519
EHL,2024-05-06,2.682926829268296,2.381249244527524,8.279430789133254,1.1294418606253618,-4.317386231038509,False,0.1342412451361869,-8.78859857482186,-12.589073634204285
EHL,2024-07-04,4.289544235924938,3.489975800714114,7.571428571428568,1.1244483524337614,2.4725274725274686,False,0.2183288409703503,-7.583547557840606,8.740359897172233
EHL,2024-08-07,9.561752988047813,3.345268075410296,9.927007299270068,0.7390044886353013,1.6194331983805705,False,0.3856749311294766,-4.727272727272734,-4.606060606060602
EHL,2024-12-17,3.9816232771822486,2.4146117574924624,9.218750000000009,0.535566986099661,-8.286516853932593,False,0.6716122650840752,-3.6818851251840936,-4.860088365243021
EHL,2025-02-06,9.911242603550301,9.39921590286658,9.218750000000009,1.5543000424313305,3.840245775729647,True,0.734915924826904,-1.7496635262449494,-1.3458950201884252
EHL,2025-04-06,4.150453955901431,4.072676788006806,7.534246575342466,1.3542428761698655,5.471956224350206,True,0.902247191011236,-8.966376089663765,-8.468244084682437
EHL,2025-06-25,3.708987161198301,3.212983814709559,6.6378066378066505,1.1714797685200373,-0.9887005649717555,True,0.8299086757990869,7.015130674002743,7.840440165061901
EHL,2025-07-09,4.324324324324328,4.7566727253191985,8.94660894660895,1.790319792231197,5.714285714285714,True,0.8812785388127855,4.792746113989641,13.989637305699478
EHL,2025-07-30,6.459948320413436,3.2711767168407704,6.527415143603134,1.7475305339727072,7.202216066481998,True,0.9406392694063929,5.946601941747562,9.101941747572814
EHL,2026-02-01,3.1806615776081424,2.0054246756021348,5.9920106524633825,1.28341738156711,6.648575305291711,True,0.8646055437100213,0.0,-4.069050554870527
EIL,2021-12-23,3.4782608695652257,4.964378627220891,7.055214723926372,0.9271673600651257,-1.9886363636363715,True,0.5461847389558234,-3.0812324929972026,-6.722689075630267
EIL,2022-02-06,8.459214501510564,7.450713366563894,6.25,0.832515464488212,-4.335260115606936,True,0.5542168674698794,-8.356545961002785,-17.548746518105844
EIL,2022-03-30,3.1847133757961785,2.875876480389827,7.260726072607258,0.6583650651319746,-0.317460317460322,False,0.401639344262295,-9.25925925925926,-8.641975308641966
EIL,2022-11-02,7.394366197183104,20.555091617561807,2.4734982332155453,1.8154149977919254,0.3533568904593564,True,0.7724719101123595,-7.213114754098358,-7.213114754098358
EIL,2023-07-16,9.019607843137258,4.955644164344503,8.695652173913041,0.48349718899840577,-8.602150537634405,True,0.3608247422680413,22.30215827338129,6.4748201438848945
EIL,2023-11-14,4.377104377104379,2.4525233886697597,6.44067796610169,0.7721302303872166,-2.6229508196721336,True,0.5114503816793894,-0.6451612903225784,10.967741935483867
EIL,2023-11-19,2.588996763754048,2.7680747101767094,6.44067796610169,0.9939720916669854,1.644736842105263,True,0.564885496183206,-1.8927444794952615,11.356466876971602
EIL,2024-09-15,2.9850746268656687,2.4463404789016066,8.390022675736951,1.0146591899757078,3.7610619469026454,True,0.9360465116279069,-2.691511387163555,5.590062111801249
EIL,2024-12-17,3.8461538461538485,2.275910712246502,7.22433460076045,0.6585232193152784,-4.8780487804878,True,0.9513422818791947,3.1746031746031695,6.349206349206339
EIL,2025-01-13,5.272108843537417,2.363262333027976,8.064516129032258,0.9658369180187918,7.6923076923076845,True,0.9856687898089173,-14.216478190630044,-30.694668820678515
EIL,2025-09-07,2.6011560693641576,2.2273403716058047,7.185628742514965,1.0551967264519748,2.670623145400589,False,0.5572998430141287,-8.732394366197187,-5.070422535211259
EIL,2025-10-07,3.37423312883436,2.318702236851136,9.50819672131147,0.48686564638961743,-5.780346820809249,False,0.5290423861852434,-10.682492581602379,-13.353115727002976
EIL,2026-01-18,3.942652329749109,2.531286192989604,7.2727272727272725,0.9128084659117246,-3.4602076124567476,False,0.4552590266875981,1.0344827586206922,2.0689655172413843
EIL,2026-01-19,3.4482758620689653,4.104823863497606,7.2727272727272725,1.0272310331686882,4.316546762589925,False,0.47095761381475665,-2.9999999999999956,-2.333333333333331
EMERALDOIL,2021-03-01,8.910891089108915,3.8201108426683605,7.368421052631572,0.9941121641386902,0.9999999999999963,True,0.28301886792452824,9.090909090909092,20.909090909090917
EMERALDOIL,2022-05-08,5.539358600583108,4.795634745015913,9.206349206349202,0.7992275579633189,0.0,True,0.6956521739130437,-6.353591160221006,4.419889502762415
EMERALDOIL,2023-04-09,9.451219512195127,4.492771752581049,9.966777408637874,1.0873076790587792,0.0,True,0.4216216216216215,45.682451253481894,111.97771587743732
EMERALDOIL,2025-02-12,9.956709956709945,2.9904885573171684,9.999999999999996,0.7890355688156678,0.0,False,0.08994708994708991,-3.1496062992125875,-6.299212598425188
EMERALDOIL,2025-08-19,4.347826086956532,2.4014085089147703,5.853658536585363,0.8842217335076622,-8.81057268722467,False,0.12996389891696755,-11.11111111111112,-14.814814814814827
ENVOYTEX,2020-09-22,3.0075187969924704,3.2494165623048668,7.66129032258064,1.6691690083878317,9.46502057613169,True,0.6040268456375839,3.649635036496351,-5.8394160583941535
ENVOYTEX,2021-01-13,3.174603174603177,2.024430166369433,9.999999999999993,1.1934083125925723,-1.5625000000000084,True,0.5846153846153848,-6.538461538461536,-11.15384615384615
ENVOYTEX,2021-09-05,3.1700288184437877,2.06928189623788,9.939759036144569,0.6010195709681728,1.7595307917888603,True,0.9124999999999996,18.435754189944138,31.00558659217878
ENVOYTEX,2021-09-06,9.776536312849164,17.9948251934016,9.939759036144569,0.7544086726104989,-0.5555555555555635,True,1.0,16.03053435114505,19.338422391857513
ENVOYTEX,2022-07-27,6.1032863849765295,3.2069597786706407,8.536585365853659,1.030779911729222,-4.910714285714277,False,0.609375,-1.9911504424778885,2.6548672566371585
ENVOYTEX,2025-07-20,3.883495145631054,3.33261510870013,4.761904761904758,1.8299503582894967,2.743142144638407,True,0.8542914171656686,7.710280373831786,9.345794392523366
ENVOYTEX,2025-07-28,3.809523809523813,2.1057119823103645,8.208955223880588,1.8021176034877304,5.0,True,0.8702594810379242,3.2110091743119233,15.59633027522935
ENVOYTEX,2025-08-17,5.145413870246078,2.36002601381875,8.863636363636362,2.4707131876338524,8.232445520581127,True,0.9381237524950099,14.680851063829783,8.936170212765964
ENVOYTEX,2025-08-24,6.709956709956698,3.5639617488942346,8.539325842696623,1.911883004628848,8.450704225352116,True,0.9840319361277444,9.533468559837734,18.458417849898584
ENVOYTEX,2026-01-06,4.462474645030432,4.082462476255234,7.592190889370933,0.9721032633080992,3.7894736842105203,True,0.8072100313479624,2.13592233009709,-2.13592233009709
ENVOYTEX,2026-01-18,4.322200392927314,3.15321891387118,8.54166666666667,1.634055836850712,6.041666666666664,True,0.8322884012539186,-6.779661016949155,-0.9416195856873822
ENVOYTEX,2026-02-15,2.7184466019417446,2.4808753516166835,6.3394683026584895,0.9717686966168,0.9803921568627451,True,0.829153605015674,-3.0245746691871482,-5.671077504725898
EPGL,2022-05-09,5.789473684210534,6.376944839449199,9.065934065934078,1.1628168647956043,-2.3136246786632357,False,0.16386554621848762,-12.686567164179108,-0.7462686567164285
EPGL,2022-07-05,7.731958762886598,13.673309944560772,7.200000000000008,0.7331683071264246,-1.0204081632653206,False,0.3191489361702128,-13.157894736842108,-16.50717703349282
EPGL,2022-08-28,3.932584269662917,2.104829905749245,8.695652173913043,0.6673858047548101,1.7142857142857182,False,0.1440329218106996,-5.405405405405405,1.3513513513513513
EPGL,2022-09-22,9.742120343839538,8.0389482212772,7.536231884057976,0.6303608667112859,-0.8522727272727394,False,0.19753086419753077,-9.138381201044387,-9.921671018276754
EPGL,2022-11-08,4.2492917847025495,7.3284821026562215,6.956521739130431,1.3839069149513485,1.4367816091954024,False,0.2199999999999998,-6.249999999999993,-6.249999999999993
EPGL,2023-05-10,4.857142857142866,6.556268223417194,4.3478260869565215,114.98849505454776,1.4492753623188406,True,0.3516483516483519,-1.634877384196189,5.1771117166212495
EPGL,2023-06-05,5.191256830601089,5.582266105855001,6.666666666666658,0.9140038251497042,2.5210084033613405,True,0.5494505494505494,-9.090909090909092,-8.051948051948056
EPGL,2024-03-14,3.8910505836575875,3.0401801104825315,9.411764705882348,0.4800746852080178,-11.986301369863014,False,0.08108108108108104,-11.235955056179774,-14.981273408239701
EPGL,2024-07-04,5.10204081632653,2.3079899942210504,7.608695652173925,1.581627480980599,-1.0101010101010066,False,0.10045662100456634,-2.9126213592233077,12.62135922330096
EPGL,2025-01-23,3.174603174603177,5.356339844207879,4.032258064516129,0.8844156403063475,1.6129032258064457,False,0.37681159420289856,67.6923076923077,62.30769230769232
EPGL,2025-02-02,9.489051094890517,4.164848425321145,9.599999999999994,1.741956538961422,8.730158730158728,False,0.43478260869565216,45.333333333333336,35.99999999999999
EPGL,2025-08-26,9.999999999999996,2.245682160664204,8.484848484848476,0.920463679734595,-2.857142857142857,True,0.7362204724409449,17.11229946524064,3.7433155080213867
EPGL,2025-10-30,7.4534161490683175,2.1666975918514626,9.090909090909092,0.5136812293654583,-16.58031088082901,False,0.6811023622047244,-15.028901734104053,-4.624277456647403
ESQUIRENIT,2021-04-25,5.633802816901405,2.402719167314113,10.0,0.8316609920321477,-5.752212389380533,False,0.2576687116564417,11.999999999999996,17.33333333333333
ESQUIRENIT,2021-08-05,6.417112299465237,2.7967441762474246,8.426966292134832,0.5431367450083519,-13.425925925925936,True,0.8319327731092436,-6.281407035175881,-4.020100502512549
ESQUIRENIT,2021-09-08,9.947643979057585,10.919697505924539,8.174386920980927,0.7304243375475231,-4.020100502512549,True,0.9243697478991598,-7.619047619047626,1.6666666666666736
ESQUIRENIT,2021-09-29,3.2581453634085324,2.026249408127644,7.486631016042793,0.6741547048432899,6.399999999999996,True,0.8907563025210087,-6.310679611650488,-8.98058252427185
ESQUIRENIT,2021-12-06,2.898550724637681,2.069093991300379,7.951070336391419,0.5873350740067772,-4.958677685950406,True,0.640495867768595,-0.28169014084507443,-1.4084507042253522
ESQUIRENIT,2022-01-17,5.801104972375675,6.831741924596757,5.730659025787966,2.1632880304491495,1.68539325842697,True,0.7561983471074378,-7.310704960835503,-6.7885117493472436
ESQUIRENIT,2022-05-08,3.682719546742222,10.481962766426284,9.538461538461544,1.0903725302520975,3.8235294117646976,True,0.680672268907563,-7.103825136612025,-3.5519125683060224
ESQUIRENIT,2022-07-25,3.8461538461538587,2.5478942121986172,7.4850299401197615,1.1714761418947945,0.5952380952380826,False,0.33576642335766427,7.977207977207969,4.843304843304831
ESQUIRENIT,2022-07-31,5.555555555555551,4.188631872361614,8.108108108108118,1.4231537869181625,-1.440922190201729,True,0.40875912408759124,7.7562326869806,4.986149584487527
ESQUIRENIT,2022-08-01,9.972299168975072,32.37001208773304,9.909909909909924,1.614300995975281,3.1428571428571472,True,0.6715328467153285,-3.526448362720417,-4.030226700251893
ESQUIRENIT,2025-03-13,6.0606060606060534,3.04724431216078,8.10810810810811,0.3129061819587052,3.587443946188344,True,0.7163742690058479,-6.122448979591836,-11.020408163265303
ESQUIRENIT,2025-08-24,7.048458149779742,2.017084152799532,6.756756756756757,0.7591500400606628,5.092592592592583,True,0.8868613138686132,17.283950617283946,13.991769547325097
ETL,2019-06-09,2.7272726717355424,2.6392790349128816,3.73831774783824,0.8925434277275167,0.9174312386162737,True,0.35360824723191947,0.8849557966168021,0.0
ETL,2019-06-10,2.6548672969300613,3.514348413234301,5.60747662175736,1.1101359997085645,3.669724761804563,True,0.387628866300017,-0.8620690084348949,-4.310344861140009
ETL,2019-09-18,3.9603960401186176,3.763295764878279,8.080808070844816,1.0941009961758894,-4.716981177491988,False,0.2684210525624709,-1.9047619000000005,-12.380952379999997
ETL,2020-02-13,5.494505492096378,2.2633103370999033,8.045977003170842,1.0081250736077034,-2.1505376290669447,False,0.3611111114594909,0.0,-9.37499999829103
ETL,2020-08-03,4.761904762500002,9.89646163908643,3.6585365759964206,22.11720062631168,2.439024383997621,False,0.3800000003318,-1.1363636335162817,-3.4090909124806426
ETL,2020-08-06,3.6585365759964206,4.0728967127369735,9.756097548795363,24.41105315090646,0.0,False,0.32000000023519976,7.058823536678204,5.882352938996553
ETL,2020-08-13,4.651162791549488,3.5296998480537645,9.756097548795363,24.571509398469928,4.878048767995242,False,0.4200000002562,-3.3333333251666777,5.55555556527777
ETL,2020-08-16,4.444444445222224,5.526907906442601,9.756097548795363,24.814393699918423,9.756097548795363,False,0.500000000315,-8.510638299298328,-1.0638297846197475
ETL,2020-10-04,5.55555556527777,2.807412362390993,9.195402299682923,0.7551189897713302,4.651162791549488,True,0.5200000004871999,-1.0526315873240912,-9.473684219601104
ETL,2020-12-13,3.614457831325288,5.003063785064189,2.4390243902439157,1.9697050311341795,6.280487798397541,True,0.46304347856505185,-4.651162790697678,-1.1627906976744147
ETL,2021-05-02,6.153846153846159,7.441988755313931,7.8125,4.508969563816125,-20.731707317073162,False,0.11217948710757726,26.08695652173911,36.231884057971016
ETL,2021-05-06,5.882352941176476,4.971240298413744,9.374999999999995,4.942616401118059,-17.073170731707314,False,0.17948717937212358,13.888888888888875,41.66666666666665
ETL,2022-02-13,2.857142857142864,2.4885563329081433,6.999999999999992,0.8778213721763729,2.9411764705882426,True,0.49438202247191015,3.7037037037036904,6.481481481481474
ETL,2022-02-24,4.8076923076923075,7.437202454335932,7.843137254901968,1.0170771110262504,0.9708737864077635,True,0.5056179775280899,3.6697247706422047,-0.9174311926605472
ETL,2022-07-12,6.185567010309293,3.3861443575455588,8.791208791208799,1.5291311460326935,2.1052631578947296,False,0.2424242424242426,-6.796116504854378,-4.854368932038835
ETL,2022-08-04,4.12371134020619,2.2050648616824127,8.602150537634397,0.9019321068782233,1.041666666666663,False,0.21212121212121213,-2.9702970297029596,-5.940594059405938
ETL,2022-08-07,3.960396039603964,4.69392534645258,8.602150537634397,1.0271313744933221,4.12371134020619,True,0.27272727272727276,-7.619047619047626,-8.571428571428575
ETL,2023-05-08,7.368421052631572,22.476360943645204,2.1276595744680775,4.84362046104173,1.0638297872340388,True,0.4838709677419353,-6.862745098039209,-7.843137254901951
ETL,2023-06-22,3.1914893617021165,8.98110150674706,2.1276595744680775,0.7547441102701886,-1.0526315789473648,True,0.3448275862068965,4.12371134020619,-2.0618556701030855
ETL,2023-06-26,9.473684210526319,22.575345160695772,6.382978723404251,2.1887087186663923,1.0638297872340388,True,0.6296296296296298,-3.8461538461538494,-9.615384615384615
ETL,2023-11-12,3.1914893617021165,12.403039877804218,1.0638297872340388,0.6503984360874194,0.0,True,0.19047619047618983,11.340206185567025,11.340206185567025
ETL,2023-11-15,3.1914893617021165,8.891841189413796,7.446808510638291,3.043821693017429,0.0,True,0.14999999999999947,7.216494845360836,16.49484536082476
ETL,2023-11-16,9.278350515463922,21.68454290646509,7.446808510638291,3.920155915645654,3.1914893617021165,True,0.5999999999999996,-7.547169811320745,13.207547169811324
ETL,2025-01-15,5.208333333333334,4.332721327891552,7.526881720430099,1.03277384877006,-4.0000000000000036,False,0.5179487179487179,-13.861386138613865,-2.9702970297029596
ETL,2025-02-23,5.05050505050505,2.934315575577424,9.677419354838694,1.2617455238774742,2.0618556701031037,False,0.5333333333333333,-6.730769230769241,0.9615384615384581
ETL,2025-03-19,6.730769230769224,5.0449135706007056,9.375000000000004,0.6174805320012895,7.216494845360836,True,0.6098901098901099,-11.711711711711704,-18.01801801801802
ETL,2025-06-26,4.651162790697678,2.762505113189592,8.536585365853671,0.9077848028050219,-3.37078651685394,False,0.6666666666666666,-1.1111111111111072,-1.1111111111111072
ETL,2025-07-16,3.409090909090897,2.2060723512472156,5.681818181818182,1.4087587631592668,2.32558139534885,False,0.674074074074074,2.19780219780221,-2.19780219780219
ETL,2025-07-30,3.333333333333341,2.9383647916694344,5.681818181818182,1.1560303157366543,0.0,False,0.688888888888889,-4.3010752688172085,7.526881720430099
ETL,2025-08-26,3.2967032967033045,3.0859558522308985,8.045977011494266,0.9090773127565346,3.409090909090897,False,0.6962962962962963,17.021276595744677,9.574468085106387
ETL,2025-08-27,6.382978723404251,3.5779854243241895,9.195402298850585,1.161800420179582,5.617977528089887,True,0.7407407407407407,5.9999999999999964,5.0
EXIM1STMF,2019-06-24,5.882352941176485,3.6955459348255753,8.163265306122437,1.3274459913177128,0.0,False,0.34782608695652195,20.370370370370363,18.51851851851852
EXIM1STMF,2021-06-13,7.246376811594203,4.445825575867353,9.230769230769226,1.429537894972747,6.153846153846159,True,0.6346153846153846,0.0,21.621621621621614
EXIM1STMF,2022-01-03,3.174603174603177,2.118077150929778,4.838709677419352,0.8695495018469869,-5.970149253731349,False,0.3207547169811321,0.0,-6.153846153846159
EXIM1STMF,2022-01-11,4.687499999999997,3.401315991269258,8.064516129032258,1.2325744920408601,-1.538461538461533,False,0.35849056603773594,-4.477611940298504,-7.462686567164178
EXIM1STMF,2022-03-06,3.448275862068969,3.375922723103531,6.896551724137938,0.6761354386551548,-6.451612903225811,False,0.22641509433962267,4.9999999999999964,3.333333333333336
EXIM1STMF,2022-03-14,3.333333333333336,3.142365295473748,7.017543859649113,1.0539826720108587,-3.2258064516129057,False,0.26415094339622647,-1.6129032258064602,-1.6129032258064602
EXIM1STMF,2022-03-15,6.451612903225798,8.202923113784538,8.771929824561402,1.27209507305798,0.0,False,0.33962264150943394,-6.0606060606060534,-7.575757575757576
EXIM1STMF,2022-07-26,3.5087719298245648,2.257188731870046,8.928571428571429,0.7982390728549306,-3.3898305084745792,False,0.06666666666666682,1.6949152542372818,1.6949152542372818
EXIMBANK,2019-05-05,4.761904780498872,2.496343121629167,8.080808082376798,1.679074588921728,6.060606074724509,True,0.33898305109774496,4.545454562396699,3.636363612644626
EXIMBANK,2019-09-23,5.940594052472805,4.4062530440257754,3.0303030321854862,1.0584943981120694,-3.8095238146371884,False,0.4047619047328515,-4.672897195903576,-2.803738348196347
EXIMBANK,2019-12-02,2.970296990716607,8.803128060412313,5.154639174821983,0.8316905816162748,0.0,False,0.3333333325198414,-4.807692279262206,-5.76923073511465
EXIMBANK,2020-02-16,5.000000009737486,4.447796468873591,6.31578947731855,1.1206334002956428,6.382978727348357,True,0.3250000003074997,-11.42857143414966,-18.09523810732426
EXIMBANK,2020-07-08,4.651162797627096,2.5410929157969315,9.302325583335586,1.0594525793503506,-4.444444450771605,False,0.3095238093611111,2.2222222196913677,1.111111104151239
EXIMBANK,2020-10-28,2.803738348196347,3.07094973534464,4.7169811530571435,0.8684760444566383,-4.464285731445317,True,0.8684210522766619,1.818181806322321,6.363636368719004
EXIMBANK,2020-11-17,3.636363612644626,2.3737806812806475,8.25688073049407,1.1457217398844872,0.0,True,0.9024390249512195,7.017543815481682,3.508771907740841
EXIMBANK,2020-12-01,4.273504201621738,3.6134338565109227,9.090909031611574,1.8206183752869705,2.631578975761771,True,0.97826086858672,-3.2786885053077115,-3.2786885053077115
EXIMBANK,2021-01-04,3.333333398819449,2.342034429583278,7.079646066665347,0.795789249494718,-1.639344252653848,True,0.979166667858941,4.032257996520549,0.0
EXIMBANK,2021-03-22,2.727272662892569,2.5905754655515243,6.6037735949403835,1.145290302576751,0.0,True,0.6101694911544098,-0.884955701640692,-2.654867195630048
EXIMBANK,2021-05-05,3.508771907740841,3.754444477830193,4.587155982282642,0.8749697392410809,3.636363612644626,True,0.6949152542490663,3.3898304878626813,-5.317796594121653
EXIMBANK,2021-08-17,6.349206349206354,8.656029890390284,6.7796610169491425,1.417353412312036,6.7796610169491425,True,0.9593253968276163,-2.9850746268656745,-0.7462686567164152
EXIMBANK,2021-11-16,3.124999999999989,4.947647200026371,4.032258064516129,0.8683922383764946,0.0,True,0.8808139534537249,-1.5151515151515098,-3.0303030303030196
EXIMBANK,2021-11-21,6.766917293233071,16.912453813716354,8.0,1.7864624714566335,5.555555555555564,True,0.951877934261004,-7.042253521126761,-11.971830985915489
EXIMBANK,2024-04-23,3.2967032967033045,2.3732374521287034,7.865168539325834,0.9568134360351275,-6.185567010309275,False,0.831858407079646,3.1914893617021165,-1.0638297872340388
EXIMBANK,2024-07-04,3.750000000000009,2.983669993046901,6.410256410256422,0.91396464703693,-5.88235294117647,False,0.7345132743362832,0.0,20.481927710843365
EXIMBANK,2024-08-07,5.813953488372093,2.2166529497941303,8.641975308641989,0.8221854867149064,6.17283950617284,False,0.8053097345132743,-2.19780219780219,0.0
EXIMBANK,2025-02-25,4.5454545454545565,5.305013581878929,4.615384615384613,0.6286534966363452,0.0,False,0.6106194690265486,-2.898550724637684,-4.347826086956532
EXIMBANK,2025-07-07,8.928571428571429,5.664939912040624,7.692307692307682,0.7711968852302103,1.818181818181812,False,0.18333333333333326,1.6393442622950907,1.6393442622950907
FARCHEM,2019-05-02,6.7226890997104825,2.7086601964925343,7.627118659077864,0.7234241009128357,-10.526315767708752,False,0.10975609787180265,-0.7874016532333158,-0.7874016532333158
FARCHEM,2019-05-05,3.9370078330956613,2.1723719283490577,8.474576277506477,0.9575513043666334,-3.0534350837363724,False,0.17073170705532428,-3.0303029999999938,-4.545454583333338
FARCHEM,2019-06-11,3.1249999677734306,4.0315450578687155,4.878048821931379,0.6573813627508324,0.7874015666191354,False,0.17073170705532428,-4.545454583333338,-9.090909083333337
FARCHEM,2019-06-18,3.1746032314184935,3.077575188192117,8.064516139047864,1.3365763026930821,0.7999999922560022,False,0.14634146338191553,-2.3076922842603462,-10.769230744497033
FARCHEM,2019-06-27,3.1746032314184935,3.006456954914264,5.600000033792007,1.2853517993255803,0.0,False,0.14634146338191553,-11.538461590532545,-11.538461590532545
FARCHEM,2019-08-06,4.504504558964372,2.24314082220115,9.52380948140589,0.9985559045793408,-11.904761877739979,False,0.16000000052360003,-1.7241380078775392,-12.068965552556492
FARCHEM,2019-08-21,3.508771992459219,3.1045911120936367,7.272727299999993,1.2640882601083328,-1.7241380078775392,False,0.1800000003277999,-9.322033923901165,-13.559322053332377
FARCHEM,2019-12-30,5.1282051282051215,2.3793264778738465,6.756756756756756,0.34614282722420153,-1.2658227848101333,False,0.15283018876089347,-12.195121951219502,-10.975609756097555
FARCHEM,2020-02-11,4.166666666666664,2.028743081850459,7.142857142857142,0.7165944887393436,-7.692307692307689,False,0.09042553197278179,44.000000000000014,35.99999999999999
FARCHEM,2020-02-12,6.666666666666667,7.065184345840556,8.571428571428566,0.8543250556774566,2.739726027397263,False,0.1521739130876654,32.49999999999999,36.25000000000001
FARCHEM,2020-08-04,3.030303030303019,4.73280407586707,5.10204081632653,1.4465003566990968,1.0204081632653024,True,0.5814307458334201,2.9411764705882426,0.9803921568627592
FARCHEM,2020-08-06,3.061224489795907,2.749035398819615,8.163265306122437,2.235709870139856,0.0,True,0.564687975666757,5.940594059405938,0.9900990099009866
FARCHEM,2020-08-16,4.901960784313726,2.9634141508978904,9.18367346938774,3.525714060961441,4.0816326530612095,True,0.6651445966667361,-4.672897196261683,-0.9345794392523332
FARCHEM,2021-01-07,10.0,6.455257249958424,4.0816326530612095,1.7655712885799866,2.0408163265306047,True,0.7153729071667259,-10.909090909090903,-10.909090909090903
FARCHEM,2021-12-07,5.737704918032796,2.2366733461828425,8.695652173913043,0.610954991436639,-4.687500000000011,True,0.4821428571428572,-9.302325581395356,-3.1007751937984525
FARCHEM,2022-05-09,6.140350877192976,2.5192533273771733,8.035714285714288,0.7183917739696956,-10.937500000000004,False,0.4107142857142857,-10.743801652892554,-5.785123966942144
FARCHEM,2022-08-03,4.587155963302751,5.54809479703525,5.714285714285711,0.8293871417224512,-1.8018018018017956,False,0.10975609756097567,3.5087719298245648,9.649122807017541
FARCHEM,2022-09-27,2.542372881355923,2.1593671287720464,8.695652173913043,0.5028519933793254,-3.2786885245901525,True,0.2461538461538461,6.61157024793389,-12.396694214876034
FARCHEM,2022-10-13,9.322033898305081,8.70315549185596,8.547008547008547,0.8321507263978066,-4.838709677419352,True,0.41379310344827586,-17.82945736434109,-17.82945736434109
FARCHEM,2023-05-17,9.433962264150944,3.7035729005313742,2.8301886792452895,22.468684724691542,0.0,True,0.33333333333333315,-8.620689655172415,-8.620689655172415
FARCHEM,2023-06-20,3.7735849056603805,7.052221452528444,2.8301886792452895,0.14779484903530943,-0.9345794392523332,False,0.1515151515151515,0.0,0.909090909090906
FARCHEM,2023-06-21,2.7272727272727337,5.1894769597403965,5.660377358490563,0.745244113706078,0.9174311926605472,True,0.2424242424242426,0.0,-1.7699115044247882
FARCHEM,2024-12-19,5.434782608695652,4.723041384678971,9.826589595375717,1.1214556732971015,7.602339181286533,False,0.6830985915492958,17.5257731958763,13.40206185567011
FARCHEM,2025-01-23,4.16666666666666,6.640538010829857,8.530805687203777,0.37180718757425063,7.462686567164178,True,0.7978723404255319,-3.999999999999994,11.555555555555562
FAREASTFIN,2021-12-07,6.153846153846159,4.169096253636882,7.6923076923076925,0.9051418769919831,-5.797101449275368,True,0.5000000000000001,-10.144927536231886,-13.04347826086957
FAREASTLIF,2019-03-07,3.0694668820678492,2.0382605179826525,5.008077544426497,0.4815829018929435,-7.611940298507465,False,0.24844720496894407,-2.9780564263322864,-7.366771159874602
FAREASTLIF,2019-06-19,7.880910683012258,3.2838032773655623,8.626760563380293,1.8836167586735393,1.7825311942959003,False,0.4246031746031748,-4.383116883116887,-6.006493506493511
FAREASTLIF,2020-07-28,4.400977995110035,8.688727296392496,5.985037406483787,7.01525545672205,1.9950124688279232,False,0.2750000000000001,20.14051522248242,14.28571428571427
FAREASTLIF,2020-07-29,3.9812646370023317,8.11107676469194,8.4788029925187,7.863998872936996,6.483790523690776,False,0.3357142857142857,14.1891891891892,7.432432432432442
FAREASTLIF,2020-09-14,4.282655246252676,2.6665954292278307,7.45614035087719,0.3707841192656146,-8.966861598440536,True,0.4892857142857144,7.186858316221765,-1.6427104722792696
FAREASTLIF,2020-09-20,5.41666666666667,3.9745886381973548,9.503239740820748,1.1294244763485914,1.6949152542372818,True,0.5571428571428572,7.114624505928855,-4.150197628458501
FAREASTLIF,2021-01-19,9.53436807095343,4.389786432839391,8.163265306122453,1.3260587421031942,0.6696428571428668,True,0.555984555984556,-12.145748987854251,-18.623481781376512
FAREASTLIF,2021-08-17,3.741496598639461,3.0406648823130737,9.090909090909092,1.3652439155059455,-2.163061564059907,True,0.6747967479674797,10.491803278688534,9.836065573770492
FAREASTLIF,2021-12-30,7.1856287425149725,2.7944910918548427,9.979209979209973,1.0009239977365234,8.207343412527008,False,0.4536082474226804,83.05400372439478,98.13780260707635
FAREASTLIF,2022-03-24,4.202586206896558,2.8164576812427597,8.445945945945946,0.7480117002558527,0.3243243243243213,True,0.7310012062726176,-9.203722854188216,-10.03102378490176
FAREASTLIF,2022-05-09,2.8312570781426953,2.9968784702614992,9.7442143727162,0.7513785059893001,-5.863539445628998,True,0.6518518518518518,-12.444933920704843,0.6607929515418596
FAREASTLIF,2022-08-22,10.0,10.725888637298633,9.866666666666674,0.9335539933201403,-3.474903474903478,True,0.5047489823609227,7.393939393939387,3.1515151515151447
FAREASTLIF,2023-01-05,5.600000000000003,12.186685721456872,0.0,0.2645460647629603,-1.1857707509881497,False,0.42816091954023,7.449494949494937,1.5151515151515187
FAREASTLIF,2023-03-07,5.145118733509243,3.6427748851931048,2.666666666666667,0.8443329977352558,-3.0690537084399048,False,0.22775800711743785,-5.897114178168134,-5.897114178168134
FAREASTLIF,2023-04-11,3.0625832223701885,6.293410522494946,5.73333333333333,0.7164946920763804,-0.6613756613756614,False,0.1459074733096088,-3.100775193798457,-3.100775193798457
FAREASTLIF,2023-05-25,4.933333333333337,7.331749392196889,4.666666666666667,1.4235402415728253,-0.5305039787798483,False,0.1921708185053382,7.115628970775088,-3.9390088945362245
FAREASTLIF,2023-05-28,3.8119440914866582,2.6746944757439874,9.866666666666674,2.1556280360201443,4.376657824933683,True,0.2989323843416371,9.547123623011013,-8.078335373317023
FAREASTLIF,2023-06-08,9.908735332464138,4.468508674428816,9.866666666666674,2.5393484257773737,2.26666666666667,True,0.391459074733096,-10.320284697508901,-11.032028469750886
FASFIN,2019-11-26,3.0769230769230793,2.247737770545501,7.8125,0.9961407100472062,-5.797101449275368,False,0.053191489361702135,0.0,0.0
FASFIN,2019-12-01,8.823529411764714,5.479042975186857,7.8125,1.211879196148026,1.4925373134328304,False,0.12765957446808515,-9.459459459459461,-9.459459459459461
FASFIN,2021-06-29,8.928571428571429,3.110248223312748,9.25925925925926,0.7793502650591357,-5.084745762711876,True,0.3684210526315789,26.229508196721323,29.508196721311492
FASFIN,2021-12-07,8.695652173913038,5.309647562493915,5.970149253731335,0.7595342550671287,0.0,True,0.4324324324324325,-2.6666666666666687,-3.9999999999999973
FASFIN,2022-01-18,2.941176470588238,2.1546786072213386,8.823529411764714,1.0973715293047932,-5.55555555555556,False,0.3648648648648649,-5.71428571428572,-7.142857142857142
FASFIN,2022-01-20,2.941176470588238,2.4181426837933273,8.823529411764714,1.2710665255550624,-6.8493150684931505,False,0.3648648648648649,-4.285714285714283,-8.571428571428566
FASFIN,2022-02-08,3.030303030303033,2.022888856068121,6.060606060606066,0.6355013067045355,-5.71428571428572,False,0.3378378378378379,-8.823529411764701,-14.705882352941178
FASFIN,2022-05-16,9.803921568627452,8.408619970889827,5.882352941176485,1.456794826784019,-8.928571428571429,False,0.1285714285714285,-7.142857142857134,-8.928571428571429
FASFIN,2022-05-17,3.5714285714285747,5.754524839925804,9.803921568627452,2.2100501337969876,0.0,False,0.1571428571428571,-10.344827586206891,-13.79310344827586
FASFIN,2022-07-24,9.803921568627452,7.931678740776203,6.122448979591832,1.2597347086362731,4.0816326530612095,False,0.10294117647058815,19.642857142857153,14.285714285714299
FASFIN,2023-07-04,7.407407407407398,9.329997985565388,5.555555555555552,1.70388839162386,0.0,True,0.47368421052631565,-5.172413793103446,-6.896551724137923
FASFIN,2023-12-17,7.27272727272728,18.273478984752902,3.7037037037036904,94.99673951835635,1.8518518518518452,True,0.4166666666666669,-8.47457627118644,-3.3898305084745792
FASFIN,2024-01-08,7.407407407407398,4.335027848222866,3.7037037037036904,0.5321037570930149,0.0,True,0.49999999999999944,1.7241379310344922,0.0
FASFIN,2024-01-10,8.771929824561402,7.446178353518823,9.25925925925926,0.7829840264971518,5.555555555555552,True,1.0,-9.677419354838717,-8.064516129032258
FBFIF,2019-07-04,6.2499999999999964,9.686273851176928,9.09090909090908,1.014908385174186,9.09090909090908,True,0.6470588235294115,-5.8823529411764675,-15.68627450980392
FBFIF,2020-11-15,6.451612903225798,2.343683366829792,8.333333333333332,0.9398649470502949,8.771929824561402,True,0.9047619047619047,-12.12121212121212,-18.181818181818173
FBFIF,2021-04-15,8.695652173913052,3.567419389868606,9.302325581395356,0.6696763452607027,-6.122448979591851,True,0.5238095238095238,-1.9999999999999927,11.999999999999993
FBFIF,2021-07-06,4.761904761904759,3.6286781038371476,8.47457627118644,0.9100113350647486,6.7796610169491425,True,0.8918918918918918,4.5454545454545565,-1.5151515151515098
FBFIF,2021-10-10,8.771929824561402,6.228342703955582,5.35714285714287,0.7102242699731385,-4.9999999999999964,True,0.6470588235294118,-9.677419354838717,-11.290322580645164
FBFIF,2021-11-21,3.5087719298245648,2.7414858275742486,3.63636363636364,0.4055428249186116,-1.7241379310344769,True,0.5161290322580646,-3.3898305084745792,-10.169491525423737
FEDERALINS,2019-11-21,4.9645390313867495,5.701664701237889,8.270676629402459,1.405735236897714,0.7142857501785681,True,0.8289473694663261,-6.08108109929693,-9.45945950356099
FEDERALINS,2020-07-06,2.8846153773344962,7.173166642417254,2.941176473615909,1.528774714167462,1.9607843191753183,False,0.2702702703009497,13.084112117433842,35.514018702594115
FEDERALINS,2020-07-08,8.490565962976156,7.431770010642735,8.823529400259508,1.4013699738917484,3.9215686795270925,False,0.3783783781943025,2.608695691871452,40.0
FEDERALINS,2021-07-28,4.521276595744669,2.0861029019211705,8.285714285714281,0.5271263052615373,-2.997542992776289,True,0.7497555011460729,-4.580152671755719,9.669211195928765
FEDERALINS,2021-11-17,6.837606837606833,3.4647918877170145,8.79765395894428,0.70161943323115,-1.4044943820224718,True,0.6465014576891326,-5.866666666666674,-8.0
FEDERALINS,2021-12-23,2.840909090909091,4.092838761700642,6.432748538011683,0.8671252901016366,-2.2222222222222143,True,0.6067055393258465,-1.933701657458571,-4.143646408839778
FEDERALINS,2022-02-07,3.458213256484137,3.169191721070806,4.790419161676651,0.9449199796264403,-2.2535211267605555,True,0.5975218658573958,-7.520891364902495,-18.662952646239553
FEDERALINS,2022-03-30,2.875399361022371,2.1415110345695725,6.557377049180328,0.5755227655354143,0.0,False,0.48425655974650456,-9.006211180124229,-5.590062111801255
FEDERALINS,2022-08-25,3.4351145038168025,3.1097447328261607,7.00389105058366,1.1814061469155894,3.968253968253968,False,0.12435233160621773,-3.6900369003690034,-5.535055350553505
FEDERALINS,2022-08-28,2.9520295202951923,2.5646600824496084,7.392996108949425,1.3650437291350337,7.968127490039841,False,0.1658031088082901,-7.526881720430101,-8.243727598566299
FEDERALINS,2022-08-31,2.941176470588238,2.736359283346044,8.949416342412455,1.8364189714500856,7.086614173228349,False,0.17098445595854925,-8.571428571428566,-8.571428571428566
FEDERALINS,2022-11-02,5.019305019305023,12.82942082576085,3.5156249999999947,3.1198823886862392,1.171874999999989,False,0.18518518518518515,-5.882352941176463,-5.882352941176463
FEDERALINS,2023-05-11,3.982300884955746,7.105051686396678,4.444444444444445,5.860631147102188,0.44444444444445075,False,0.12280701754385955,20.85106382978723,15.319148936170219
FEDERALINS,2023-05-14,2.9787234042553163,3.381259192931077,5.777777777777781,6.546960621667386,4.444444444444445,False,0.1842105263157893,28.925619834710748,7.8512396694214965
FEDERALINS,2023-05-15,9.090909090909088,9.09226203758467,8.444444444444438,6.790744949259214,7.555555555555553,True,0.37719298245614014,16.66666666666668,-3.409090909090904
FEDERALINS,2023-09-03,3.9525691699604746,2.5617721739115162,6.827309236947802,0.6733151958214616,-5.947955390334565,True,0.4158415841584157,12.92775665399239,1.5209125475285117
FEDERALINS,2023-09-05,2.6717557251908373,4.643442981519123,6.349206349206354,0.9930489293197577,-2.602230483271373,True,0.4752475247524749,8.550185873605951,-2.2304832713754568
FEDERALINS,2024-02-05,3.284671532846723,2.957246260184877,6.106870229007639,1.3423669168447332,8.730158730158728,True,0.6138613861386137,-5.30035335689046,-8.127208480565374
FEDERALINS,2025-03-13,2.857142857142857,6.021602896657501,4.624277456647403,0.41458284126016354,-2.234636871508372,False,0.6569343065693432,-1.6666666666666705,0.0
FEDERALINS,2025-06-01,4.761904761904765,4.361150164952311,5.952380952380952,0.4378110141996734,-7.6923076923076845,False,0.6567164179104478,-1.7045454545454586,5.681818181818182
FEDERALINS,2025-07-02,5.172413793103461,2.6228453705151193,5.847953216374268,1.7091287142868101,0.5780346820809125,False,0.6828358208955224,9.289617486338795,21.311475409836056
FEDERALINS,2025-12-03,4.145077720207258,7.411121419256588,8.602150537634397,1.8570467621301288,-3.0150753768844116,True,0.8204081632653062,-5.970149253731357,-3.482587064676631
FEDERALINS,2026-01-05,3.7433155080213867,2.2442563053620153,7.734806629834246,0.4042627520689216,-3.1088082901554475,False,0.7918367346938775,3.608247422680427,7.731958762886598
FEDERALINS,2026-01-14,2.5906735751295336,3.111584528864669,5.945945945945954,0.8996535993300346,-3.499999999999996,True,0.8081632653061225,9.595959595959588,11.61616161616162
FEDERALINS,2026-01-18,2.551020408163265,3.1761604561105945,8.108108108108109,1.3867742289910816,2.6178010471204183,True,0.8204081632653062,2.9850746268656607,5.970149253731339
FEKDIL,2019-05-02,8.396946626105702,2.567311025718607,9.090909067918863,1.0060631024794504,-6.4285714910204055,False,0.29931972822000097,-4.929577465294575,-4.225352154155916
FEKDIL,2019-06-11,2.8571428363265308,9.482231025690893,9.022556325241677,1.0890022318290578,0.7194244921070239,False,0.3242630386929829,0.0,-2.7777777581018523
FEKDIL,2020-07-23,5.681818188667339,12.799158265635706,2.272727280103287,16.760542605130272,0.0,False,0.23170731698973818,8.602150532091578,10.75268821721125
FEKDIL,2020-07-29,3.409090908564031,3.180171974161826,7.954545457179736,7.287572986573224,0.0,False,0.20731707301751923,15.384615423415063,8.791208797367474
FEKDIL,2020-08-09,9.782608693844526,5.232746807856275,7.954545457179736,3.1703045063314335,4.545454548615685,True,0.32926829250544315,1.9801980665973977,8.9108911381041
FEKDIL,2021-02-15,3.2967032967033045,2.314590607668106,9.09090909090908,0.8686320451821926,-11.650485436893215,False,0.3125714284962401,5.319148936170213,2.1276595744680775
FEKDIL,2021-05-02,7.77777777777777,9.197232867546928,5.681818181818182,1.87588508426489,2.2727272727272645,False,0.35628571420440563,15.463917525773196,35.05154639175259
FEKDIL,2021-09-23,3.999999999999996,2.111225255680277,9.75609756097562,0.7954605917200491,1.7441860465116321,True,0.9690721649484535,-1.6483516483516523,1.098901098901095
FEKDIL,2022-01-26,3.468208092485537,2.841853317979685,8.484848484848476,1.2708722376437616,8.125000000000004,True,0.5515151515151514,0.5586592178771029,-0.5586592178770831
FEKDIL,2022-07-12,3.8461538461538423,2.2746700101461887,9.195402298850585,1.272769862062403,2.824858757062147,True,0.4482758620689654,-7.936507936507938,-2.6455026455026456
FEKDIL,2022-08-01,5.113636363636355,5.4417366719072,7.100591715976348,0.6448833805097621,-3.296703296703285,True,0.3523809523809523,2.1621621621621547,23.783783783783775
FEKDIL,2023-05-10,8.379888268156426,14.567067675599667,7.558139534883726,96.81812041624492,4.069767441860462,True,0.3398058252427183,1.0309278350515612,-4.123711340206171
FEKDIL,2025-01-07,3.977272727272723,2.9120995159019762,8.09248554913294,0.5051343678037962,-6.382978723404251,True,0.8061674008810573,3.2786885245901525,-0.5464480874317017
FEKDIL,2025-03-09,2.7932960893854752,2.376910909885405,6.741573033707861,1.0162824640055903,-2.1857923497267873,False,0.8105726872246696,-4.89130434782608,-13.04347826086956
FEKDIL,2025-06-16,5.263157894736848,4.616839118449903,6.9930069930069925,0.9151653776299284,-1.2987012987013056,False,0.7048458149779736,-1.8750000000000044,0.0
FEKDIL,2025-08-03,4.848484848484853,3.8436405446037667,7.643312101910824,1.3812415237704683,4.430379746835438,False,0.762114537444934,5.202312138728315,7.514450867052027
FINEFOODS,2020-01-02,5.73394495412844,3.754496063933125,8.747044917257691,0.46726879625267487,-1.8018018018017956,True,0.8175675675675678,-3.03687635574837,5.856832971800424
FINEFOODS,2021-03-01,4.305283757338543,5.160876672637751,8.266129032258068,0.4013716263268655,-4.841713221601492,False,0.24447949526813878,11.819887429643536,-6.941838649155714
FINEFOODS,2021-05-16,6.956521739130441,3.3613050637839437,7.865168539325842,0.868017790584374,7.9812206572769915,False,0.17981072555205055,-6.504065040650412,-9.55284552845529
FINEFOODS,2021-06-23,3.0973451327433597,3.7923732204570944,7.25623582766439,1.0123828262283183,-4.03397027600849,False,0.07925801011804388,4.291845493562231,12.660944206008582
FINEFOODS,2022-02-16,2.685950413223149,3.458876185466401,8.421052631578947,0.7734062655904046,-4.536489151873775,True,0.49103942652329763,-4.426559356136826,-5.633802816901417
FINEFOODS,2022-02-20,5.4766734279918925,5.113370842327429,8.21052631578947,1.0537095495697362,-2.5691699604743166,True,0.5734767025089607,-14.038461538461533,-9.038461538461544
FINEFOODS,2022-06-15,3.2786885245901605,7.059520156044366,9.263657957244652,1.2932811889748324,2.6442307692307727,False,0.2913669064748202,4.3083900226757335,13.832199546485263
FINEFOODS,2022-08-16,5.345211581291757,2.811066582721378,2.7088036117381553,0.6851278183852513,-10.912698412698413,True,0.4064748201438848,11.627906976744187,18.393234672304448
FINEFOODS,2022-08-21,4.904051172707899,3.3200819101090846,9.029345372460497,0.9711100896831596,-4.674796747967488,True,0.47482014388489224,5.8943089430894275,14.227642276422763
FINEFOODS,2025-03-20,3.426124197002129,2.872056174045115,8.152173913043478,1.03674170199325,-2.758979698073911,True,0.6962162162162162,-0.6211180124223544,3.8302277432712244
FINEFOODS,2025-04-21,2.545068928950165,2.0384272513313273,4.784946236559143,1.31936892638204,-2.683178534571732,True,0.6969369369369369,4.860392967942092,9.875904860392964
FINEFOODS,2025-04-22,3.7745604963805497,2.1453261220139757,8.82188721384702,1.4905177475108649,-1.0235414534288638,True,0.7232432432432432,-0.5480817140009937,7.374190333831596
FIRSTFIN,2021-05-16,9.230769230769226,4.817047741724616,9.836065573770501,1.1536318512849164,3.593749998705078,True,0.5964705882,-12.676056338028163,-8.450704225352109
FIRSTFIN,2021-06-29,6.451612903225798,3.5101964734023245,9.836065573770501,0.47628580321915254,-19.480519480519483,False,0.49647058819999995,13.636363636363644,4.5454545454545565
FIRSTFIN,2022-07-21,4.0000000000000036,3.797738185271822,8.163265306122437,1.1433374694484697,0.0,False,0.05999999999999996,15.38461538461538,7.692307692307682
FIRSTFIN,2022-07-24,9.615384615384615,9.087153087483117,8.163265306122437,1.5042471175666816,4.0000000000000036,False,0.15999999999999998,8.771929824561402,5.263157894736839
FIRSTFIN,2024-01-10,7.27272727272728,7.923552688267407,3.63636363636364,0.5828994100056953,0.0,True,0.7142857142857145,-11.864406779661019,-10.169491525423737
FIRSTSBANK,2019-09-23,5.376344077075568,3.4890564584158077,7.692307685541712,1.1065884547270652,-7.920792074369289,False,0.30555555552467534,-2.0408163151405647,0.0
FIRSTSBANK,2019-10-21,3.0927835085574027,2.548712946212658,7.608695645396608,0.9975787300136556,3.19148935068087,True,0.3611111111419914,-2.000000002134444,-3.0000000032016603
FIRSTSBANK,2019-12-01,4.040404044759593,4.973786483101292,5.319148927262613,0.9056590682723116,2.061855672371594,True,0.44444444456796506,-4.854368937068614,-6.796116498944367
FIRSTSBANK,2020-02-16,7.608695645396608,4.077513451156985,8.04597702013044,0.7571872416606036,5.747126442950313,True,0.3513513513708402,-8.080808076044184,-18.181818174468184
FIRSTSBANK,2020-08-09,4.8780487765198535,18.60025746826754,0.0,0.561151056399489,9.999999996746272,True,0.47692307693360175,2.3255814005960045,4.651162787090251
FIRSTSBANK,2020-08-12,3.658536586087302,9.741144414168938,7.317073172174604,3.7090704179939706,6.117647068683307,True,0.44871794883635335,3.5294117653773043,5.882352932783733
FIRSTSBANK,2020-08-13,4.705882349080518,8.14703242256845,7.317073172174604,4.678897548427717,3.658536586087302,True,0.561538461567405,1.1235955013310155,3.370786517619464
FIRSTSBANK,2021-01-03,3.3333333342316696,3.0356017391944303,5.681818173674712,0.854801290570788,-1.0989011079809783,True,0.7265193369554948,18.27956990158732,7.526881718046395
FIRSTSBANK,2021-01-04,5.3763440917704735,3.818388825695286,6.818181819434652,1.0853616132521284,2.19780218930812,True,0.8784530387697252,9.183673471281873,2.040816318701524
FIRSTSBANK,2021-05-05,4.395604391943152,4.767740294573285,4.494382018950479,1.1271870103942114,0.0,True,0.590062111770363,13.684210524972029,16.052631578107523
FIRSTSBANK,2021-08-17,10.000000037799989,9.174402191417748,6.730769230342084,1.2397669216776994,3.7735849132671846,True,0.9793478271518382,5.785123906987238,6.611570220323075
FIRSTSBANK,2021-10-28,4.1666666385937505,2.3263284305868814,7.826086994250297,0.7132845686926824,4.347826087829872,True,0.772120199508154,-3.9999999741280012,12.800000046569595
FIRSTSBANK,2021-11-16,5.737704956832841,5.0130063587977,6.837606811450793,0.6386644416662357,0.8264462178813013,True,0.8395585737590803,8.527131760735518,3.8759689658734455
FIRSTSBANK,2022-04-21,2.6315789500346356,2.7617628920982056,5.40540541102995,0.7376718158528623,-5.0000000048125015,False,0.44018205461095045,-0.8547008884505807,-6.666666663376073
FIRSTSBANK,2022-08-03,3.9215686204729088,6.591707497652335,5.1020408214806325,0.9752095222476717,-1.9230769249075514,False,0.15245009067296073,-4.716981126593091,-2.830188671804922
FIRSTSBANK,2022-08-28,3.9603960325948373,2.912105458477351,4.081632657184501,0.9848118551205836,2.0202020222222297,False,0.13339382931263824,-2.857142849659873,-5.714285709795919
FIRSTSBANK,2024-04-30,2.7027027027026933,2.1984898592184403,8.695652173913038,1.052751482415283,0.0,False,0.24137931034482732,-1.315789473684206,-14.473684210526311
FIRSTSBANK,2024-07-04,3.2258064516129057,2.052989015784284,3.2786885245901667,1.1177147749120082,-4.615384615384613,False,0.6530612244897959,-3.1250000000000027,12.499999999999996
FIRSTSBANK,2024-07-07,3.124999999999989,5.189201552928018,6.557377049180333,1.2949884022393863,0.0,False,0.6734693877551019,-4.545454545454543,19.69696969696971
FIRSTSBANK,2024-07-10,3.124999999999989,2.651910928240411,9.836065573770501,2.022114968653581,1.5873015873015959,False,0.6734693877551019,-6.0606060606060534,19.69696969696971
FIRSTSBANK,2024-08-08,9.090909090909099,3.3802260443486083,9.836065573770501,1.0074539494105093,6.451612903225798,False,0.7346938775510203,4.166666666666664,-4.166666666666664
FIRSTSBANK,2025-02-25,8.333333333333341,3.7203117057677675,6.382978723404251,0.8661722687493875,0.0,False,0.5306122448979592,-5.769230769230766,-9.615384615384615
FORTUNE,2019-02-07,5.416666674322916,3.688612749376229,6.329113930780332,0.881645633231473,-5.511811009951014,True,0.45064554025196635,14.229248973472483,15.01976280533206
FORTUNE,2019-02-10,9.48616598231499,7.565342214600083,7.1729957852641135,1.1869196153844537,-0.3937007657557763,True,0.69900234704137,10.10830326209778,1.8050541661301451
FORTUNE,2019-07-14,6.521739113067102,2.2373725826579496,9.157509153846153,0.7720413113111317,-6.756756739978989,True,0.7236425375419939,11.904761892857138,10.544217678571423
FORTUNE,2020-02-12,4.5918366956085945,2.823823921311248,6.8062827331624876,0.9720617202855497,0.512820538501003,False,0.14024390239998524,9.268292687174291,-11.21951219487211
FORTUNE,2020-08-06,2.515723264625609,6.142385345640739,3.144654113800876,19.7028269537049,0.0,False,0.14084507011009723,2.4539877245285866,4.907975513474356
FORTUNE,2020-08-09,4.907975513474356,5.148534489753599,3.144654113800876,20.031029386705793,2.515723264625609,False,0.17840375596574762,-2.9239766308094883,-1.169590640043101
FORTUNE,2020-08-16,6.626506038957032,4.0508630201098335,9.433962275364886,20.75481514085285,4.4025157461136795,False,0.20657276998776697,-7.344632778416163,-1.6949152793737512
FORTUNE,2020-10-20,4.999999986875001,2.7279391967809072,3.144654113800876,0.8217022905135718,-2.439024383997621,False,0.16431924870825895,2.9761904999999977,-3.571428562500001
FORTUNE,2020-10-27,4.242424264793386,5.479580310652533,8.176100643052093,1.504584831553926,2.484472044018364,False,0.18309859138960524,5.81395347417522,-6.395348852116007
FORTUNE,2021-04-21,3.614457831325288,2.214053167725183,8.17610062893081,0.9079772410733377,-4.04624277456647,False,0.35051546375013276,17.441860465116278,31.395348837209312
FORTUNE,2025-02-06,4.268292682926847,3.4823424969276173,9.67741935483871,0.9109324871956448,-1.2048192771084507,False,0.22589167767503304,4.678362573099398,13.450292397660801
FORTUNE,2025-05-26,5.633802816901413,2.8067579355974326,7.857142857142854,0.6609403669008435,-10.691823899371075,False,0.35885167464114837,0.0,0.6666666666666643
FORTUNE,2025-07-10,9.740259740259729,8.837727075411594,9.154929577464795,1.319467288930444,4.054054054054052,False,0.47075208913649025,0.5917159763313694,-7.100591715976328
FORTUNE,2026-01-06,5.263157894736836,2.1377621025328346,8.396946564885493,0.3880539428648113,-8.275862068965512,False,0.6511627906976745,-3.571428571428571,0.7142857142857117
FORTUNE,2026-02-01,5.925925925925931,3.1773393871678195,7.751937984496124,1.0939431310500336,-2.8776978417266212,False,0.6651162790697674,5.594405594405587,-0.6993006993007091
FUWANGCER,2019-01-03,3.649635036496351,2.4552118724072813,8.661417322834657,0.6488372557319687,3.0075187969924704,True,0.525373134406772,-3.5211267605633805,-4.929577464788728
FUWANGCER,2019-05-02,7.339449541284393,3.6358570435720208,9.803921568627452,1.2495740447747279,-4.385964912280701,False,0.23638968464442,5.12820512820514,5.12820512820514
FUWANGCER,2019-08-21,5.10204081632653,3.8795484192520835,6.2499999999999964,0.6496862813601811,-4.854368932038835,False,0.2660217653528364,-6.796116504854378,-11.650485436893215
FUWANGCER,2019-08-22,2.9126213592232904,2.610365140278521,7.216494845360836,0.9752827833811683,0.9803921568627592,False,0.30592503015576167,-9.433962264150944,-16.0377358490566
FUWANGCER,2019-10-03,4.545454545454529,3.855302601276098,6.976744186046507,0.5423940202145908,-9.278350515463904,False,0.12267657986484412,-8.695652173913032,-21.7391304347826
FUWANGCER,2021-12-06,5.9880239520958085,2.5587836783480316,8.227848101265826,0.9370019888343879,-8.241758241758241,True,0.4494949494949494,-5.084745762711856,1.6949152542372923
FUWANGCER,2022-03-27,4.761904761904765,2.517820320245004,9.815950920245385,1.1219495551754537,-3.4482758620689538,False,0.4444444444444445,-6.818181818181834,-11.931818181818189
FUWANGCER,2022-06-15,6.701030927835055,2.200975648774059,8.333333333333332,0.7901396555184729,-6.28019323671498,True,0.5586592178770949,-5.314009661835739,-7.246376811594203
FUWANGCER,2022-08-28,5.113636363636355,3.515501367671086,5.74712643678161,0.746705734542026,-1.1235955056179736,True,0.30769230769230765,0.5405405405405482,-5.945945945945954
FUWANGCER,2022-09-28,5.649717514124294,2.564205106914867,5.74712643678161,0.5664392799444784,-3.2786885245901716,True,0.40425531914893603,-6.9518716577540145,-6.9518716577540145
FUWANGCER,2023-07-02,9.770114942528753,169.10483195726596,0.0,41.27454142827143,0.0,True,0.6271186440677967,8.90052356020942,-6.806282722513092
FUWANGCER,2025-01-14,4.0650406504065035,2.7369099499844873,9.090909090909088,0.763144510455842,-6.106870229007626,False,0.39506172839506176,0.7812499999999972,5.468749999999995
FUWANGCER,2025-01-15,9.374999999999995,10.026568521675104,8.264462809917356,0.9890875153245359,-2.2900763358778544,False,0.4320987654320988,-9.28571428571429,-4.999999999999995
FUWANGCER,2025-03-17,7.5862068965517215,3.2268012430724777,8.823529411764714,0.5601072110177996,9.022556390977437,True,0.4814814814814815,-8.974358974358978,-15.384615384615389
FUWANGCER,2025-07-22,2.9629629629629655,3.2992430536430732,9.448818897637805,1.7439456082940552,7.142857142857145,True,0.6177777777777778,-4.316546762589925,-4.316546762589925
FUWANGCER,2025-08-25,3.90625,2.40991329940115,7.142857142857145,0.8449513671244618,-5.882352941176463,True,0.6157407407407407,12.781954887218038,-1.5037593984962485
FUWANGCER,2025-08-27,3.787878787878788,4.097340087095392,7.142857142857145,1.1258407275368145,0.0,True,0.6342592592592592,1.4598540145985481,-0.7299270072992675
FUWANGCER,2025-09-03,7.299270072992702,6.418016864000428,9.448818897637805,1.8967168132631642,2.2388059701492455,True,0.7736842105263158,-4.761904761904757,-10.204081632653061
FUWANGCER,2026-02-03,6.542056074766365,4.764420884556698,8.571428571428575,1.2080335237312627,-4.464285714285714,False,0.6951219512195123,1.7543859649122744,-6.140350877192992
FUWANGCER,2026-02-15,6.194690265486719,2.7388810470547047,9.523809523809524,1.4991418974811836,1.8018018018018116,False,0.7317073170731708,-3.333333333333336,-4.166666666666666
FUWANGFOOD,2019-04-30,3.571428571428571,3.010152018756532,9.090909090909099,1.6214002843050541,-3.4482758620689653,False,0.2864077669073428,6.206896551724141,6.206896551724141
FUWANGFOOD,2019-06-19,4.545454545454552,6.2100568351805645,6.000000000000003,0.740820086246206,0.6535947712418277,True,0.4572815533814687,-4.968944099378886,-27.95031055900622
FUWANGFOOD,2020-07-06,6.896551724137938,8.189261096494825,1.7241379310344922,65.75443728314163,0.0,True,0.5287356321839082,-0.8064516129032229,17.74193548387096
FUWANGFOOD,2020-07-09,3.305785123966945,3.829128051398789,8.620689655172415,67.72401204746257,4.310344827586207,True,0.5402298850574714,0.0,35.19999999999999
FUWANGFOOD,2020-07-12,4.799999999999997,7.719378210653519,9.482758620689651,68.08878248840338,7.758620689655175,True,0.6091954022988506,-2.2900763358778544,29.007633587786252
FUWANGFOOD,2020-07-30,9.448818897637805,4.587948924455712,9.166666666666663,1.2877011616786138,9.482758620689651,True,0.7011494252873565,20.143884892086323,17.26618705035971
FUWANGFOOD,2021-03-11,4.92957746478874,5.43020451371083,8.695652173913038,1.207363377616678,0.7092198581560258,True,0.5188679245283019,-8.053691275167791,-12.080536912751683
FUWANGFOOD,2021-06-09,5.921052631578962,2.9483199227569443,9.655172413793107,1.120268217001462,6.2937062937062835,True,0.5357142857142859,2.484472049689432,17.39130434782607
FUWANGFOOD,2021-06-23,6.451612903225806,7.27851932286928,9.933774834437099,1.104281118305277,3.3333333333333335,True,0.5833333333333334,14.545454545454536,24.848484848484855
FUWANGFOOD,2023-07-04,9.958506224066383,13.960068315835226,5.531914893617024,517.2499881437997,2.553191489361708,True,0.9069767441860465,40.75471698113206,36.60377358490567
FUWANGFOOD,2025-01-15,7.633587786259542,5.667836536292964,6.349206349206354,0.5771428809935111,-2.238805970149259,False,0.3671875,-7.8014184397163095,-4.964539007092194
FUWANGFOOD,2025-08-27,2.684563758389264,2.0436166464328,9.219858156028375,1.2589994398511672,-1.9736842105263088,True,0.5907335907335908,-1.307189542483667,-3.9215686274509896
FUWANGFOOD,2025-09-03,3.896103896103894,4.181695533216947,8.965517241379315,1.5978411958683352,1.3157894736842175,True,0.7305936073059361,-6.25,-11.250000000000004
FUWANGFOOD,2026-02-03,4.3956043956043995,2.9807133869831044,4.444444444444448,0.6435903870608717,-2.1505376344086136,False,0.05050505050505051,5.263157894736842,3.157894736842113
FUWANGFOOD,2026-02-10,3.157894736842113,2.6639991760670516,8.888888888888896,1.0989902428313036,2.1505376344085945,False,0.0808080808080809,3.061224489795907,7.142857142857135
GBBPOWER,2020-07-23,4.032258064516129,8.560231994949257,4.032258064516129,3.8357696219019366,0.0,True,0.5858585858585859,11.627906976744185,16.279069767441857
GBBPOWER,2020-07-26,4.651162790697672,7.421461564825849,5.645161290322575,2.5768936147664983,4.032258064516129,True,0.6464646464646465,5.18518518518518,10.370370370370372
GBBPOWER,2020-11-01,6.6176470588235325,3.682890431369008,9.230769230769226,0.809683598753451,-6.8493150684931505,True,0.7448979591836734,-6.896551724137931,-11.034482758620687
GBBPOWER,2020-12-09,4.5112781954887184,3.175129954732963,7.8125,0.8707225092338653,-6.338028169014074,True,0.6836734693877551,-2.158273381294969,53.95683453237409
GBBPOWER,2020-12-27,9.55882352941177,9.853247030823143,6.66666666666667,1.111563020802961,3.030303030303033,True,0.7857142857142857,45.63758389261744,67.11409395973153
GBBPOWER,2022-01-03,5.847953216374268,2.219892499930963,7.185628742514965,0.5364478268254504,-11.85567010309277,True,0.6037234042553192,1.6574585635358958,-4.69613259668509
GBBPOWER,2022-03-09,2.631578947368417,2.0759467082615393,8.777429467084653,0.945431857022171,-2.56410256410256,False,0.4306049822064057,-1.9943019943020022,-14.245014245014245
GBBPOWER,2022-08-28,3.517587939698507,5.708753193248869,2.525252525252525,1.0613811416961751,-0.9950248756219046,False,0.04088050314465411,-2.9126213592233077,1.941747572815527
GBBPOWER,2022-08-29,9.70873786407767,8.294459166274331,5.05050505050505,1.5154260687610583,3.517587939698507,False,0.1037735849056604,-8.849557522123893,-10.176991150442479
GBBPOWER,2022-09-22,9.090909090909093,2.1325013835613706,7.070707070707064,0.5689018349983204,0.0,False,0.07232704402515726,-8.333333333333336,-8.333333333333336
GBBPOWER,2023-03-06,3.225806451612903,6.750417229595486,4.666666666666662,11.641365551627382,-7.738095238095243,False,0.045045045045045036,-5.625000000000002,-5.625000000000002
GBBPOWER,2023-05-07,7.096774193548397,8.345612331218911,5.298013245033117,26.622720985898532,2.6490066225165587,False,0.12213740458015276,-3.6144578313253093,-9.036144578313262
GBBPOWER,2025-01-15,4.347826086956519,7.317685488843346,5.970149253731335,1.992822900507933,-1.4285714285714235,False,0.4137931034482759,-4.166666666666664,13.888888888888875
GBBPOWER,2025-02-02,5.797101449275354,5.240244696970821,7.352941176470589,0.9969457340420742,1.4705882352941255,False,0.4195402298850575,13.698630136986315,9.589041095890414
GBBPOWER,2025-02-03,9.589041095890414,8.792446120977038,8.823529411764714,1.4415515514308068,8.955223880597009,False,0.4597701149425288,1.2499999999999956,0.0
GBBPOWER,2025-05-04,9.589041095890414,13.970115641288247,7.142857142857142,1.0726541489824843,-5.194805194805199,True,0.6611570247933884,-5.000000000000004,-9.999999999999998
GBBPOWER,2025-07-09,2.8169014084507067,2.7797203270338806,7.246376811594203,1.070817632154171,-1.3888888888888962,False,0.6033057851239669,5.479452054794526,0.0
GBBPOWER,2025-07-17,2.631578947368424,4.427937777869897,9.859154929577468,1.4904187228269588,4.109589041095888,True,0.6446280991735537,-3.8461538461538445,-10.256410256410255
GBBPOWER,2025-08-20,2.85714285714286,2.637478396495062,8.695652173913038,0.7526064761009672,-9.090909090909092,False,0.5950413223140496,-6.944444444444445,1.388888888888884
GEMINISEA,2022-08-21,4.323995119292637,2.6417563689582306,8.091024004424778,1.3374715675642286,-5.332948941385548,False,0.4542871902340615,20.05253937243833,24.37244599031342
GEMINISEA,2023-07-23,7.47819394216656,2.479196948767818,8.204658459558873,0.956341814736408,-4.120034427138119,True,0.8120897573819367,-4.1055018588137004,-16.123642439431908
GEMINISEA,2024-01-18,8.541147132169568,4.851127623141556,5.847029077117573,1.2279256138235817,-1.1619718396864396,False,0.43736000005248316,-6.203331418724861,10.568638713383116
GEMINISEA,2025-02-17,2.9073698444895086,2.6158000995334003,9.214285714285717,1.1678804570059225,-3.7735849056603668,False,0.3382222222222222,4.533508541392909,1.1169513797634805
GEMINISEA,2025-03-03,6.066666666666663,5.553475609946654,9.078114004222384,1.3066258975468414,6.990014265335244,False,0.35355555555555557,-3.2683846637334937,-5.719673161533623
GENEXIL,2020-07-15,4.021937857651876,24.74913221524033,3.1078610689699766,9.6505504371052,0.0,False,0.6435897435904958,1.0544815375272414,0.8787346079042179
GENEXIL,2020-07-16,4.04217926069687,20.779684225445102,4.936014625419683,12.12493370288054,4.021937857651876,True,0.7025641025520685,-1.6891892004834757,-0.6756756763285332
GENEXIL,2020-07-20,2.852049913636008,2.1227733902250825,9.323583185995867,14.521409140299056,2.5594150041264774,False,0.6641025641243761,4.159445391369582,4.85268629323562
GENEXIL,2020-07-26,2.7491408964428796,2.856097737759724,9.323583185995867,15.100054388649275,6.398537478945082,True,0.7179487178058119,-4.347826081965969,-2.341137116643881
GENEXIL,2020-09-08,4.362416101971991,2.015180799643168,7.142857155669493,0.8253889141150539,3.2928942789070383,True,0.7003484319863057,1.2861736347415669,1.2861736347415669
GENEXIL,2020-10-27,4.3189368910921475,2.1402495342297807,8.275862077127224,0.7468891837135763,-1.9543973961395864,True,0.6624472575815272,-1.5923566984567343,-4.777070077153642
GENEXIL,2021-07-27,3.8503850391130365,2.291373269307418,7.525655645327543,0.7439598007348416,1.4508928618168035,True,0.8763796910846952,11.440677965074693,22.987288148790213
GENEXIL,2021-08-03,9.4771241899298,3.710300985866201,9.652076322547286,1.0712998852689501,3.030303030303035,True,0.991341991334488,16.91542287396252,16.81592037207236
GENEXIL,2022-07-06,6.127770535593211,4.717582300834685,7.671601614245102,0.7273617818138626,-11.737629461586065,False,0.07562699723511049,-16.093366098121926,-16.093366098121926
GENEXIL,2022-09-04,8.213256483091785,4.146488109922265,5.588235303923876,1.4790718686217912,-0.5730659105623007,False,0.08096221161687113,7.856191740247269,3.9946737758507425
GENEXIL,2022-10-31,6.039325850697503,3.4166764427251684,9.852941188930798,0.7443044851995073,-11.442786074285284,False,0.0849115878509069,29.139072840840324,20.00000000000001
GENEXIL,2023-05-31,3.910614518777824,2.3690499753310665,8.736717833541519,0.6966074792430009,-5.888538375753248,True,0.47889908276068344,-12.903225808616025,-9.569892464845415
GENEXIL,2023-09-21,3.7483266365194723,2.561599387155609,9.45945945888969,0.7538918607110034,-0.9283819586206893,False,0.1779026219183323,-8.25806451088249,-9.161290326615092
GENEXIL,2024-01-10,3.6036036036036125,2.7346426400297696,4.434250764525981,0.6649045273868963,-1.7699115044247828,False,0.0844943821667931,1.5942028985507162,5.942028985507238
GENEXIL,2024-01-11,5.6521739130434865,8.217343629162391,6.269113149847086,0.8938084441667182,2.6785714285714244,False,0.17564044962184952,-6.858710562414265,-0.6858710562414266
GENEXIL,2024-07-02,6.302521008403361,2.73139444104237,7.18954248366014,0.9015706493594855,-4.032258064516129,False,0.12385972023881422,-1.581027667984198,-5.533596837944672
GENEXIL,2025-01-22,6.3432835820895495,4.783712625454663,9.578544061302681,0.8341547862236574,-6.620209059233445,False,0.37798408488063656,-5.263157894736842,-10.175438596491224
GENEXIL,2025-06-15,2.7649769585253523,2.0809714965808,8.955223880597,0.8066876113228769,0.9302325581395315,False,0.38054607508532423,-0.896860986547082,12.107623318385647
GENEXIL,2025-07-10,5.172413793103446,4.621676458368327,7.798165137614675,1.3234304515801356,8.411214953271031,False,0.41638225255972694,2.459016393442629,-4.508196721311467
GENEXIL,2025-08-26,2.904564315352694,3.688931530485205,9.292035398230079,1.0763012720677254,-2.4291497975708416,False,0.4232081911262799,9.677419354838705,6.048387096774193
GENEXIL,2025-08-31,5.577689243027883,4.524822516633527,9.956709956709945,1.536462426704592,4.149377593360995,True,0.5,-1.5094339622641455,12.075471698113205
GENNEXT,2019-01-03,7.6923076923076925,3.8550641086020785,8.196721311475411,0.7355695901867104,6.557377049180333,False,0.23809523809523814,-2.85714285714286,1.4285714285714235
GENNEXT,2019-06-18,5.4545454545454515,3.418044241859955,9.433962264150944,1.1737745140771518,3.7735849056603805,False,0.2142857142857142,-3.448275862068969,-22.413793103448274
GENNEXT,2022-01-20,3.333333333333336,2.6138890253461686,6.896551724137938,1.1891350934404616,5.263157894736839,True,0.5384615384615385,3.2258064516129057,9.677419354838705
GENNEXT,2022-01-23,3.2258064516129057,4.176547484221982,8.620689655172415,1.303121592383203,8.771929824561402,True,0.5692307692307693,1.5624999999999944,4.687499999999997
GENNEXT,2022-04-10,4.687499999999997,2.8241528887823537,4.761904761904759,0.6781310777693208,-3.0303030303030196,True,0.6153846153846154,-1.4925373134328437,-5.970149253731349
GENNEXT,2022-08-31,6.451612903225798,3.8908109277380283,6.666666666666672,1.7268610121531793,5.0847457627118615,True,0.4166666666666667,-4.545454545454543,-4.545454545454543
GENNEXT,2022-10-06,6.451612903225798,3.0033032464306317,6.666666666666672,0.5365147335617457,-3.1250000000000027,True,0.6249999999999999,-6.0606060606060534,-9.090909090909086
GENNEXT,2023-01-17,3.333333333333336,5.532982734025873,4.9999999999999964,3.3288014255123657,0.0,False,0.31250000000000006,-3.2258064516129057,-3.2258064516129057
GENNEXT,2023-05-08,9.999999999999993,156.82691770915272,0.0,1.1063168342256922,0.0,True,0.6428571428571427,-9.090909090909086,-9.090909090909086
GENNEXT,2023-06-26,4.918032786885258,11.475839069933524,4.9999999999999964,1.8871000309008117,1.6666666666666607,True,0.4166666666666669,28.124999999999982,9.374999999999995
GENNEXT,2023-07-02,4.687499999999997,7.5103053015528785,8.333333333333332,3.0243981649878435,6.666666666666672,True,0.666666666666667,17.910447761194032,1.4925373134328304
GENNEXT,2023-08-31,4.838709677419352,2.600740475392491,6.557377049180333,0.686874217870413,-6.0606060606060534,True,0.17857142857142852,-6.153846153846159,-7.6923076923076925
GENNEXT,2023-11-12,3.2786885245901667,5.872316372189107,3.333333333333336,3.255068551451045,1.6666666666666607,True,0.10714285714285705,1.5873015873015959,-1.5873015873015817
GENNEXT,2023-11-26,9.677419354838705,4.1883611037533495,8.333333333333332,2.146254331514317,3.333333333333336,True,0.2857142857142856,-10.294117647058826,-10.294117647058826
GENNEXT,2023-12-13,3.2258064516129057,2.012393078198606,8.333333333333332,0.7541199770541344,1.6393442622950907,True,0.14285714285714296,-4.687500000000011,-6.250000000000005
GENNEXT,2023-12-17,3.124999999999989,2.9956178404192912,9.999999999999993,0.7581994657063188,4.918032786885258,True,0.2142857142857141,-9.090909090909086,-9.090909090909086
GENNEXT,2024-05-06,3.5087719298245648,2.6463287193136633,9.433962264150944,1.2669538330490862,-1.7241379310344769,False,0.17142857142857154,-10.169491525423737,-13.559322033898317
GENNEXT,2024-07-04,8.163265306122437,5.390698002119363,6.2499999999999964,0.9038262788956895,-1.9999999999999927,False,0.12499999999999997,-3.7735849056603805,24.528301886792452
GHAIL,2019-05-02,3.9039039104374638,2.568286276253648,8.74999997703124,0.6274746404579356,-5.665722395023648,True,0.6437414965393741,-1.4450866865205951,-1.4450866865205951
GHAIL,2019-06-13,3.7463977000182704,9.119775702985478,4.4776119454444245,1.3260641006024143,1.7595307871836385,True,0.7537414971003743,-5.000000016041665,-15.000000018958337
GHAIL,2020-07-13,2.976190476190476,27.303346158279936,3.592814371257494,26.533456758452683,0.5988023952095893,False,0.17713651500301186,-0.5780346820809331,12.138728323699409
GHAIL,2020-07-21,4.678362573099398,5.141618831214916,7.185628742514965,31.527121574887627,2.3952095808383365,False,0.20510543842453996,-6.1452513966480335,2.234636871508392
GHAIL,2021-01-07,5.142857142857134,12.82967346996727,7.784431137724555,28.381881117670826,4.790419161676651,True,0.2902679830911293,-9.239130434782606,-9.239130434782606
GHAIL,2021-06-10,6.756756756756756,2.22317756216131,9.9290780141844,0.9090272521916658,3.4965034965034962,False,0.3442622950819674,1.265822784810122,7.594936708860754
GHAIL,2022-05-08,4.624277456647403,3.001979564033026,7.784431137724555,0.7582801728072454,-4.419889502762434,False,0.40740740740740755,1.6574585635358958,8.287292817679557
GHAIL,2022-05-12,3.3898305084745846,3.7537824800309703,8.771929824561402,1.574525652184644,0.568181818181806,False,0.42592592592592604,12.568306010928964,3.2786885245901525
GHAIL,2022-05-16,8.743169398907092,22.288114606081912,8.771929824561402,1.8937963108347113,2.8089887640449436,True,0.574074074074074,1.507537688442215,-6.532663316582902
GHAIL,2023-07-04,6.857142857142853,10.705832839329386,7.428571428571433,1.929655186922395,0.0,True,0.4761904761904763,-6.417112299465237,-6.417112299465237
GHAIL,2023-07-09,4.545454545454529,3.4837496167988156,9.71428571428571,3.8848395835956815,0.5714285714285796,True,0.40476190476190466,-4.89130434782608,-4.89130434782608
GHAIL,2023-11-22,2.857142857142857,24.11707108082946,1.1428571428571388,34.292461842905155,0.0,True,0.2777777777777777,-1.1111111111111072,-2.7777777777777777
GHAIL,2023-11-26,3.314917127071811,11.572916813191753,6.857142857142853,30.439618371443526,3.4285714285714364,True,0.666666666666666,-2.6737967914438503,-6.417112299465237
GHAIL,2024-03-11,9.67741935483871,4.596090809826918,9.032258064516121,0.43007177542195396,-11.931818181818189,False,0.4761904761904763,5.294117647058815,-2.941176470588235
GHAIL,2024-03-12,5.88235294117647,13.621640606773777,9.67741935483871,0.8371452387281664,-5.027932960893847,True,0.7142857142857144,1.6666666666666705,-6.6666666666666625
GHAIL,2025-10-30,5.12820512820514,2.8651631883746194,9.25925925925926,0.5669934630112918,-6.400000000000006,True,0.7784810126582279,-12.195121951219512,-6.504065040650412
GHAIL,2026-02-03,2.8846153846153744,3.2135762288321885,8.000000000000007,1.1146337991214428,-4.587155963302751,False,0.6772151898734177,2.8037383177570163,-1.8691588785046664
GHAIL,2026-02-08,3.809523809523813,2.840731051416211,8.000000000000007,1.3688180248934196,-1.8691588785046664,False,0.689873417721519,2.7522935779816415,0.9174311926605472
GHAIL,2026-02-26,3.539823008849545,3.037112804815062,8.256880733944957,1.3318388750287722,7.619047619047626,False,0.740506329113924,-2.564102564102555,-0.8547008547008517
GHCL,2020-12-28,9.75609756097562,4.406289936121821,8.064516129032258,1.4491355454957078,4.126984126984118,True,0.6849315068493151,-2.2222222222222143,-11.944444444444446
GHCL,2021-09-23,3.81861575178998,2.5384473168065336,6.633906633906624,0.5984417174420484,-0.9456264775413679,True,0.8076923076923077,-5.057471264367823,-16.55172413793104
GIB,2024-07-04,3.0769230769230793,5.250807447244194,3.174603174603177,0.7056188192930797,-14.473684210526311,False,0.6767676767676768,1.4925373134328304,10.447761194029853
GIB,2024-07-07,4.477611940298504,9.268305855361623,7.936507936507936,1.2179201248160307,-11.842105263157888,False,0.7070707070707071,-1.4285714285714235,14.285714285714285
GIB,2024-12-01,3.8461538461538494,2.076183641498044,9.803921568627452,0.8868769819373389,-7.142857142857134,False,0.5454545454545455,-5.555555555555569,-7.407407407407414
GLDNJMF,2025-02-12,7.894736842105258,3.515688170349728,7.999999999999995,0.8164254143825993,-10.58823529411765,False,0.422680412371134,-2.439024390243894,-7.317073170731704
GLDNJMF,2025-04-06,3.8461538461538445,2.430292230939522,9.210526315789489,0.8080073630012056,-2.500000000000002,False,0.4175257731958763,-4.938271604938265,1.2345679012345634
GLDNJMF,2025-04-08,2.531645569620244,4.375452734732935,9.210526315789489,1.0258541489447355,-3.658536585365841,False,0.4175257731958763,-3.7037037037037015,0.0
GLDNJMF,2025-07-09,2.631578947368424,2.09015446899239,9.859154929577468,1.2478655313992397,0.0,False,0.4239130434782609,0.0,-5.1282051282051215
GLDNJMF,2025-07-16,5.263157894736848,3.669643659440638,6.756756756756756,1.4481309058873009,0.0,False,0.4347826086956522,-5.000000000000004,-12.5
GLDNJMF,2025-09-04,2.85714285714286,2.580591030335363,9.230769230769226,0.9275124450919865,-7.894736842105258,False,0.5806451612903226,-1.3888888888888962,-4.166666666666664
GLDNJMF,2025-10-09,2.941176470588238,2.4632195846825,7.462686567164178,0.46222910649136273,-9.333333333333336,False,0.6796116504854368,4.285714285714283,0.0
GLDNJMF,2026-01-19,3.333333333333336,3.2458282011077917,6.896551724137938,1.1049046181353914,-3.2258064516129057,False,0.6888888888888889,-1.6129032258064602,-1.6129032258064602
GLDNJMF,2026-02-15,6.451612903225798,3.417581622605137,6.7796610169491425,1.5774587959760333,3.333333333333336,False,0.7333333333333333,-9.090909090909086,-10.606060606060595
GLOBALINS,2020-07-08,9.395973131187786,11.21673536532434,9.92907798830542,2.009692575216117,5.67375885046024,False,0.22127659564771393,15.337423310512252,44.785276133689635
GLOBALINS,2021-12-22,3.3613445378151288,2.0361054610935163,6.739130434782611,0.9280474188049714,-2.459016393442614,False,0.4049904030710173,8.943089430894306,0.20325203252031365
GLOBALINS,2021-12-23,6.5040650406503975,8.316476182682779,7.826086956521743,1.0331945156035043,0.40816326530612823,True,0.4664107485604606,-0.7633587786259515,-4.961832061068705
GLOBALINS,2022-02-07,3.1775700934579496,2.729477452825224,7.031249999999989,1.0400143171100538,4.08560311284047,True,0.5201535508637236,-8.514492753623193,-19.384057971014496
GLOBALINS,2022-02-08,3.9855072463768035,3.440541978470132,9.374999999999995,1.1690669566826237,8.235294117647065,True,0.5623800383877159,-12.020905923344946,-16.724738675958193
GLOBALINS,2022-08-28,3.458213256484137,2.0124387467685305,9.090909090909092,1.1372140708063154,9.810126582278485,False,0.13489736070381222,-6.128133704735364,-8.356545961002785
GLOBALINS,2022-10-13,4.281345565749231,2.7664380602750565,2.4464831804281255,0.27625127730490273,-2.9673590504451037,False,0.10486891385767794,-4.105571847507327,-3.8123167155425346
GLOBALINS,2022-10-30,3.6697247706421883,4.57774087200621,6.422018348623835,0.7368785019996057,0.0,False,0.09737827715355797,-3.539823008849545,-3.539823008849545
GLOBALINS,2022-11-01,3.3639143730886674,3.450867488844202,5.504587155963294,1.12142046271344,0.0,False,0.093632958801498,-3.2544378698224685,-3.2544378698224685
GLOBALINS,2022-11-02,7.396449704142012,10.955192632143849,5.504587155963294,1.3740850473714654,3.3639143730886674,False,0.18726591760299613,-8.815426997245169,-9.917355371900811
GLOBALINS,2023-01-17,2.875399361022371,2.5160143547925125,8.108108108108103,6.9794951105653125,-4.281345565749241,False,0.09154929577464795,5.279503105590049,-4.037267080745355
GLOBALINS,2023-09-05,5.089820359281446,4.658673251877995,8.722741433021799,0.8521128600808133,-4.843304843304852,True,0.40764331210191096,9.971509971509972,-4.273504273504273
GLOBALINS,2023-12-28,4.024767801857599,2.635815732561987,6.875000000000009,1.1470862857295894,1.5723270440251462,True,0.31210191082802563,4.464285714285714,1.1904761904761862
GLOBALINS,2024-02-05,5.042016806722681,4.846781181981365,8.333333333333325,1.1214706209292753,5.9347181008902075,True,0.5605095541401275,0.2666666666666705,-4.53333333333334
GLOBALINS,2024-05-13,6.90789473684211,3.375768864827198,9.523809523809538,1.334940343883733,-10.32448377581121,False,0.21192052980132448,-13.846153846153847,-22.461538461538463
GLOBALINS,2025-07-08,5.617977528089887,3.1170861768456617,7.782101167315175,0.9471355594304345,-4.301075268817202,True,0.8126801152737751,0.35460992907801925,1.0638297872340452
GLOBALINS,2025-09-07,3.4602076124567476,3.0179991813556972,8.791208791208787,1.3240991005086464,3.956834532374093,True,0.9088145896656535,-8.361204013377927,-3.678929765886281
GLOBALINS,2026-01-13,3.137254901960787,2.219287406170052,7.630522088353422,1.1082618547595895,-1.544401544401539,False,0.7993920972644377,9.885931558935352,14.448669201520914
GLOBALINS,2026-01-18,3.8314176245210727,2.8474305832567337,6.2992125984252025,2.1490214242119783,0.7722007722007832,False,0.8237082066869301,3.321033210332098,9.594095940959402
GOLDENSON,2019-08-21,6.8493150684931505,2.552346213822573,7.042253521126761,0.6507484598404446,-3.947368421052629,False,0.2241379310344827,-15.384615384615389,-10.256410256410255
GOLDENSON,2022-02-10,7.216494845360836,2.5309596556464737,7.446808510638291,0.6025049750871083,-2.020202020202031,True,0.8046875,-10.576923076923073,-7.211538461538461
GOLDENSON,2022-05-08,5.454545454545446,2.257510734013278,8.749999999999991,0.778078333544812,-8.839779005524868,False,0.5390624999999999,-2.873563218390805,2.298850574712656
GOLDENSON,2022-06-05,3.4482758620689737,2.6481162309853303,9.876543209876552,0.8119823233399573,5.454545454545446,False,0.4591836734693877,-3.888888888888885,-3.888888888888885
GOLDENSON,2022-07-12,9.770114942528753,8.459427669893977,7.185628742514965,1.2643419383419325,0.0,True,0.44736842105263175,-4.188481675392674,-2.6178010471204183
GOLDENSON,2022-08-08,7.103825136612025,2.861910870037308,9.03954802259888,0.7626074046058682,5.172413793103461,True,0.5131578947368423,-4.591836734693889,-5.10204081632653
GOLDENSON,2022-08-29,6.349206349206364,3.5744328231345803,7.103825136612025,1.2249999171556727,3.2786885245901525,True,0.5789473684210528,-8.457711442786083,-9.45273631840797
GOLDENSON,2025-06-29,4.62962962962963,3.1676827821156777,9.900990099009901,0.7920781387183231,-1.818181818181812,False,0.509009009009009,1.7699115044247724,3.539823008849545
GOLDENSON,2025-08-26,2.678571428571435,2.901180477057546,9.174311926605503,0.8597058699088496,-5.88235294117648,False,0.5555555555555556,15.652173913043486,6.956521739130441
GOLDENSON,2025-08-27,5.217391304347823,4.840084203553363,9.174311926605503,1.1143362812547244,-4.166666666666666,False,0.5845410628019324,9.917355371900834,4.958677685950411
GOLDENSON,2026-02-03,4.3956043956043995,2.474893517159717,8.888888888888896,0.7796269429807123,-8.080808080808087,False,0.6168831168831169,7.368421052631572,3.157894736842113
GOLDENSON,2026-02-10,6.315789473684206,4.105024517721464,6.6666666666666625,1.0248392158114625,0.0,False,0.6558441558441558,2.9702970297029774,2.9702970297029774
GP,2019-01-28,4.70971563981042,4.574203055307738,8.860759493670885,1.1418496347338063,-6.481994459833788,False,0.2256186317321688,-3.3663366336633596,-1.1315417256011315
GP,2019-11-19,4.480286738351254,5.397560320259672,5.449189985272442,0.820983107590189,-2.549772965420891,False,0.2726580350342727,-5.4888507718696395,-10.188679245283016
GP,2020-07-26,2.9106858054226517,2.4065693003292417,5.483465885307657,2.5528032203288813,5.025125628140703,False,0.3848039215686277,11.700891127469967,22.23944207671444
GP,2022-07-05,3.007784854918613,8.873825249453608,8.634111818825186,1.4170251213130187,-8.00781249999999,False,0.11769616026711203,-1.3740982480247337,2.9543112332531654
GP,2025-07-23,3.1589023611997558,4.011171675148634,6.587837837837837,1.9674493791668226,8.068965517241372,True,0.8354005167958657,-2.3507578100835205,-7.454376739870096
GP,2026-02-15,3.081548290116493,2.609941229868801,4.575163398692801,1.057129927706236,5.931528662420396,False,0.7884449554469676,-5.140357273058703,-7.765220561429096
GPHISPAT,2019-01-15,5.571030647121315,3.0186689834311258,6.069364178949527,1.1740543431587214,6.52818989881211,True,0.8012589935159729,-3.166226916402594,-4.2216358885368
GPHISPAT,2019-04-02,3.25443790252439,2.4711334448565068,4.477611936308231,0.722696385373812,-7.901907374616924,False,0.504496403606126,0.2865329240829022,2.5787965367090644
GPHISPAT,2020-09-06,9.756097579097622,5.743115001156124,8.19672128282158,1.0691594354750413,0.8196721033123938,False,0.40414507732765165,6.296296308832572,-0.7407407607987634
GPHISPAT,2020-11-11,2.9197080194587484,2.5306333475156793,8.527131776355542,0.8598331314784495,8.30039526605465,True,0.5690093135947497,-4.680851052981302,4.627659584856893
GPHISPAT,2020-12-27,9.964412796690777,4.95084869850537,8.396946532087728,1.0817498767866667,6.844106466562766,True,0.9766055038625641,10.679611668352184,0.3236246164961116
GPHISPAT,2021-07-25,9.947643954404002,7.683837736962336,7.887323931138418,0.8106373513247629,2.139037447757162,True,1.0,23.33333335635912,20.952380958959758
GPHISPAT,2022-03-29,5.2631579030866735,3.935528567734328,8.398437491508297,0.9086928482090268,2.307692290681205,True,0.7373737374329405,-5.357142865216842,-3.571428576811233
GPHISPAT,2022-04-28,5.185185193289446,8.153754021060829,8.964143418466175,0.7593775688886183,-3.571428576811233,True,0.74697286021944,-7.570422527886335,-4.577464795534119
GPHISPAT,2022-08-22,7.740585786017622,4.757545194109226,7.594936720693811,1.0876579342506725,-3.0425963534421,False,0.27327935256150426,3.106796100474502,1.7475728180399577
GPHISPAT,2024-07-04,3.571428571428571,2.4438338494667216,6.818181818181822,0.8023275876410543,0.0,False,0.20202020202020204,-8.965517241379315,7.931034482758623
GPHISPAT,2025-02-04,5.797101449275359,6.924153206905133,7.425742574257425,0.6507695970435318,-4.6082949308755765,False,0.5128805620608898,-3.6529680365296677,-2.739726027397251
GPHISPAT,2025-03-20,2.843601895734587,2.2108389182714596,3.8647342995169116,0.632714280528839,0.9569377990430759,False,0.6477611940298508,0.4608294930875642,-8.29493087557604
GPHISPAT,2025-04-10,3.7558685446009425,6.071102871386107,4.761904761904762,1.0416349759403818,0.0,False,0.6597014925373135,-6.787330316742081,-17.19457013574661
GPHISPAT,2025-07-03,6.179775280898864,4.693980033915993,7.185628742514965,1.4191963122892386,3.4883720930232642,False,0.5641791044776119,3.174603174603182,3.703703703703719
GPHISPAT,2025-08-28,2.512562814070352,3.26900701280545,7.486631016042793,0.9607568372488977,5.291005291005291,False,0.608955223880597,2.450980392156863,0.9803921568627592
GPHISPAT,2026-02-15,8.588957055214715,4.7548187789861895,6.493506493506482,0.9746946515340499,2.5157232704402537,False,0.7596566523605149,-5.649717514124294,-8.474576271186441
GQBALLPEN,2019-02-17,2.7544910179640683,3.2733942328517065,8.90322580645162,1.7836009442815768,2.0782396088019595,True,0.44905660377358486,3.9627039627039693,-7.22610722610723
GQBALLPEN,2019-03-05,4.577464788732384,3.3412264429181864,7.644882860665849,1.9662976222820585,9.370988446726567,True,0.511320754716981,-13.019079685746346,-10.549943883277207
GQBALLPEN,2021-07-08,4.86486486486487,2.532623593040818,6.23853211009174,0.9476476125806357,-8.264462809917356,False,0.267980820458178,9.106529209621987,14.003436426116822
GQBALLPEN,2022-02-17,8.39416058394161,8.746956679912689,7.58885686839578,0.8663673024965435,-2.577777777777783,True,0.34603174603174597,-7.323232323232326,0.7575757575757623
GQBALLPEN,2022-08-25,9.972299168975066,9.33761042101363,8.852140077821021,2.027812302814506,3.438395415472774,True,0.4249999999999999,-9.403862300587733,-9.235936188077247
GQBALLPEN,2025-02-16,7.529089664613278,4.29491651808621,7.101449275362327,0.7612756189151086,1.1772853185595489,True,0.9133720930232557,-0.2546148949713595,0.509229789942719
GRAMEENS2,2019-01-03,4.0983606557377055,3.1927403761905,4.23728813559322,1.2375844130219553,1.6666666666666607,False,0.18032786885245897,7.086614173228349,6.2992125984252025
GRAMEENS2,2019-07-04,5.925925925925931,5.773893772274855,6.060606060606066,2.579256074666804,2.2727272727272783,True,0.4736842105263159,-6.293706293706296,-9.790209790209792
GRAMEENS2,2019-12-02,2.5862068965517304,7.8846241718071735,6.363636363636357,0.6280147575291555,4.504504504504505,False,0.28888888888888903,-4.201680672268907,-1.680672268907572
GRAMEENS2,2020-02-11,5.263157894736839,12.924638119018635,2.6548672566371585,1.009462766449753,0.0,False,0.31111111111111117,7.500000000000003,-4.166666666666666
GRAMEENS2,2020-10-28,7.9710144927536195,2.225553690927014,9.160305343511459,0.53706161502155,2.2222222222222276,True,0.9787234042553192,18.120805369127524,14.09395973154362
GRAMEENS2,2021-04-15,6.369426751592357,3.3426207285147425,9.523809523809538,0.6609723186346445,-3.08641975308642,True,0.6666666666666666,0.0,2.3952095808383365
GRAMEENS2,2021-05-05,4.907975460122704,5.464104868145565,6.962025316455682,1.4720680023560546,6.535947712418301,True,0.7083333333333336,0.0,1.754385964912264
GRAMEENS2,2021-07-13,3.8461538461538423,4.14967090926107,9.883720930232554,1.2173091452966875,7.05882352941176,True,0.8863636363636364,2.6455026455026456,5.291005291005291
GRAMEENS2,2021-10-31,2.9585798816568047,4.802481194272203,6.097560975609757,0.9341780208597864,-0.5882352941176554,True,0.4886363636363636,-1.7241379310344664,-5.74712643678161
GRAMEENS2,2022-01-03,3.8216560509554234,2.6438534528625244,4.575163398692805,0.9752554110875767,-3.680981595092033,False,0.22222222222222243,-1.8404907975460165,-1.2269938650306704
GRAMEENS2,2022-06-30,2.531645569620244,2.271284102689641,5.194805194805188,0.5627966979504192,0.0,False,0.1492537313432836,-4.938271604938265,-3.08641975308642
GRAMEENS2,2022-07-31,3.9215686274509776,2.2843786455487654,5.3333333333333375,1.6325312140192287,-3.773584905660375,False,0.13043478260869573,0.6289308176100606,1.2578616352201324
GRAMEENS2,2024-12-04,7.575757575757576,6.734843181866737,8.130081300813007,0.7402042584070102,-2.941176470588238,True,0.7802197802197802,-8.450704225352109,-2.8169014084506943
GRAMEENS2,2025-05-08,6.400000000000006,2.8967609405648216,9.917355371900834,0.720716933731823,-5.303030303030297,False,0.7307692307692308,-6.766917293233085,-9.022556390977451
GRAMEENS2,2025-07-22,7.6923076923076925,4.6493751682632505,7.258064516129036,1.4180760902934106,8.333333333333332,True,0.7692307692307693,2.142857142857148,-4.999999999999995
GRAMEENS2,2026-01-21,3.539823008849545,9.002481724278208,7.407407407407398,1.308700860147141,4.62962962962963,False,0.7799999999999999,1.7094017094017186,8.547008547008547
GRAMEENS2,2026-02-03,4.310344827586207,10.229979636022636,7.207207207207214,1.5685838452361487,5.4545454545454515,False,0.8066666666666666,4.132231404958678,2.4793388429752126
GREENDELMF,2019-06-24,4.054054054054052,2.4981744983055414,8.695652173913038,1.3143764028470901,1.3698630136986376,True,0.4473684210526315,1.298701298701294,9.090909090909092
GREENDELMF,2020-08-16,7.575757575757576,8.911030810365302,4.615384615384613,1.8302796393971767,1.538461538461533,False,0.3448275862068965,-7.042253521126761,-7.042253521126761
GREENDELMF,2020-09-21,6.060606060606066,6.288626336444952,3.030303030303033,0.9580894903408973,-4.347826086956532,False,0.31034482758620696,7.142857142857142,2.85714285714286
GREENDELMF,2021-04-07,2.898550724637671,3.3360847039196417,9.230769230769226,0.8444279815219498,-4.166666666666664,False,0.25714285714285706,5.633802816901413,9.859154929577468
GREENDELMF,2021-04-29,2.6666666666666687,2.507695467621171,8.450704225352121,2.0652208629518642,8.695652173913038,True,0.42857142857142866,3.896103896103894,1.298701298701294
GREENDELMF,2021-06-30,2.5641025641025665,3.0697879929095224,9.090909090909092,1.0053405194483684,-4.8780487804877986,True,0.4687500000000001,14.999999999999991,19.999999999999996
GREENDELMF,2022-03-13,2.8169014084507067,2.0451934609605784,5.71428571428572,1.1636180260698976,-5.3333333333333375,False,0.23529411764705874,4.109589041095888,2.739726027397263
GREENDELMF,2022-03-15,2.7027027027026933,5.7021922401277,7.142857142857142,1.2479040739096048,-1.3333333333333286,False,0.32352941176470573,1.3157894736842175,-1.315789473684206
GREENDELT,2021-01-19,9.999999994533896,2.115456582157844,8.070175444022777,0.7051701785508528,-6.4976228235380855,True,0.7546054438484684,-8.474576272028681,-5.39291216708591
GREENDELT,2022-02-06,7.8313253012048305,4.40873922876252,6.092436974789913,0.9743941295350528,-4.597701149425298,True,0.5857699805068226,-12.849162011173194,-21.973929236499075
GREENDELT,2022-08-28,3.0523255813953614,2.1475044705581814,6.466165413533831,1.0778352569767078,6.336939721792881,False,0.14308426073131966,-1.1283497884344307,-6.4880112834978965
GREENDELT,2023-05-28,9.913793103448285,28.44255022686944,9.984639016897082,12.440231442242485,6.912442396313365,True,0.6375545851528386,-12.287581699346413,-14.248366013071903
GREENDELT,2023-09-05,3.719008264462814,2.1647339000302734,9.15492957746479,0.5588996024161679,-9.250000000000007,True,0.6000000000000002,4.648074369189907,-6.640106241699867
GREENDELT,2023-09-07,4.515272244355917,8.555394488338749,9.15492957746479,0.7624368337300903,-0.9210526315789511,True,0.8000000000000005,-3.68487928843711,-13.468869123252869
GREENDELT,2024-01-11,3.7481259370314843,3.3695416662641473,5.683563748079882,0.8964101373933507,2.143950995405828,True,0.19069767441860505,-2.6011560693641576,-1.1560693641618456
GREENDELT,2025-08-18,4.402515723270428,2.4160064441346,8.60215053763441,0.7109592410582672,3.2467532467532463,True,0.7942583732057416,4.819277108433746,0.4016064257028169
GREENDELT,2025-10-05,4.0,3.0484924348649844,7.216494845360824,0.44831380542154375,-4.214559386973185,True,0.9369369369369369,6.3461538461538405,3.8461538461538463
GREENDELT,2026-01-18,4.089219330855024,4.3553905681532985,5.6818181818181825,1.3019015076003675,1.5094339622641455,True,0.9032258064516129,1.071428571428574,3.035714285714291
GSPFINANCE,2019-01-02,4.3269230922986806,2.7068235008909363,7.1794872004175225,0.7040195544941744,6.122449024118586,True,0.5610610620074916,13.364055265988378,11.981566763769885
GSPFINANCE,2019-05-27,5.263157843551102,4.129181390522141,7.926829307599963,1.2538283600487339,0.5882352805536699,False,0.194690265189036,-3.888888867624469,-4.99999995380487
GSPFINANCE,2019-08-07,3.3783783827168525,2.158201485067924,7.746478865581049,0.7635977600146177,-10.303030353643159,False,0.1194029849820102,-5.22875812984659,-7.189542477063364
GSPFINANCE,2019-09-23,5.839416100165028,2.490175360864724,8.148148137719602,0.9731631789616774,-7.432432425924719,False,0.0802919707269727,0.6896551565942849,-1.3793103951110048
GSPFINANCE,2019-09-29,4.794520520081758,3.604503263407546,8.888888861513985,1.0190021319722784,-0.6802720934515779,False,0.138686130861561,-8.496731990115288,-9.150326746641257
GSPFINANCE,2019-11-06,5.555555509727049,4.131969917541752,7.971014572594003,1.0449123775407045,-1.3698629824915551,False,0.13138686095312016,0.6578947219319773,0.0
GSPFINANCE,2019-11-26,3.8709677295746663,4.423950763927138,6.802721096131354,1.30231463091907,7.638888877431764,False,0.1970802918632113,-5.590062131506744,-5.590062131506744
GSPFINANCE,2020-02-13,6.293706318684841,3.33251510592834,9.48905114109162,1.050241818174332,9.999999954312502,False,0.16197183067368884,-5.921052653687081,-15.131578917034009
GSPFINANCE,2020-07-21,4.878048763999361,5.340178891374458,6.557377097065636,6.716089593575269,0.8196722101583067,False,0.20779220842130675,12.403100765914083,20.155038756120796
GSPFINANCE,2020-07-28,3.968253972743289,2.8084926314576935,7.377049209857149,2.332901717900216,3.2786885485328274,False,0.2337662338183248,16.79389311177394,16.03053435045284
GSPFINANCE,2020-09-06,11.212903219378825,4.253580708915762,8.053691248415044,0.9327841990578983,9.929078041071564,True,0.7711688320561411,19.230769196314114,33.97435898010151
GSPFINANCE,2020-12-24,7.975460084666346,2.0799239303983486,9.876543191034132,1.14047858202104,2.5157233167892903,True,0.6158264678954062,26.704545501049186,20.454545462874478
GSPFINANCE,2020-12-27,6.818181820958144,4.4555219540543,9.876543191034132,1.2352061898537596,7.975460084666346,True,0.7160456501445263,15.957446843184139,10.106382977810954
GSPFINANCE,2021-05-24,7.344632734048321,3.2812714873792608,9.941520477762385,1.5439787233114184,0.5681818438629842,True,0.676269530804225,19.47368424328256,15.263157906648212
GSPFINANCE,2021-08-03,4.888888869565425,5.67475755783771,5.581395350000005,0.7409406351084269,2.739726052949267,True,0.8933088730458488,5.932203384040154,13.55932205319952
GSPFINANCE,2021-09-29,2.6415094312068383,2.629433164083029,7.599999999139992,0.7706434593939162,4.330708644088297,True,0.9319727890062014,-10.66176471198503,-13.602941157000165
GSPFINANCE,2022-04-03,5.338078303250974,3.8469470881736716,5.839416086459067,1.1755458564996186,9.765624976871491,True,0.9415204677406723,-2.027027009359015,-3.378378385249271
GSPFINANCE,2022-05-10,5.9649122844075,3.193626107290543,9.454545449570244,0.4851490763564293,-2.3972602711988547,True,0.9736842107496536,2.9801324416089257,12.913907258837337
GSPFINANCE,2022-07-26,3.384615371486397,2.986481107295151,6.109324756841838,0.9392230685408173,6.907894728815893,True,0.9225352108357717,-2.976190450480972,-0.8928571191472642
GSPFINANCE,2025-01-12,7.017543859649113,8.572078834728167,7.27272727272728,0.7171433145964199,-6.55737704918032,False,0.20132013201320131,-8.196721311475411,6.557377049180333
GSPFINANCE,2025-02-06,8.620689655172415,10.540130947482497,9.090909090909092,0.9767001001506384,1.7543859649122744,False,0.2079207920792079,0.0,-3.174603174603177
HAKKANIPUL,2020-08-17,5.835543766578238,2.3695400373753834,6.081081081081082,1.0099881664058095,-7.48466257668711,True,0.8192371475953565,-3.7593984962406015,30.200501253132845
HAKKANIPUL,2020-11-15,2.83783783783783,3.5187559126667094,5.0000000000000036,0.7189605967408019,-9.975669099756693,True,0.5158013544018059,4.467805519053885,4.3363994743758365
HAKKANIPUL,2020-11-17,9.894459102902376,4.051658112560292,4.1891891891891815,1.026097491788023,-4.654088050314469,True,0.5970654627539503,-5.88235294117646,-1.0804321728691375
HAKKANIPUL,2021-03-14,3.7433155080213867,5.84656163787847,5.945945945945954,24.04641171153293,1.0810810810810774,False,0.4678663239074549,-4.639175257731952,-4.639175257731952
HAKKANIPUL,2021-03-16,4.787234042553184,5.905906280609157,5.945945945945954,24.57096228406578,1.6216216216216255,True,0.48329048843187655,-6.0913705583756315,-6.0913705583756315
HAKKANIPUL,2022-02-16,3.9249146757679134,5.444822007934858,8.727272727272723,0.6868809965005793,-3.9344262295081944,False,0.2777777777777778,-6.239737274220028,-6.239737274220028
HAKKANIPUL,2022-03-27,3.947368421052641,2.6880655834983456,9.347442680776009,0.5979944041218799,-3.645007923930276,False,0.3234126984126985,-7.594936708860765,-11.075949367088606
HAKKANIPUL,2022-08-16,4.071661237785016,3.205372349048925,7.363013698630144,0.8961560900414207,-3.610675039246474,True,0.3373015873015873,8.763693270735526,13.4585289514867
HAKKANIPUL,2022-12-01,7.6923076923076925,2.084888509262746,2.0547945205479503,0.08114696874004425,-20.190995907230555,True,0.4363143631436315,-2.063492063492059,-7.142857142857142
HAKKANIPUL,2022-12-15,5.110732538330494,3.5107741389068043,9.589041095890414,1.5352206165997273,0.5136986301369937,True,0.3649425287356323,-5.186385737439227,-5.9967585089141044
HAKKANIPUL,2022-12-18,2.5931928687196013,4.476950781005004,8.561643835616438,1.677809179564133,5.650684931506857,True,0.3843843843843843,-8.37282780410742,-7.42496050552922
HAKKANIPUL,2023-04-30,5.956678700361018,2.5406903695462435,9.245283018867923,0.554500458262112,-1.2477718360071353,False,0.3008356545961004,9.540034071550245,13.117546848381606
HAKKANIPUL,2023-06-07,7.575757575757576,2.2673910588384603,9.30232558139535,0.8908943393769981,3.610675039246463,True,0.6434540389972145,-6.6197183098591585,0.0
HAKKANIPUL,2023-09-05,3.536977491961419,2.1785618130099382,9.816971713810313,0.9224352553024833,-5.757575757575753,True,0.4596100278551534,-8.385093167701871,-10.093167701863365
HAKKANIPUL,2023-10-01,3.0664395229982917,2.81932608855266,8.551483420593378,1.0807261539023316,-7.849293563579278,True,0.350974930362117,-7.933884297520656,10.247933884297526
HAKKANIPUL,2024-12-03,4.761904761904762,2.6213570669817945,9.090909090909093,0.6195127921315038,-3.8901601830663677,False,0.6085753803596128,-4.318181818181815,-6.363636363636357
HAKKANIPUL,2024-12-30,4.819277108433735,4.267985379798211,7.730673316708232,0.5468456337287704,-1.425178147268412,False,0.6050069541029207,-2.98850574712643,7.816091954022985
HAKKANIPUL,2025-05-21,4.210526315789472,2.221955989638087,9.023941068139973,0.8560229128209041,-1.5544041450777177,True,0.7898936170212766,-2.525252525252525,2.693602693602696
HAKKANIPUL,2025-06-26,3.6065573770491848,3.6475610660523095,9.632224168126093,1.473631981341862,2.693602693602696,True,0.8404255319148937,5.69620253164556,11.392405063291143
HAKKANIPUL,2025-08-07,6.573426573426577,2.6012033961547956,8.787878787878784,1.0099050834004433,9.831029185867905,True,0.9908972691807542,11.023622047244084,15.223097112860884
HAKKANIPUL,2026-02-18,3.8199181446111834,3.4105015000569177,9.912536443148705,1.0735175894065332,5.01432664756447,True,0.8018967334035826,-12.483574244415244,3.28515111695138
HEIDELBCEM,2023-07-06,8.6906584992343,2.8580866266152416,7.0588235294117645,0.2457697494253887,-15.414507772020732,True,0.6265607264472189,3.9450510743219604,-1.3032758013384957
HFL,2019-01-28,4.072398190045242,2.709875374513237,7.009345794392524,1.6935528958392023,-5.957446808510633,False,0.14400000000000002,-6.521739130434782,-8.260869565217385
HFL,2019-06-10,2.717391304347826,3.1321745641880736,7.303370786516858,1.1469358585360565,-6.598984771573608,False,0.08074534161490665,2.116402116402128,-1.5873015873015723
HFL,2019-07-02,3.061224489795907,2.411446971810867,8.51063829787233,1.0892110952009568,7.103825136612025,False,0.16149068322981353,-13.366336633663364,-13.366336633663364
HFL,2020-02-12,4.216867469879514,3.5691958239597135,7.4534161490683175,0.6090221170222783,3.750000000000009,True,0.4434782608695653,9.248554913294784,-1.1560693641618456
HFL,2020-07-30,3.773584905660375,3.9500478635453833,7.006369426751602,26.56689321981754,1.2738853503184782,True,0.5180722891566265,0.0,-1.8181818181818226
HFL,2020-08-09,3.773584905660375,3.0186024076000706,7.643312101910824,28.214367663617452,1.2738853503184782,True,0.5180722891566265,-1.2121212121212077,3.636363636363645
HFL,2020-08-16,5.590062111801233,2.0316935472384827,7.643312101910824,6.856196191523071,2.5477707006369563,True,0.5783132530120483,-5.294117647058815,0.5882352941176554
HFL,2020-09-06,4.907975460122704,2.5732007649060638,6.25,0.643767864424872,3.164556962025316,True,0.5903614457831328,9.941520467836252,45.61403508771928
HFL,2020-09-16,2.9069767441860463,2.728578046828304,9.937888198757749,1.227896475163925,4.242424242424238,True,0.6626506024096385,40.11299435028249,49.71751412429379
HFL,2021-05-12,3.289473684210526,2.9804566498871115,8.965517241379315,1.2022477589237728,8.571428571428566,False,0.1455696202531645,-1.2738853503184668,10.191082802547779
HFL,2021-08-02,5.263157894736842,2.1707154179091734,6.5934065934065895,0.6130000627713861,0.0,True,0.4177215189873418,1.9999999999999927,11.500000000000004
HFL,2021-09-05,7.729468599033823,3.693509916692361,8.000000000000007,0.9322075557576432,8.947368421052628,True,0.5632911392405064,-12.107623318385647,-4.932735426008975
HFL,2022-05-08,7.843137254901968,3.785332901271976,8.333333333333341,0.8252829450747965,-2.857142857142864,False,0.3426294820717131,-5.909090909090913,-4.545454545454546
HFL,2022-06-13,2.8846153846153744,2.4904170492658575,5.339805825242708,0.8077730914100109,-8.771929824561402,False,0.26293103448275856,0.9345794392523498,11.214953271028048
HFL,2022-06-15,2.857142857142864,2.3660956082958977,5.797101449275359,1.057912098391136,-1.8691588785046664,False,0.27155172413793105,3.7037037037036904,6.481481481481474
HFL,2022-06-28,2.7777777777777675,3.337337275158618,7.352941176470589,1.2662597944557468,2.857142857142864,False,0.2755555555555555,5.405405405405403,-1.8018018018017956
HFL,2023-01-17,6.632653061224475,10.216392244783705,6.185567010309293,135.4848773774204,-11.711711711711704,False,0.2916666666666664,-7.177033492822966,-11.961722488038278
HFL,2023-05-09,5.714285714285714,5.688328369698428,2.857142857142857,1.7793367118077508,0.0,False,0.13580246913580263,0.5405405405405482,-1.6216216216216255
HFL,2023-05-21,5.084745762711877,2.0701422067246313,9.142857142857151,2.1771150041428737,1.1428571428571388,False,0.14814814814814847,-5.376344086021505,-5.913978494623663
HFL,2023-06-26,3.333333333333341,3.645093875094965,3.4285714285714364,0.4957024519396126,0.5586592178771029,False,0.14814814814814847,0.5376344086021391,-3.7634408602150686
HFL,2023-07-02,2.6881720430107525,2.71050408602967,7.428571428571433,0.8093742190203057,3.333333333333341,False,0.20987654320987686,-3.14136125654451,-8.376963350785347
HFL,2023-11-26,2.857142857142857,9.495496401018258,2.2857142857142776,5.614762252847982,0.0,True,0.12500000000000028,-0.5555555555555635,-2.2222222222222143
HFL,2025-02-05,4.301075268817189,2.9462792465118364,8.888888888888896,1.26477474366163,0.0,False,0.5052083333333334,14.432989690721653,26.80412371134022
HRTEX,2019-06-13,4.773269703433577,4.651174856410942,7.341772146649557,0.9400105657318981,1.6990291091408163,True,0.25925925934789507,0.6833713086482565,-5.922551261891542
HRTEX,2019-06-26,3.2786885161247032,2.214762804418221,8.716707026162428,2.026796939511446,6.749999995406236,True,0.2649572650314122,-1.360544214285719,1.1337868571428564
HRTEX,2020-02-13,3.9682539722222168,2.9357862737324982,8.264462818523313,1.5292192147015382,8.620689664536277,True,0.4341085272926806,-1.7811704922984233,-11.195928751481068
HRTEX,2020-09-01,6.094182839504004,2.169418144879439,9.714285720971427,0.5799155122086423,-0.2762431077042915,True,0.4243542438298089,4.43864229979754,18.798955592031447
HRTEX,2020-12-29,3.2499999783437468,2.065366442832291,8.510638304408106,0.891545617945118,9.589041115593929,True,0.6651376144424923,-7.506053263347984,-14.76997578938729
HRTEX,2021-03-11,4.022988526208888,4.661535850270686,9.705882344403127,1.8456783268558787,-0.2865329655996349,False,0.43119266074930557,-4.696132598928593,-10.220994491964534
HRTEX,2021-04-29,9.677419344905887,12.74802038057844,5.214723929047939,1.050180397610003,-0.8720930058646582,True,0.48623853214986124,4.010695191069226,13.101604287082838
HRTEX,2022-01-19,3.9655172413793056,2.008976095575259,8.68761552680221,1.912474957516897,6.032906764168184,True,0.5211892797388428,-5.3067993366500765,9.12106135986733
HRTEX,2022-02-10,5.342237061769621,4.206414100118106,9.836065573770489,0.6527604801541431,6.5836298932384265,True,0.5704355109008084,5.546751188589529,12.044374009508719
HRTEX,2022-04-13,5.866666666666674,2.1268535669692343,5.571030640668524,1.2954527267237261,7.758620689655181,True,0.8571189280222512,-3.6523929471032814,-8.690176322418143
HRTEX,2023-10-05,2.7210884353741522,14.331792646404265,5.263157894736837,22.40916857606217,1.466781708369274,True,0.6828947368421051,-4.05629139072847,-4.05629139072847
HRTEX,2025-02-27,9.969788519637452,3.958994310036905,8.049535603715176,0.8591318367206581,6.430868167202572,True,0.3212709620476611,9.890109890109894,-3.296703296703285
HRTEX,2025-06-29,9.756097560975602,3.9026263327720376,7.594936708860763,0.6938618148796437,-7.169811320754711,False,0.5133079847908745,5.925925925925931,4.8148148148148175
HRTEX,2025-08-19,2.5362318840579685,2.084333342840701,8.46153846153846,0.7679718666063602,-1.075268817204291,False,0.5847107438016529,20.141342756183743,-12.367491166077738
HWAWELLTEX,2021-09-07,6.387665198237882,7.390248699622845,7.390300230946889,1.4545091374064516,2.0224719101123565,True,0.9827586206896549,-4.347826086956511,-6.418219461697711
HWAWELLTEX,2022-11-16,3.2679738562091507,2.156850396501099,3.555555555555559,1.5414025038943184,0.879120879120876,True,0.35051546391752564,-5.063291139240503,-4.219409282700422
HWAWELLTEX,2023-02-05,9.979209979209973,7.175847030937738,7.777777777777778,1.5729818382943452,6.888888888888892,True,0.6340206185567009,-11.531190926275995,-9.45179584120983
HWAWELLTEX,2026-03-10,5.399061032863843,10.169376112076597,4.878048780487805,1.3306411127568796,4.668304668304665,True,0.8361266294227188,-6.904231625835193,-8.685968819599106
IBNSINA,2021-09-02,3.844689760182727,4.556931336654885,6.692913385826772,0.7654693178251033,3.670086819258083,True,0.8800000000000002,8.174486803519066,0.10997067448680767
IBNSINA,2025-08-31,3.245501285347051,2.5935476871707137,5.0,0.951211402704218,-0.5115089514066569,True,0.8349792099792099,-0.3423591658885847,-4.170557111733593
IBNSINA,2026-02-01,5.078351712130005,4.936501085672292,9.233668341708553,2.3145157203115483,9.258084971464822,True,0.9789132197891324,-6.65561999447667,-10.770505385252692
IBP,2020-12-06,2.564102564102564,4.0403339265127585,3.1413612565444913,1.1606577385663832,1.5625000000000038,False,0.5220588235294118,-4.499999999999993,-4.499999999999993
IBP,2021-01-07,6.806282722513074,6.495186954034572,2.0942408376963275,1.236486132506531,-1.546391752577305,False,0.551470588235294,-6.37254901960783,-6.37254901960783
IBP,2021-12-07,2.564102564102564,3.104159907886212,9.78260869565218,0.6083578690021443,-5.339805825242725,False,0.4015151515151516,-8.499999999999996,-4.0000000000000036
IBP,2022-01-18,7.182320441988933,5.887599113871819,7.77777777777777,1.2458174660552923,-2.6881720430107525,False,0.356060606060606,-7.216494845360819,-5.154639175257732
IBP,2022-05-08,2.840909090909091,3.3394567056817768,8.284023668639067,0.6199588268422959,-3.296703296703285,False,0.25757575757575774,-4.9723756906077465,3.867403314917123
IBP,2022-07-04,2.7624309392265194,2.741411931339864,6.432748538011683,0.5231089108683598,0.0,False,0.1913043478260872,-5.376344086021505,-5.913978494623663
IBP,2022-08-04,2.857142857142857,2.005214642031043,8.433734939759027,0.7431634532493849,-5.913978494623663,False,0.1391304347826088,0.5555555555555635,28.888888888888886
IBP,2022-08-30,7.103825136612025,6.636449345281603,6.249999999999988,1.6345160618879988,8.284023668639067,True,0.2782608695652176,14.79591836734693,12.755102040816327
IBP,2023-07-05,5.780346820809249,16.23841177127155,1.7647058823529453,23.054703652025985,1.7647058823529453,True,0.20000000000000012,-6.5573770491803245,-7.103825136612025
IBP,2023-07-10,2.840909090909091,5.456459899090521,9.41176470588236,25.56263880149638,3.5294117647058907,False,0.1846153846153848,-6.07734806629835,-6.07734806629835
IBP,2023-12-10,8.823529411764707,34.930571652425094,2.941176470588235,126.93409811883774,0.0,True,0.595744680851064,-1.6216216216216255,-4.324324324324328
IBP,2024-07-04,7.194244604316546,4.519635659736954,6.060606060606066,0.8099799058278133,2.9629629629629655,False,0.24418604651162792,-8.053691275167791,5.369127516778517
IBP,2026-01-15,3.4782608695652204,2.3696874107939534,7.1428571428571495,0.7541397165466421,-4.166666666666666,True,0.7628205128205129,-0.8403361344537785,11.764705882352944
IBP,2026-01-19,4.201680672268907,4.031409473850501,8.849557522123893,0.9685176224004521,2.5862068965517304,True,0.7948717948717949,-0.8064516129032229,8.064516129032258
ICB,2020-08-04,6.573426575349705,2.7672063557125464,7.456140364500083,1.3199504538607822,4.532163750322739,False,0.32271762218001265,35.43307086135405,31.627296589035858
ICB,2020-12-13,3.424657539295591,2.365036487110066,9.146341470057166,0.384798511037883,1.7477876017334613,True,0.6965306122546405,4.5253863139771395,31.23620311721613
ICB,2021-08-26,9.975669164744174,7.4714495476274445,7.8481012828376855,0.827009645022654,-0.8842444044947073,True,1.0,4.719763969422191,-2.064896820952277
ICB,2021-09-29,6.950354564455996,3.2600119507385825,9.252120289463576,0.6046049557287658,6.0948081209267375,True,0.9440000003179958,-6.366047726805838,-12.20159148827275
ICB,2021-12-30,5.626598484715233,4.882928066668503,8.465608436483434,0.5556393695850437,1.4705881860052399,True,0.46702127621827766,4.923325257190402,15.496368081016328
ICB,2025-02-25,2.7131782945736407,2.0472960988158713,4.911591355599215,0.7954079940138602,-6.181818181818179,False,0.6633291614518148,-3.2075471698113263,-2.07547169811321
ICB,2025-05-27,9.832134292565934,2.166738129877984,8.499999999999996,0.8306299211105653,-10.897435897435887,False,0.5732165206508134,0.0,2.401746724890833
ICB,2025-08-14,6.048387096774193,4.693652459483153,7.157894736842102,0.6988938090866256,3.549060542797501,False,0.6583229036295369,-0.19011406844106732,6.08365019011406
ICB,2026-02-10,4.644808743169388,3.4222444680034543,6.376811594202906,1.1268712034150685,-0.2724795640327014,False,0.6404682274247492,8.09399477806789,1.5665796344647556
ICB3RDNRB,2019-07-02,6.2499999999999964,3.155895959920188,8.695652173913052,1.5297986070884648,2.1276595744680775,True,0.36363636363636354,-1.9607843137254832,-7.843137254901951
ICB3RDNRB,2020-07-21,3.7735849056603805,8.487024476032776,3.7735849056603805,1.6746075408879815,0.0,True,0.5000000000000001,-1.818181818181812,30.909090909090914
ICB3RDNRB,2020-08-06,5.555555555555552,6.729543984401102,5.660377358490563,1.1805703255753734,1.8867924528301987,True,0.5625000000000001,22.807017543859644,5.263157894736839
ICB3RDNRB,2020-08-10,10.714285714285724,11.10975544331431,9.433962264150944,1.743303678125694,3.7037037037036904,True,0.7187500000000001,14.516129032258055,-1.6129032258064602
ICB3RDNRB,2021-03-29,5.263157894736839,2.4162957844751087,8.928571428571429,0.95508553749751,-3.3898305084745792,False,0.4411764705882352,-4.9999999999999964,0.0
ICB3RDNRB,2021-05-04,3.3898305084745637,2.0792638362899476,6.896551724137938,1.1162427786421758,7.27272727272728,False,0.4705882352941175,8.196721311475411,9.836065573770501
ICB3RDNRB,2021-05-25,3.030303030303033,4.125527585015579,9.677419354838705,1.8276258150269953,9.999999999999993,True,0.676470588235294,2.941176470588238,0.0
ICB3RDNRB,2021-06-13,2.941176470588238,2.6240378532815845,7.575757575757576,1.332985206397035,6.249999999999992,True,0.6538461538461537,-2.85714285714286,7.142857142857142
ICB3RDNRB,2021-06-29,2.941176470588238,2.4775981426743785,7.462686567164178,0.8336606312441527,3.030303030303033,True,0.6538461538461537,12.857142857142861,8.571428571428566
ICB3RDNRB,2021-07-05,2.85714285714286,4.427972562172474,7.462686567164178,1.0791007756693263,1.4492753623188355,True,0.7307692307692307,6.944444444444445,2.77777777777778
ICB3RDNRB,2021-07-06,5.555555555555548,6.459612117358344,8.955223880597009,1.4984660845728175,4.347826086956519,True,0.8846153846153844,1.3157894736842175,-2.631578947368412
ICB3RDNRB,2021-10-10,5.797101449275354,4.035745113728985,5.882352941176476,0.31511006348463244,-4.166666666666664,True,0.7142857142857143,-6.8493150684931505,-8.219178082191776
ICB3RDNRB,2021-12-01,2.9850746268656745,2.597843916147504,6.060606060606066,1.3216606240777706,-1.4705882352941124,True,0.5714285714285716,-2.898550724637684,-7.246376811594203
ICB3RDNRB,2022-03-10,4.411764705882351,2.5616285052299665,7.575757575757576,0.3157642662963468,-5.55555555555556,True,0.6428571428571428,-1.4084507042253471,-2.8169014084506943
ICB3RDNRB,2022-03-15,2.8169014084507067,3.561730925344378,7.462686567164178,0.5794466093394237,0.0,True,0.7142857142857143,-2.739726027397263,-6.8493150684931505
ICB3RDNRB,2022-05-31,2.941176470588238,3.307967135918924,7.8125,1.1070036939110177,-1.4492753623188481,True,0.4761904761904763,-1.4285714285714235,-1.4285714285714235
ICB3RDNRB,2024-07-04,4.0816326530612095,2.1208019662073005,8.333333333333341,0.8784491919881809,-3.9215686274509665,False,0.13333333333333316,1.960784313725501,11.764705882352953
ICB3RDNRB,2024-07-07,9.803921568627452,30.33783778274437,8.333333333333341,1.0033514119096865,-1.9230769230769333,False,0.2999999999999998,-7.142857142857134,-3.5714285714285587
ICBAGRANI1,2020-01-16,5.769230769230766,2.539193871070425,10.0,0.626618031389722,4.0000000000000036,False,0.16981132075471703,0.0,23.636363636363633
ICBAGRANI1,2020-02-11,8.771929824561402,14.115780268387956,9.25925925925926,1.3885523523911258,7.547169811320761,True,0.30188679245283023,12.90322580645161,9.677419354838705
ICBAGRANI1,2020-06-14,6.451612903225798,4.431676801565668,1.6129032258064457,0.07237726698597027,-8.823529411764701,True,0.3773584905660377,-6.0606060606060534,-1.5151515151515098
ICBAGRANI1,2020-07-08,3.2258064516129057,3.4920594496542834,3.2258064516129057,0.608929232290051,0.0,True,0.33962264150943405,1.5624999999999944,17.187499999999993
ICBAGRANI1,2020-07-09,4.687499999999997,7.334201580090835,3.2258064516129057,0.9074763308137003,3.2258064516129057,True,0.39622641509433965,-1.4925373134328437,16.417910447761187
ICBAGRANI1,2020-08-05,4.5454545454545565,2.648610943575248,8.064516129032258,1.516588000931224,6.451612903225798,True,0.43396226415094347,14.492753623188406,7.246376811594203
ICBAGRANI1,2020-10-07,8.108108108108103,2.326611447331821,9.589041095890414,1.115594553376859,2.77777777777778,True,0.6415094339622641,-8.750000000000002,-7.499999999999996
ICBAGRANI1,2020-11-10,5.263157894736848,3.9901504421885843,9.589041095890414,0.8533699842898077,-7.317073170731704,True,0.829268292682927,5.000000000000004,-3.749999999999998
ICBAGRANI1,2020-11-11,7.499999999999996,7.502070691499287,9.589041095890414,1.2141081156483282,3.896103896103894,True,0.9756097560975611,-6.976744186046507,-10.465116279069761
ICBAGRANI1,2021-01-03,7.999999999999995,2.8750134034756956,9.859154929577468,0.8963919458373735,0.0,True,0.625,6.17283950617284,-6.17283950617284
ICBAGRANI1,2021-05-05,6.410256410256422,7.9902304756944655,5.263157894736848,1.1169219859418638,6.8493150684931505,True,0.6122448979591839,2.4096385542168584,6.024096385542168
ICBAGRANI1,2022-08-16,4.301075268817189,13.226065908741598,8.695652173913052,3.1536858991459935,-3.124999999999989,True,0.7222222222222221,-4.123711340206171,-5.154639175257732
ICBAGRANI1,2022-08-21,3.157894736842113,2.033575089174183,8.695652173913052,5.249776459637327,-1.041666666666663,True,0.7777777777777785,-4.081632653061227,-6.122448979591851
ICBAGRANI1,2024-01-01,3.1914893617021165,9.592752561018353,5.434782608695652,29.543975373851346,2.1739130434782727,True,0.7222222222222221,-5.154639175257732,-16.49484536082474
ICBAGRANI1,2024-12-04,8.695652173913038,3.386738351064703,9.230769230769226,0.19899159709577702,-2.8169014084506943,False,0.6818181818181818,-9.333333333333336,-5.3333333333333375
ICBAGRANI1,2025-03-16,3.124999999999989,2.955114802031316,4.838709677419352,0.6181600104488993,-1.538461538461533,False,0.6,6.060606060606066,3.030303030303033
ICBAGRANI1,2025-07-30,5.970149253731335,4.147242012276432,5.970149253731335,1.1509217671183138,-5.633802816901401,True,0.6454545454545454,-4.225352112676054,-2.8169014084506943
ICBAGRANI1,2025-08-03,2.8169014084507067,3.614488764356998,8.955223880597009,1.3507691883574782,2.898550724637671,True,0.6636363636363636,-4.109589041095888,-8.219178082191776
ICBAGRANI1,2025-08-04,5.479452054794526,4.368082732138443,8.955223880597009,1.627219988231391,2.8169014084507067,True,0.7000000000000001,-11.688311688311693,-11.688311688311693
ICBAMCL2ND,2020-02-11,3.797468354430366,9.790410299922227,6.666666666666667,0.6352012928942247,-1.2499999999999956,True,0.8620689655172412,-2.439024390243894,0.0
ICBAMCL2ND,2020-08-03,3.896103896103894,10.094227083249562,6.493506493506482,2.2034329977599802,-1.2820512820512775,True,0.6363636363636365,7.499999999999996,1.2499999999999956
ICBAMCL2ND,2020-08-06,6.493506493506482,3.92301444568726,6.493506493506482,3.449471565485408,0.0,True,0.6969696969696969,1.2195121951219685,-4.8780487804877986
ICBAMCL2ND,2020-08-13,5.06329113924051,2.665363741431515,7.792207792207799,3.6637025079734578,1.282051282051289,True,0.7272727272727276,0.0,-4.819277108433739
ICBAMCL2ND,2020-08-16,8.433734939759027,2.433497011914278,9.090909090909092,3.8635110491927946,7.792207792207799,True,0.9393939393939396,-12.222222222222218,-13.333333333333336
ICBAMCL2ND,2020-09-21,6.17283950617284,8.146770630917782,6.493506493506482,1.0751531658566464,-4.70588235294118,True,0.7499999999999999,-2.3255813953488293,-5.813953488372093
ICBAMCL2ND,2020-11-11,4.87804878048781,3.8471439042250903,9.090909090909092,0.5321426561092211,-1.2048192771084507,True,0.7096774193548385,6.976744186046507,0.0
ICBAMCL2ND,2021-01-04,4.761904761904765,2.091804749951842,8.641975308641989,0.694559087597939,-2.3255813953488293,True,0.48837209302325596,-5.681818181818182,-10.22727272727273
ICBAMCL2ND,2021-03-09,2.531645569620244,6.117570740581438,3.896103896103894,0.6018860994047869,0.0,False,0.3095238095238095,-2.469135802469127,-1.2345679012345634
ICBAMCL2ND,2021-05-05,4.87804878048781,3.3806644610349936,4.938271604938276,0.8301325830650322,3.797468354430366,True,0.3684210526315788,4.651162790697678,19.76744186046513
ICBAMCL2ND,2021-05-09,6.976744186046507,17.747405277422917,9.876543209876552,1.2925677128800095,7.499999999999996,True,0.526315789473684,2.1739130434782727,10.869565217391305
ICBAMCL2ND,2021-09-07,7.758620689655175,2.1373468607006676,8.256880733944957,1.2729666913677442,0.8695652173913012,True,0.8421052631578947,12.0,2.4000000000000057
ICBAMCL2ND,2022-01-03,3.1250000000000075,2.481183351262363,6.4516129032258025,0.6687135311043522,-7.692307692307699,False,0.2894736842105263,-9.090909090909093,-11.111111111111107
ICBAMCL2ND,2022-03-14,3.333333333333341,4.538329206069651,8.333333333333325,0.8337240443109982,5.88235294117647,False,0.21052631578947373,1.0752688172042972,-4.3010752688172085
ICBAMCL2ND,2022-08-23,3.370786516853921,4.15833323078059,9.195402298850585,2.0659826371431045,2.298850574712656,False,0.1527777777777777,-5.434782608695652,-5.434782608695652
ICBAMCL2ND,2024-07-10,2.77777777777778,5.042486576821554,8.823529411764714,2.3699416310824413,2.85714285714286,False,0.24137931034482768,-8.108108108108116,-2.702702702702705
ICBAMCL2ND,2025-05-05,3.030303030303033,4.6934343333860395,9.836065573770501,0.4742059278975356,6.451612903225798,True,0.8395061728395062,-4.411764705882351,-11.764705882352938
ICBEPMF1S1,2020-02-11,8.695652173913052,11.634660319905883,9.09090909090908,1.5307023253463814,9.523809523809511,True,0.45833333333333337,36.0,31.999999999999996
ICBEPMF1S1,2020-06-14,9.677419354838705,8.237981151609615,4.838709677419352,0.08109270723938393,-6.0606060606060534,True,0.6904761904761906,-7.352941176470589,-2.941176470588238
ICBEPMF1S1,2020-07-09,3.030303030303033,6.663203054419329,8.064516129032258,0.8504063486258469,6.451612903225798,True,0.6904761904761906,-5.882352941176463,0.0
ICBEPMF1S1,2020-09-21,10.000000000000002,2.301092489785208,7.352941176470589,0.5841905619903526,-12.5,True,0.8085106382978725,-6.493506493506493,-5.194805194805199
ICBEPMF1S1,2021-03-29,3.124999999999989,3.386099041498182,4.761904761904759,0.8317821224472939,-3.0303030303030196,False,0.5116279069767441,-3.0303030303030196,0.0
ICBEPMF1S1,2021-06-13,4.054054054054052,4.906412691873583,8.219178082191789,2.4956176736532685,1.3698630136986376,True,0.6000000000000002,-1.2987012987013056,7.792207792207799
ICBEPMF1S1,2021-06-23,6.756756756756756,4.7348860062158415,5.479452054794526,1.2880101658354532,1.3698630136986376,True,0.6800000000000003,6.329113924050632,3.797468354430366
ICBEPMF1S1,2021-09-22,2.5641025641025665,3.1806305289433334,6.493506493506482,0.5815689323999459,-4.8780487804877986,True,0.6666666666666665,-8.750000000000002,-8.750000000000002
ICBEPMF1S1,2022-03-15,6.944444444444445,7.744335111809404,5.797101449275354,1.1796620524736992,-3.9999999999999973,True,0.5555555555555555,0.0,-5.194805194805199
ICBEPMF1S1,2022-06-08,4.225352112676067,5.832962702048158,5.970149253731335,1.514287235212797,-4.054054054054063,False,0.34782608695652195,-4.054054054054063,-2.702702702702705
ICBEPMF1S1,2022-07-12,5.555555555555548,5.90746573387327,5.71428571428572,0.9470708933089534,-3.9999999999999973,True,0.43478260869565205,-3.947368421052629,-6.578947368421052
ICBEPMF1S1,2022-08-03,4.166666666666664,4.2191407967046155,4.285714285714283,0.5401889433413747,0.0,True,0.40909090909090906,-5.3333333333333375,-5.3333333333333375
ICBEPMF1S1,2023-12-28,9.722222222222223,21.53963064102425,7.042253521126761,16.6391552674111,1.4084507042253596,True,0.7222222222222223,-10.12658227848102,-16.45569620253165
ICBEPMF1S1,2024-07-04,3.448275862068969,2.871817280100292,8.771929824561402,1.148162749604787,-6.451612903225811,False,0.1499999999999999,-1.6666666666666607,9.999999999999993
ICBEPMF1S1,2024-07-07,8.333333333333332,4.925202577641866,8.771929824561402,1.4317087062413538,-1.6393442622950762,False,0.2749999999999999,-9.230769230769226,1.538461538461533
ICBIBANK,2022-07-17,10.0,4.070635173221497,6.122448979591832,2.9388662225109825,6.382978723404251,True,0.4722222222222222,0.0,-1.818181818181812
ICBSONALI1,2020-08-05,2.631578947368424,28.545711251070482,5.263157894736848,1.8342296314449862,0.0,True,0.8333333333333333,3.8461538461538445,0.0
ICBSONALI1,2020-08-06,8.974358974358978,3.4196047975660946,5.263157894736848,3.9959799421335576,2.631578947368424,True,1.0,-4.70588235294118,-10.58823529411765
ICBSONALI1,2020-09-21,5.194805194805188,4.83694456573422,6.578947368421052,0.6195501368821437,-8.333333333333336,True,0.7674418604651163,-1.2345679012345634,0.0
ICBSONALI1,2020-09-30,3.750000000000009,2.7096639969528526,9.210526315789489,1.403972410099857,1.265822784810122,True,0.8139534883720932,-4.819277108433739,-2.40963855421688
ICBSONALI1,2020-10-11,4.87804878048781,3.981102067708067,8.974358974358978,1.3417926324484264,5.1282051282051215,True,0.8837209302325582,-10.465116279069761,-4.651162790697678
ICBSONALI1,2021-03-08,2.531645569620244,3.403856620255868,9.210526315789489,0.9817216426421606,0.0,True,0.5789473684210525,-1.2345679012345634,-1.2345679012345634
ICBSONALI1,2021-05-06,5.88235294117647,4.7735463823804825,8.641975308641989,3.2485119342852484,8.974358974358978,True,0.5945945945945946,-1.1111111111111072,0.0
ICBSONALI1,2021-10-10,4.819277108433717,3.0337004665841922,7.407407407407403,0.49536242108622286,-4.597701149425271,True,0.379310344827586,-4.597701149425271,-6.896551724137928
ICBSONALI1,2023-12-27,8.860759493670876,33.13942092271739,6.410256410256422,83.3849131622747,1.282051282051289,True,0.7999999999999995,-8.139534883720923,0.0
ICBSONALI1,2024-03-28,3.0927835051546464,2.5153756061849126,9.574468085106387,1.1894469281654252,1.041666666666663,True,0.6842105263157896,5.9999999999999964,0.9999999999999963
ICBSONALI1,2024-03-31,4.0000000000000036,4.51062693289387,9.574468085106387,1.3690720451633753,2.0408163265306047,True,0.7894736842105265,-1.9230769230769333,-3.8461538461538494
ICBSONALI1,2024-12-04,9.523809523809533,7.096326597556515,8.47457627118644,0.6606077180382728,1.6129032258064457,False,0.6106194690265486,-8.69565217391305,-4.347826086956532
ICBSONALI1,2025-01-01,3.0769230769230793,3.893306139526998,9.836065573770501,0.5216338371294116,6.557377049180333,False,0.5929203539823009,5.970149253731335,5.970149253731335
ICBSONALI1,2025-01-14,5.882352941176476,3.767000369257079,9.523809523809533,1.1818643305964718,7.936507936507936,False,0.6371681415929203,-4.166666666666664,-8.333333333333341
ICBSONALI1,2025-04-08,5.172413793103446,7.129902489155052,8.928571428571429,1.8807030205045496,-3.333333333333336,False,0.5398230088495575,-14.754098360655728,9.836065573770501
ICBSONALI1,2025-10-09,4.0000000000000036,2.9483326158511582,6.122448979591832,0.6552585154439601,-7.407407407407414,False,0.6753246753246753,-3.8461538461538494,-9.615384615384615
ICBSONALI1,2025-10-14,4.0000000000000036,2.1942279608988495,8.163265306122437,1.020589581433013,-3.8461538461538494,False,0.6753246753246753,-3.8461538461538494,-17.307692307692314
ICICL,2024-01-22,3.4920634920634965,2.0026536972566458,10.0,1.2241566155664265,0.6389776357827454,True,0.33004926108374394,5.828220858895701,-2.14723926380369
ICICL,2025-01-19,9.569377990430622,9.406317543813962,6.999999999999992,0.9590484104362595,-6.696428571428571,False,0.6542857142857142,-6.550218340611353,-8.296943231441043
ICICL,2025-03-16,4.186046511627901,7.356221562983561,6.341463414634149,0.680126841309631,1.4150943396226447,False,0.6934984520123839,-4.464285714285714,-2.232142857142857
ICICL,2025-04-20,3.720930232558143,6.740168512504761,5.769230769230766,0.901155991170054,0.4672897196261749,False,0.735973597359736,-4.484304932735426,-6.2780269058296065
ICICL,2025-07-16,2.8846153846153744,2.3812194967898543,8.000000000000007,1.6016490691149972,4.0000000000000036,False,0.7062706270627062,5.140186915887857,-0.9345794392523332
ICICL,2025-07-24,3.3018867924528266,4.33912165604894,4.347826086956532,1.5146109593263908,9.84455958549222,True,0.7227722772277227,-3.1963470319634673,0.913242009132433
ICICL,2026-01-04,3.539823008849545,2.3851466277215327,6.8807339449541285,0.48690110505665307,-1.3100436681222583,True,0.9140624999999999,4.273504273504273,-2.9914529914529884
IDLC,2019-09-23,3.375527440087062,2.590921682447305,6.986899568624727,0.7581631646128596,-10.056926001044186,False,0.09356725153919139,-1.8367346998687966,-3.877551021151592
IDLC,2019-10-29,4.106776192076126,4.582586888005119,6.047516182932227,1.0243967797743705,1.4583333407617143,False,0.14327485390979272,-1.9723866033752302,2.958579863642724
IDLC,2020-08-09,6.960556826742416,4.523865633498548,7.398568039069057,17.789677826538046,2.863961832084017,False,0.39084507033531285,4.555314534116628,18.872017365387425
IDLC,2020-10-20,3.8602941176115784,4.435520221020305,5.7943925189623515,0.46704157216425085,-5.22648084114472,True,0.8600000001428002,1.0619468999905926,-0.530973459287339
IDLC,2020-10-21,4.778761059249736,3.3523993996661776,6.355140190951175,0.8453020103109846,0.3552397859617154,True,0.9307692305610944,0.5067567643666706,-5.91216215634986
IDLC,2020-12-27,3.703703712214733,3.3472758169681023,5.759162298580076,1.3299826309299956,6.071428575379464,True,0.9672727275448594,21.26623375447352,28.733766219958312
IDLC,2021-05-11,5.172413798097509,2.541263662101842,9.90654206121059,1.5739743071147771,9.640831763887357,True,0.48507462700162907,2.9508196645122253,-3.278688533337821
IDLC,2021-08-12,2.796052633453629,3.8382518775299808,6.701030919930384,1.531004231432531,2.0134228138259482,True,0.4411134903476563,4.960000013117439,13.600000008870406
IDLC,2021-08-16,4.320000014676484,5.46033754965667,8.591065288438376,1.7772400393807484,2.9654036169442692,True,0.4989293363598349,-0.9202454125061205,5.981595084663986
IDLC,2021-12-02,6.239460363828705,6.483614947805848,7.993197285714285,1.06040005136895,-2.627257793103449,True,0.36790123456918156,-5.555555550000004,-3.9682539666666607
IDLC,2022-07-26,3.4707158351410006,3.6748869085864464,7.333333333333327,0.7352709453639645,-4.948453608247419,False,0.10071047957192354,-1.6771488469601765,5.660377358490557
IDLC,2022-08-25,7.741935483870971,7.305557112867759,3.8709677419354778,0.8507487950779098,1.528384279475989,False,0.19023090585807764,-0.19960079840319644,-1.1976047904191645
IDLC,2025-03-25,4.276315789473687,3.6327750189378,6.02006688963211,0.6750076946477997,-4.402515723270447,False,0.723744292237443,-3.785488958990534,-6.309148264984227
IDLC,2026-02-02,2.8132992327365764,2.017370284385555,4.699738903394268,1.2402048574671316,1.558441558441562,True,0.8973214285714287,1.7412935323382976,-0.9950248756219046
IDLC,2026-02-15,4.645476772616133,2.6287107694714145,9.399477806788516,1.3390351898720887,5.6847545219638125,True,0.9553571428571429,-3.037383177570087,-3.504672897196262
IFADAUTOS,2019-01-02,4.095238100000003,2.7521495141768475,5.89941973961704,1.0934674660964503,-2.597402629026811,True,0.484254143139261,-5.489478504780909,-11.985361393779261
IFADAUTOS,2019-06-11,3.2911392321951496,2.7233186800542812,6.882591097305331,0.5374760730983738,2.067183471050429,False,0.20895041825262695,-7.843137248594284,-9.436274506035092
IFADAUTOS,2019-08-19,4.227405260419767,3.2141588084606707,6.422018348181971,1.152207311594307,-5.509641874194616,False,0.15438596490829917,-10.909090910425945,-19.440559441997163
IFADAUTOS,2020-08-06,3.617571050107151,2.9505625805609936,5.974025972184195,3.3481028323505897,0.5194805181346074,False,0.14949494952280376,11.471321693409877,16.458852879257595
IFADAUTOS,2020-08-09,2.7431421509070257,5.0602659667222145,5.974025972184195,3.6380725009240806,4.155844145076743,False,0.17171717179216406,7.766990296953062,20.38834951357338
IFADAUTOS,2020-08-10,3.155339810526439,4.7713060599061246,9.870129871829999,4.1283516279663495,7.012987008453371,False,0.1979797980912152,5.176470574806926,18.352941153566775
IFADAUTOS,2020-12-02,6.85279190171095,3.190495961456139,7.012987008453371,0.8356976323988554,-9.633027523819544,False,0.3321554772205922,1.1876484404765233,20.66508311868584
IFADAUTOS,2020-12-21,9.882352940246367,7.267250414814607,9.535452337991163,1.7016582624813192,5.985037417780366,True,0.5600000002688,7.708779423322583,8.565310492842377
IFADAUTOS,2021-05-09,2.8384279519030904,3.2447727335425727,7.242990648702939,1.943535236953862,6.018518528195747,True,0.5691699605989784,6.7940551842806185,9.978768563058674
IFADAUTOS,2021-05-25,4.148471616721636,4.153032118270734,9.756097560407763,2.374933357161912,4.805491990736717,True,0.5928853755547656,10.691823905324165,6.918238987203838
IFADAUTOS,2021-05-27,5.450733738822302,9.857319534272854,9.513274323588856,2.6074076316434636,9.403669738248038,True,0.6956521736965113,2.982107359143362,-0.1988071461430125
IFADAUTOS,2021-08-09,3.5185185193467112,3.2534036924181198,6.118546849845906,1.0789051843603108,7.569721117454477,True,0.8923076922994083,4.293381026680023,4.1144901599601225
IFADAUTOS,2021-08-22,4.419889511416016,3.8759292746557494,6.591337093406525,1.4996073005602113,4.826254824650415,True,0.9238578679364323,4.585537925925926,-2.292768962962963
IFADAUTOS,2022-05-05,9.825327497602052,16.142690002039078,6.89655173079668,0.6915842927076115,-0.4347826076039658,False,0.3604240281413801,-3.5785288184471673,2.1868787328217607
IFADAUTOS,2022-06-16,4.048582985625065,2.682025553946042,8.19672131182814,0.6517565620239382,1.2295081935467658,True,0.32806324098040884,-1.7509727481396293,-7.198443572334555
IFADAUTOS,2022-08-28,4.365904365858983,6.920849346651325,7.343412507846281,1.0148574957693444,2.3404255373336387,True,0.2806324110491493,0.9960159442131864,0.19920317629282652
IFADAUTOS,2024-02-29,4.054054054054054,4.5629424239299174,10.0,0.6756738401422809,8.823529411764707,False,0.4766355140186916,-6.753246753246757,-14.54545454545455
IFADAUTOS,2024-04-17,3.4161490683229636,3.460437397753268,9.748427672955968,0.3942199131490527,-12.021857923497263,False,0.12195121951219483,-3.603603603603591,-3.603603603603591
IFADAUTOS,2024-04-18,3.903903903903917,4.6520927142942705,9.433962264150932,0.7207993947651146,-8.767123287671241,False,0.22764227642276427,-0.5780346820809331,-9.537572254335263
IFADAUTOS,2025-01-21,9.852216748768472,16.41208746313435,5.10204081632653,1.0639587255490242,-3.7914691943127994,False,0.5056689342403629,16.143497757847523,9.417040358744384
IFADAUTOS,2025-04-08,2.9288702928870416,3.86813855384153,6.437768240343347,0.5734668931528761,-3.2388663967611366,True,0.656,6.097560975609756,-5.691056910569114
IFADAUTOS,2025-04-09,5.6910569105691,11.844063830677806,6.437768240343347,0.8988916203387639,1.2345679012345707,True,0.6951871657754011,-2.69230769230769,-11.923076923076929
IFADAUTOS,2025-07-02,6.363636363636357,6.979965451724944,6.572769953051637,1.0886942581341479,0.0,True,0.6985074626865672,2.56410256410257,-0.4273504273504183
IFADAUTOS,2025-08-20,2.5210084033613356,3.396060376043702,8.849557522123893,0.6107914362301494,0.8474576271186409,True,0.7349397590361445,4.918032786885258,3.688524590163943
IFADAUTOS,2026-02-15,3.809523809523813,2.4676430524781425,6.598984771573608,1.0385263130259381,1.941747572815527,False,0.7898550724637681,-1.376146788990829,-1.376146788990829
IFIC,2019-05-05,3.40909090971732,2.3961156386135647,4.761904772904763,1.191772155583143,-3.2967032972890866,False,0.13461538487551575,14.285714283810435,12.087912081175404
IFIC,2019-05-13,3.3333333342316696,2.8410387586696624,9.523809531372024,1.387500229073327,2.2727272639573792,False,0.17307692321147367,10.752688170500612,0.0
IFIC,2019-05-15,4.347826083517721,4.147987506082137,9.411764698161036,1.6280394219863275,5.74712644303043,False,0.23076923094863164,7.291666664298016,-2.08333332543783
IFIC,2019-09-23,8.641975321211252,4.75618356369742,8.860759490367451,0.9422323888207034,-10.000000002694996,False,0.1578947369764821,-3.409090909717332,2.2727272639573792
IFIC,2019-12-01,5.681818173674712,3.7455512486796265,7.142857144919636,1.3991963547898656,-2.222222213837771,False,0.24561403515490768,-5.3763440787301375,6.451612904908423
IFIC,2020-02-16,5.102040809128822,2.929602043121088,6.451612904908423,0.8178736992536129,5.3763440917704735,True,0.42105263172452223,-8.737864068296217,-16.504854365616957
IFIC,2020-11-02,2.857142851442855,2.993363837409343,8.999999992833747,0.8398668280061719,-7.079646046882678,True,0.5973645683565239,-2.7777777723900443,1.8518518550655796
IFIC,2020-12-01,3.636363592445868,2.7645110604540157,7.69230770535502,0.8114438317859417,1.8518518550655796,True,0.6939970713614515,11.403508854218613,33.33333336557017
IFIC,2021-08-03,8.148148087078196,5.216671463993287,6.153846138934912,1.303029563441945,8.870967761739072,True,0.7450856625979311,17.808219211578155,15.068493190091948
IFIC,2021-10-07,4.487179441444777,2.1275944079951903,6.535947696719211,0.9786858610289164,-6.586826301373305,True,0.858987603065171,7.9754601369264915,12.269938687060115
IFIC,2021-10-10,7.361963238002943,4.896126753676327,9.150326775406898,1.1314493451717138,-2.3952095755674288,True,0.9681496467372623,0.5714285398857066,3.4285714193142756
IFIC,2022-08-03,6.722689075630243,6.095317117402411,7.079646017699106,0.971675666899799,-3.252032520325206,False,0.19876952204425355,-5.511811023622042,3.937007874015748
IFIC,2022-08-28,4.878048780487801,4.141090020483853,5.0847457627118615,0.8910867178538492,6.956521739130441,False,0.21864647424867903,6.201550387596891,-1.5503875968992331
IFIC,2022-11-08,2.6086956521739193,3.51059628152501,1.7391304347826024,1.0361052254045355,-4.166666666666666,False,0.1093232371243396,-2.542372881355938,-2.542372881355938
IFIC,2024-07-03,4.651162790697678,2.2052002933827968,4.761904761904765,0.5354327569050608,-11.340206185567007,False,0.6,4.444444444444448,-5.555555555555555
IFIC,2024-07-04,5.555555555555555,2.607266681898303,8.333333333333325,0.7153035796610332,-5.263157894736842,False,0.6333333333333333,-3.157894736842113,-2.1052631578947296
IFIC,2025-01-02,2.8169014084507067,2.3614292331400013,2.85714285714286,0.7246382257076128,-4.054054054054063,False,0.48666666666666664,-6.8493150684931505,-6.8493150684931505
IFIC,2025-02-25,8.955223880597009,6.179606365144626,4.477611940298504,1.03634353567058,-1.4705882352941124,False,0.48666666666666664,-1.3698630136986254,-2.739726027397263
IFIC,2025-02-26,5.479452054794526,8.63965382376691,8.955223880597009,1.5068260336499353,7.352941176470589,False,0.5133333333333333,-7.792207792207799,-7.792207792207799
IFIC,2026-01-04,6.382978723404251,2.3045946641132975,9.09090909090908,0.4127204618984739,-2.083333333333326,False,0.625,-5.9999999999999964,-8.000000000000007
IFIC1STMF,2020-08-16,8.695652173913052,4.614380504759271,6.521739130434799,1.759161347190601,0.0,True,0.5714285714285714,-8.000000000000007,-4.0000000000000036
IFIC1STMF,2020-09-21,8.333333333333341,8.313732946150779,6.521739130434799,1.4373058409768806,-5.8823529411764675,True,0.6666666666666666,9.615384615384615,13.461538461538463
IFIC1STMF,2021-07-06,4.347826086956519,3.0401932231213755,7.6923076923076925,0.6380054129798818,7.8125,True,0.8125000000000001,4.166666666666664,-2.77777777777778
IFIC1STMF,2021-09-09,2.941176470588238,2.1816124355537405,7.352941176470589,0.6859834125815651,-6.8493150684931505,True,0.7272727272727272,-10.000000000000002,-5.71428571428572
IFIC1STMF,2021-10-10,8.196721311475411,2.83499235218954,8.333333333333332,0.46209162978814183,-10.294117647058826,True,0.606060606060606,-13.63636363636363,-13.63636363636363
IFIC1STMF,2021-11-21,4.9999999999999964,4.750529358465981,7.017543859649113,0.8620468614226523,0.0,True,0.4838709677419354,-4.761904761904759,-12.698412698412694
IFIC1STMF,2022-03-06,3.7037037037036904,2.8605656730638356,7.547169811320761,0.7301273851792658,-3.5714285714285587,False,0.25806451612903214,1.7857142857142954,1.7857142857142954
IFIC1STMF,2022-03-15,3.5087719298245648,5.967828544249794,9.433962264150944,1.2612822592108546,0.0,False,0.3548387096774195,-3.3898305084745792,-6.7796610169491585
IFIC1STMF,2022-08-11,3.8461538461538494,2.6420631274140374,9.803921568627452,2.271384731282933,-3.703703703703707,False,0.14814814814814828,0.0,-5.555555555555569
IFILISLMF1,2019-06-25,4.838709677419352,4.692657272811088,6.7796610169491425,5.041077217329188,5.0847457627118615,True,0.36000000000000015,-3.0769230769230793,1.538461538461533
IFILISLMF1,2019-07-24,3.124999999999989,3.0557348719095137,8.196721311475411,0.6794339393381282,6.666666666666672,True,0.4,-15.151515151515152,-15.151515151515152
IFILISLMF1,2019-09-30,5.555555555555552,4.421639641438853,9.803921568627452,0.29870931457923494,-5.263157894736839,False,0.20000000000000018,-7.0175438596491295,-8.771929824561402
IFILISLMF1,2020-09-21,6.349206349206354,3.262800825368265,8.064516129032258,0.5106750101506285,-10.000000000000002,True,0.7916666666666667,1.4925373134328304,4.477611940298504
IFILISLMF1,2020-09-29,3.0769230769230793,3.267720552953769,9.523809523809533,0.9588279125545848,-4.411764705882351,True,0.7916666666666667,4.477611940298504,4.477611940298504
IFILISLMF1,2020-09-30,7.462686567164178,5.738870830028815,9.523809523809533,1.2610845468669232,6.349206349206354,True,1.0,-5.55555555555556,-5.55555555555556
IFILISLMF1,2021-01-03,4.5454545454545565,5.389443714110071,7.936507936507936,0.6952164753824832,0.0,True,0.6774193548387097,2.898550724637671,-1.4492753623188481
IFILISLMF1,2021-04-19,4.9999999999999964,2.667348137991822,8.928571428571429,0.7073100916256505,-3.2258064516129057,False,0.4074074074074073,-1.5873015873015817,3.174603174603177
IFILISLMF1,2021-05-30,3.030303030303033,2.864605418408035,4.687499999999997,2.4770106030444907,6.451612903225798,True,0.5925925925925924,-2.941176470588238,0.0
IFILISLMF1,2021-07-06,4.285714285714283,3.633896536321388,6.060606060606066,1.114919295723913,6.060606060606066,True,0.7391304347826085,0.0,-6.8493150684931505
IFILISLMF1,2021-11-10,3.0769230769230793,2.664347293490918,6.349206349206354,0.6886903900922443,-4.411764705882351,True,0.47826086956521746,-2.9850746268656745,0.0
IFILISLMF1,2021-11-15,3.0769230769230793,6.59618188315273,7.936507936507936,0.838661539957165,-2.9850746268656745,True,0.47826086956521746,-2.9850746268656745,-2.9850746268656745
IFILISLMF1,2022-01-11,3.0769230769230793,6.767959619404184,9.836065573770501,2.1843954209737246,-1.5151515151515098,True,0.47826086956521746,2.9850746268656745,5.970149253731335
IFILISLMF1,2022-01-18,2.9850746268656745,5.141653364504876,6.249999999999992,2.6086627628826102,3.0769230769230793,True,0.565217391304348,1.4492753623188355,0.0
IFILISLMF1,2022-01-25,2.9850746268656745,3.4471105789677567,7.6923076923076925,1.885164297700514,4.687499999999997,True,0.565217391304348,2.898550724637671,1.4492753623188355
IFILISLMF1,2022-01-31,2.941176470588238,4.732316148203561,4.477611940298504,1.583019481723428,6.249999999999992,True,0.608695652173913,-1.4285714285714235,-4.285714285714283
IFILISLMF1,2024-01-01,10.000000000000002,3.593965657735845,9.374999999999995,49.71040581322678,9.374999999999995,True,1.0,-16.88311688311688,-28.571428571428577
IFILISLMF1,2024-05-07,7.547169811320761,5.837426414041603,9.433962264150944,1.3923825015129883,-3.63636363636364,False,0.1290322580645162,-7.0175438596491295,-7.0175438596491295
IFILISLMF1,2024-05-08,3.5087719298245648,4.002713312973712,9.433962264150944,1.9003108503563033,3.63636363636364,False,0.19354838709677433,-11.864406779661019,-10.169491525423737
IFILISLMF1,2024-09-25,4.1666666666666705,3.4556664440002236,6.2499999999999964,0.6545249427886164,-5.8823529411764675,False,0.5952380952380952,-5.9999999999999964,-11.999999999999993
IFILISLMF1,2024-12-04,6.382978723404251,12.978121361138077,6.521739130434799,1.4039019310008871,-4.081632653061227,False,0.5952380952380952,-5.9999999999999964,-8.000000000000007
IFILISLMF1,2025-07-14,4.1666666666666705,2.5745853298009584,6.521739130434799,1.8303646936468598,9.09090909090908,True,0.8333333333333334,-1.9999999999999927,-10.0
ILFSL,2019-01-06,2.85714285714286,2.7504071298388015,7.633587786259542,1.0009266567953117,4.477611940298504,False,0.21941663034925268,11.805555555555562,-2.083333333333338
ILFSL,2019-11-26,3.8461538461538494,2.2322909278823464,9.803921568627452,0.932673769916262,-3.703703703703707,False,0.07258064516129036,11.111111111111104,11.111111111111104
ILFSL,2019-11-28,5.555555555555552,3.3242008677325443,9.803921568627452,0.9173680526994878,1.8867924528301987,False,0.09677419354838712,7.017543859649113,5.263157894736839
ILFSL,2021-12-07,7.142857142857142,3.245781921120891,7.575757575757576,0.6981569350889096,4.477611940298504,True,0.4714285714285715,-12.000000000000005,-6.666666666666667
ILFSL,2022-02-08,6.349206349206354,3.4539725337464073,9.836065573770501,0.8840835178559626,-7.352941176470589,False,0.3571428571428572,-5.970149253731349,-11.940298507462684
ILFSL,2022-04-03,3.448275862068969,2.5087283601417667,7.017543859649113,0.6222626678852634,0.0,False,0.2571428571428572,-8.333333333333332,-6.666666666666672
ILFSL,2022-05-16,9.090909090909092,7.49974925221659,9.25925925925926,0.8517091848601984,-3.5087719298245648,False,0.2571428571428572,-8.333333333333332,-11.66666666666667
ILFSL,2022-07-24,9.803921568627452,6.362688917655401,4.0000000000000036,1.2037696441955674,0.0,False,0.09677419354838705,26.785714285714285,25.000000000000007
ILFSL,2023-07-04,3.5714285714285747,9.014722378206674,3.5714285714285747,0.5798090737629324,-1.75438596491229,False,0.3333333333333332,-1.7241379310344769,-3.448275862068969
ILFSL,2023-07-09,5.263157894736839,4.803083730157202,8.928571428571429,2.242345511251819,1.7857142857142954,True,0.41666666666666663,-6.666666666666672,-6.666666666666672
ILFSL,2023-07-10,3.333333333333336,5.71142003436648,8.928571428571429,2.7226174123010543,7.1428571428571495,True,0.5,-9.677419354838717,-9.677419354838717
ILFSL,2023-12-17,7.017543859649113,19.000957781469864,5.35714285714287,39.785544587174286,1.7857142857142954,True,0.2941176470588235,-8.196721311475411,11.475409836065577
ILFSL,2024-01-08,5.35714285714287,4.15668955228941,3.5714285714285747,0.5149873982912838,0.0,True,0.1875000000000004,20.338983050847446,25.423728813559322
ILFSL,2024-01-09,3.3898305084745637,3.8118344805541704,8.928571428571429,0.7014181478058182,5.35714285714287,True,0.3124999999999999,13.114754098360667,16.393442622950822
INDEXAGRO,2022-08-03,6.729857819905208,3.1225076292288394,9.780439121756485,0.8111411882349404,3.9408866995073892,True,0.3610108303249097,-2.4866785079928926,2.841918294849026
INDEXAGRO,2022-09-04,7.885304659498218,6.297223190547298,8.097928436911483,1.320516356879213,7.307692307692302,True,0.5803757828810022,-8.22259136212625,11.710963455149496
INDEXAGRO,2025-08-04,4.796511627906972,4.2372299423157855,5.909090909090918,1.6508333802059756,8.688783570300158,True,0.8912237330037082,11.650485436893213,19.694868238557564
INTECH,2019-05-05,4.931506849315061,2.3689454667213066,9.821428571428562,1.1957622751680046,-8.52130325814536,False,0.43732548867952464,-4.177545691905991,-10.704960835509123
INTECH,2019-07-03,4.012345679012359,2.7130116799458066,8.917197452229313,1.1133782699669326,-4.9853372434017675,False,0.352463103365617,-24.332344213649858,-6.231454005934721
INTECH,2021-08-09,6.336088154269985,3.919809361843172,7.323943661971835,1.0994837505253527,9.00900900900901,True,0.6690140845070423,3.626943005181343,10.103626943005176
INTECH,2021-08-22,4.582210242587589,3.489141900299758,8.635097493036216,1.6881320071944153,2.7700831024930745,True,0.6760563380281689,6.443298969072166,5.154639175257732
INTECH,2021-08-23,6.443298969072166,5.200727568111133,8.635097493036216,1.8967421546527272,7.77777777777777,True,0.7640845070422534,-0.9685230024213041,-0.7263922518159738
INTECH,2022-02-02,4.861111111111106,3.710769963261551,7.913669064748198,1.476981493209007,-3.678929765886281,False,0.23115577889447228,-3.6423841059602577,-5.960264900662255
INTECH,2022-02-22,6.315789473684213,2.540942208532236,5.6737588652482325,0.5855430746715891,0.0,False,0.23618090452261303,-3.3003300330033,4.620462046204616
INTECH,2022-06-19,2.8469750889679615,4.282762685805653,9.489051094890517,1.0960755510657045,4.074074074074079,False,0.16582914572864307,1.3840830449827064,14.878892733564028
INTECH,2022-07-12,3.9999999999999973,2.6790758208859,7.017543859649122,1.2896208782509604,8.695652173913038,True,0.2814070351758793,-2.2435897435897414,-2.5641025641025665
INTECH,2022-08-21,5.483870967741945,2.4259892039468247,4.934210526315789,0.6267832140341592,-8.284023668639046,True,0.35678391959799005,-5.504587155963316,-6.727828746177378
INTECH,2022-09-19,9.50819672131147,5.807332640907159,2.631578947368424,0.6853225326674528,-6.727828746177378,True,0.4171122994652406,-8.982035928143713,-8.982035928143713
INTECH,2022-11-02,3.9344262295081944,5.20441852477849,3.289473684210526,0.6606817381467506,0.3289473684210573,True,0.616161616161616,-4.10094637223975,-4.10094637223975
INTECH,2023-01-19,7.636363636363641,8.060202179739864,5.925925925925931,27.15858412268245,-9.539473684210522,False,0.4044943820224721,-21.283783783783786,-27.027027027027025
INTECH,2023-05-30,4.905660377358493,2.167439721437488,8.627450980392155,0.712998779799827,9.053497942386828,True,0.6344086021505376,-3.2374100719424534,-5.7553956834532425
INTECH,2023-07-17,9.9601593625498,4.565276098340859,6.097560975609756,0.6300619193203526,-6.691449814126384,True,0.6236559139784946,-6.521739130434785,-12.318840579710152
INTECH,2023-11-08,7.0247933884297495,4.1879208603742475,5.439330543933058,0.41086749446906606,-2.811244979919676,True,0.5439560439560438,-6.563706563706562,-3.861003861003861
INTECH,2023-12-11,3.643724696356284,5.1352755738415325,9.745762711864394,0.9014564784966798,-3.5156250000000084,True,0.6575342465753425,-3.1250000000000027,0.0
INTECH,2024-01-17,9.72762645914397,8.287892709098113,8.23045267489712,1.3467536795166937,4.048582995951417,True,0.8356164383561643,46.09929078014186,32.6241134751773
INTECH,2025-06-16,5.5865921787709505,6.9387259937855745,8.187134502923968,0.7736013519166234,-1.6483516483516523,False,0.7269230769230769,-4.761904761904755,6.878306878306882
INTECH,2025-08-18,8.612440191387563,3.6617375261882676,10.0,1.0290121786934847,3.465346534653462,True,0.8730769230769231,50.22026431718063,59.0308370044053
INTECH,2026-02-16,4.0955631399317385,2.6860313216021607,8.156028368794328,0.7552878551871796,2.447552447552445,True,0.6434599156118144,18.0327868852459,39.67213114754099
INTRACO,2020-08-06,5.4687500164794995,5.401867375989497,4.724409401277197,20.64467566993625,0.7874015527062957,False,0.267857142939796,3.7037036800000043,9.629629600000001
INTRACO,2020-09-06,7.801418371812281,3.0970595504660348,9.774436145174976,0.7214171846621665,8.461538471763319,True,0.4845360822331811,1.3157895082756257,-0.6578947186115004
INTRACO,2020-10-06,3.246753225805367,2.1787903691339623,7.586206830801426,0.5982238972838958,4.054054087582179,True,0.5567010309209482,-10.691823873311973,3.773584936418643
INTRACO,2021-06-07,8.187134528039396,4.849984386227048,8.641975333333345,1.29669916711615,7.547169804912776,True,0.7766990291099255,20.00000002335134,17.83783786339809
INTRACO,2021-09-08,4.633204628857648,3.478525677875192,9.243697445815975,1.0412587130355475,2.777777786111115,True,0.9718309859476294,-10.701106991511546,-9.963099632025708
INTRACO,2021-11-15,4.306220130555616,2.1056219847835838,9.313725493569782,0.7270257815636673,-10.683760706048663,True,0.5869565220964083,-4.880733967643124,-1.41284406021345
INTRACO,2022-02-03,6.018518518518505,3.145820442209068,9.134615384615378,1.0871076710159513,1.4084507042253553,True,0.7994202899648645,-5.6768558951964945,-20.96069868995632
INTRACO,2022-04-03,3.33333333333333,3.261392116434932,8.212560386473426,0.8108679108636772,7.142857142857135,True,0.7055072464294392,-3.2258064516129004,-0.9216589861751119
INTRACO,2022-05-09,3.720930232558143,3.37286753185073,6.930693069306941,0.9819788814553277,-0.9216589861751119,True,0.7431578948770242,-9.865470852017934,-5.381165919282508
INTRACO,2022-06-29,9.615384615384615,13.594669440548,6.965174129353226,0.6528261924874893,0.0,True,0.7124000003430082,35.52631578947367,44.73684210526315
INTRACO,2023-05-07,6.586826347305398,3.2822541457436456,6.666666666666675,1.2034696526179383,2.453987730061341,False,0.4969325153374234,14.325842696629218,43.82022471910113
INTRACO,2023-11-05,9.937888198757749,3.1337705166950283,8.437500000000009,0.7765414787982862,-10.803324099722987,False,0.2441860465116278,-3.3898305084745646,-0.28248587570621875
INTRACO,2023-12-06,3.0985915492957785,2.733529750503059,8.25958702064898,0.9134883461506098,2.898550724637681,False,0.29069767441860467,-2.1857923497267873,16.666666666666668
INTRACO,2023-12-24,8.659217877094976,2.537608924285938,9.57746478873239,1.243071485638515,3.1700288184437877,True,0.37984496124031003,11.82519280205656,4.113110539845763
INTRACO,2024-07-04,4.531722054380665,3.4338684056059745,8.766233766233764,0.9984115600289257,5.079365079365084,False,0.21844660194174756,2.6011560693641576,2.8901734104046244
INTRACO,2025-03-18,9.417040358744384,4.837294595008923,9.134615384615378,1.2534469537257618,9.31372549019609,False,0.5158562367864693,-3.2786885245901525,-5.737704918032781
INTRACO,2025-07-16,7.0754716981132075,3.965787171103199,8.457711442786065,1.2419243129743782,-0.46948356807512404,True,0.5417661097852029,-5.286343612334799,-6.607929515418502
INTRACO,2025-08-18,3.1818181818181785,4.4157960482237275,9.22330097087378,0.7351370255540032,-2.2222222222222223,True,0.5973684210526315,17.180616740088116,13.215859030837004
INTRACO,2026-01-19,4.663212435233153,2.84918616606074,7.8125,0.9510007229366172,-8.095238095238091,False,0.6824324324324323,-5.445544554455435,-3.960396039603964
INTRACO,2026-02-09,3.626943005181343,2.7165706893934196,8.51063829787233,1.2132831032879268,-4.926108374384236,False,0.6756756756756757,-3.499999999999996,-7.5
INTRACO,2026-02-15,2.9702970297029774,3.1373463142353417,7.978723404255319,1.5223874502215238,4.12371134020619,False,0.7027027027027027,-10.096153846153854,-11.538461538461549
IPDC,2019-04-21,2.5806451890426674,2.1042176126226266,8.46905535286846,0.8154966626630206,-8.011869461719314,False,0.3161702129777162,-0.9433962404325428,-0.9433962404325428
IPDC,2020-07-21,4.273504273504273,3.346596279529326,6.194690265486719,9.555789924446195,3.539823008849545,True,0.44353741500000005,18.85245901639345,11.475409836065577
IPDC,2020-07-28,3.813559322033892,3.769505960088354,9.292035398230079,9.478431881210408,4.424778761061947,True,0.46328671328928067,9.387755102040819,7.755102040816321
IPDC,2020-09-14,2.9629629629629655,2.583856249438792,8.778625954198477,0.6534684650954727,0.7462686567164152,True,0.7055944055800284,5.755395683453229,-4.676258992805757
IPDC,2020-12-24,4.705882352941174,2.260771823950355,9.236947791164663,0.9838200193548016,0.7905138339920921,True,0.5925925925925924,19.47565543071161,13.108614232209739
IPDC,2021-05-05,6.086956521739125,3.1862804711842085,9.170305676855902,1.0106590452938549,1.7699115044247724,False,0.33928571428571425,8.196721311475411,13.114754098360667
IPDC,2021-05-11,2.500000000000006,2.4676884169480604,8.296943231441057,1.1658099394112846,6.666666666666667,False,0.3511904761904763,12.601626016260154,9.756097560975602
IPDC,2021-08-10,8.970099667774072,7.414560988306242,9.027777777777771,1.2351196925809436,9.45454545454546,True,0.8085106382978722,25.609756097560993,22.865853658536587
IPDC,2022-02-08,6.329113924050633,5.529845270790699,5.208333333333334,0.599620066843713,0.2538071065989884,True,0.7279151943462897,-8.809523809523816,-15.714285714285717
IPDC,2022-06-13,2.722323049001815,3.408433206267976,8.555133079847907,0.789264874837843,1.8484288354898335,True,0.9040697674418605,-2.826855123674914,12.897526501766778
IPDC,2022-08-16,6.77083333333333,3.5988239738756964,5.555555555555548,0.8020036622670978,-9.433962264150942,True,0.9031339031339028,11.21951219512196,11.544715447154461
IPDC,2022-11-01,2.6041666666666665,2.387909669846538,0.0,0.005963739945391769,-13.383458646616539,True,0.5829493087557603,-2.5380710659898478,-2.5380710659898478
IPDC,2024-12-03,3.465346534653462,2.3654029637172975,7.253886010362686,0.8289515352508058,-4.265402843601906,False,0.3628472222222222,-5.741626794258369,-13.875598086124397
IPDC,2025-02-06,2.873563218390805,2.0797338992319,4.733727810650892,0.6776382557383467,-3.867403314917142,False,0.31076388888888884,-1.6759776536312692,0.5586592178771029
IPDC,2025-02-24,2.8089887640449436,2.1236515328790264,3.4285714285714364,0.7618666747476368,4.093567251461984,False,0.4621212121212121,-3.2786885245901716,-7.650273224043727
IPDC,2025-03-25,5.3254437869822615,4.0116236578700155,6.547619047619034,0.8878646464121485,-7.650273224043727,False,0.541033434650456,-6.179775280898884,-7.303370786516858
IPDC,2025-07-02,2.8169014084507067,2.1641154518911923,7.352941176470589,0.8919890813521707,-3.4013605442176873,False,0.512280701754386,11.643835616438365,29.452054794520542
IPDC,2025-07-07,2.7027027027026933,4.188617909266056,9.55882352941177,1.072132451553505,2.77777777777778,False,0.5333333333333333,13.157894736842104,28.947368421052648
IPDC,2026-01-04,3.1250000000000075,2.1636690347651597,4.891304347826099,0.42446895747662533,0.0,True,0.8181818181818182,-2.020202020202031,0.5050505050504942
IPDC,2026-02-02,3.517587939698507,3.3900721786221246,6.842105263157898,1.48775958464213,0.5050505050504942,True,0.8512396694214877,-1.9417475728155442,-5.339805825242725
IPDC,2026-02-15,4.411764705882364,3.042351423918627,9.375000000000004,1.6406107200704523,7.368421052631572,True,0.8801652892561984,-7.042253521126761,-8.920187793427239
ISLAMIBANK,2019-01-03,3.947368421052625,4.685100274395126,9.459459459459465,1.1056740220115666,-2.564102564102555,False,0.11538461538461542,2.5316455696202596,6.329113924050633
ISLAMIBANK,2019-01-06,2.5316455696202596,3.2878482483089426,9.459459459459465,1.524360784455563,0.8510638297872309,False,0.15384615384615397,3.703703703703698,-1.2345679012345707
ISLAMIBANK,2019-01-23,4.435483870967733,3.552131860183815,9.583333333333337,1.3692579058582937,5.531914893617024,True,0.2564102564102564,-4.633204633204631,-11.196911196911193
ISLAMIBANK,2019-03-07,2.500000000000006,2.0434392563305424,6.1674008810572785,0.6331319992302442,0.0,True,0.21600000000000022,-4.47154471544716,-4.0650406504065035
ISLAMIBANK,2019-11-06,2.7777777777777777,3.3686077762812987,6.6666666666666625,0.948643339787723,-11.764705882352935,False,0.059523809523809534,-3.243243243243251,-1.0810810810810774
ISLAMIBANK,2019-12-02,10.40462427745665,5.677621339850558,8.187134502923968,3.223246040961402,-4.945054945054937,False,0.21505376344086027,-5.759162303664929,-2.094240837696346
ISLAMIBANK,2020-02-11,4.444444444444448,2.102145137210666,6.11111111111112,0.6702078419813804,-1.098901098901095,False,0.18279569892473116,1.0638297872340388,-7.978723404255319
ISLAMIBANK,2020-02-16,6.349206349206364,5.665473637300504,5.555555555555555,0.9879276822102453,7.38636363636362,False,0.3296703296703297,-8.955223880597018,-16.417910447761198
ISLAMIBANK,2020-12-14,4.887218045112771,2.544365695356826,6.153846153846159,1.5076666266063525,1.5267175572519165,True,0.9264705882352942,-3.225806451612898,1.0752688172043037
ISLAMIBANK,2021-01-05,3.2727272727272676,4.703895858404089,6.08365019011406,1.0348553421523707,3.7735849056603774,True,0.8791946308724832,3.8732394366197234,-4.577464788732385
ISLAMIBANK,2021-06-30,4.577464788732398,3.257777231602984,4.379562043795631,0.5829917577665802,-4.054054054054063,True,0.8496732026143791,-3.0303030303030254,-2.3569023569023546
ISLAMIBANK,2021-08-17,2.7118644067796636,4.565685325922485,3.8596491228070224,1.1265550633050525,2.7874564459930338,True,0.8866666666666667,-2.6402640264026425,-0.9900990099009923
ISLAMIBANK,2021-11-16,8.910891089108908,4.887596182221282,2.0202020202020248,0.923747229231725,0.0,True,0.9870129870129868,-5.15151515151515,-3.0303030303030303
ISLAMIBANK,2022-05-18,4.242424242424238,29.298918488801075,2.1604938271605025,1.7184897683287137,1.5384615384615385,True,0.8795180722891566,-7.267441860465117,-4.941860465116267
ISLAMIBANK,2022-09-07,6.097560975609757,40.181210209859714,4.294478527607358,1.237177689482619,0.6134969325153243,True,0.8285714285714282,-6.321839080459759,-6.321839080459759
ISLAMIBANK,2023-01-18,3.636363636363645,4.897329660605312,3.6809815950920117,0.7077189142326464,0.6097560975609843,True,0.6170212765957452,-3.216374269005852,-2.923976608187134
ISLAMIBANK,2025-01-01,4.752066115702489,2.7745205667205632,9.40919037199124,0.6400147538082256,-7.633587786259542,True,0.7130801687763714,-8.678500986193304,-15.18737672583827
ISLAMIBANK,2025-02-25,9.027777777777773,5.339613485594864,4.186046511627901,0.9245811570502805,-3.999999999999994,True,0.6624472573839664,-7.643312101910831,-6.581740976645438
ISLAMIBANK,2025-06-29,9.821428571428562,7.5118452860030125,3.35365853658537,0.7913132218615082,-0.2967359050445146,False,0.5189873417721519,17.886178861788622,20.054200542005418
ISLAMIBANK,2025-09-16,2.5641025641025674,2.374367584059128,8.955223880597,0.9054240831034092,-5.298013245033109,True,0.29610389610389615,-6.363636363636357,-11.590909090909095
ISLAMIBANK,2026-01-04,9.939759036144569,3.94805349822566,8.282208588957042,2.0509269135663653,-8.033240997229912,False,0.6978967495219885,1.36986301369863,30.684931506849324
ISLAMICFIN,2019-05-12,3.9735099337748316,2.392833763844167,9.459459459459449,0.811231165395556,-19.25133689839572,False,0.16440269715305503,6.369426751592357,8.917197452229313
ISLAMICFIN,2019-05-19,3.750000000000009,2.360123263323296,7.999999999999995,1.0129670658482275,-1.8404907975460165,False,0.25500963360633844,6.626506024096372,1.2048192771084292
ISLAMICFIN,2019-09-23,4.109589041095888,2.2568076100245222,5.555555555555548,0.5185895763199959,-2.6666666666666687,False,0.11999999999999993,-0.657894736842103,-3.947368421052629
ISLAMICFIN,2019-09-30,2.614379084967311,4.194628759364678,7.638888888888887,0.9408643355726494,2.684563758389264,False,0.16999999999999993,-5.095541401273879,-5.732484076433112
ISLAMICFIN,2019-11-06,4.761904761904769,3.9491204371310613,4.861111111111106,1.36966940424841,-2.6490066225165587,False,0.14000000000000004,-0.649350649350647,0.649350649350647
ISLAMICFIN,2019-11-28,10.389610389610388,5.332232416209939,7.482993197278922,1.3009797009441844,4.761904761904769,True,0.3,-8.823529411764707,-9.411764705882351
ISLAMICFIN,2020-07-29,3.2786885245901667,4.412926394743913,3.305785123966945,3.400509021113888,-1.6129032258064602,False,0.23943661971830976,28.57142857142857,25.396825396825406
ISLAMICFIN,2020-08-03,3.174603174603177,4.01509473095068,4.958677685950411,4.02447196009735,1.6129032258064457,False,0.2957746478873239,16.153846153846153,20.0
ISLAMICFIN,2020-08-04,5.38461538461538,4.466185297839619,8.264462809917356,4.425616115291975,7.438016528925623,False,0.39436619718309845,13.138686131386867,17.5182481751825
ISLAMICFIN,2021-05-19,4.999999999999992,2.1479912215566097,7.428571428571433,1.8829039999216217,5.88235294117647,True,0.7142857142857141,22.22222222222224,24.33862433862435
ISLAMICFIN,2021-08-10,9.704641350210974,7.600553858199655,6.896551724137938,0.7273323037920169,6.756756756756757,True,0.8910256410256411,26.153846153846143,21.153846153846153
ISLAMICFIN,2021-09-15,7.142857142857133,2.2098829091068133,7.46753246753247,0.6694413450808364,4.8859934853420315,True,0.9663461538461537,-2.898550724637681,-10.144927536231885
ISLAMICFIN,2022-01-05,3.409090909090917,2.0510323670498902,9.200000000000003,0.7636344956732998,-4.347826086956532,True,0.6142857142857143,-3.2967032967033045,-4.0293040293040345
ISLAMICFIN,2022-04-03,6.222222222222216,3.8361889704612855,8.597285067873296,1.1201579115648748,-4.25531914893617,False,0.4523809523809523,-10.460251046025105,-5.020920502092047
ISLAMICFIN,2022-08-03,4.784688995215311,6.295936287993476,9.793814432989704,1.110183081162484,-3.6866359447004644,False,0.15625,-5.022831050228302,2.2831050228310503
ISLAMICFIN,2024-12-04,5.217391304347823,3.1910691505344135,8.10810810810811,0.47165386700133816,-11.538461538461538,True,0.6142131979695431,-7.438016528925623,-9.917355371900822
ISLAMICFIN,2025-02-05,3.1914893617021165,3.949658375920165,7.526881720430099,0.6948701254968568,-13.761467889908257,False,0.49238578680203043,8.24742268041238,12.371134020618568
ISLAMICFIN,2025-02-06,5.154639175257732,3.9401107559626602,7.526881720430099,1.0734875237709622,-10.185185185185198,False,0.5177664974619289,3.921568627450984,7.843137254901968
ISLAMICFIN,2025-03-25,9.25925925925926,4.831811894882434,7.407407407407398,0.6764516175523083,-7.69230769230768,True,0.644808743169399,-10.169491525423737,-16.10169491525424
ISLAMIINS,2019-05-22,8.28402365529394,5.732589860704229,9.43396219836241,1.0506045187409705,-1.7441860484637028,False,0.21999999956880006,18.579235017168322,15.300546488439473
ISLAMIINS,2019-12-04,3.930131007670521,6.393174419977495,6.880733953460344,1.5695353924017315,6.511627950952949,True,0.709677419835588,-2.1008403701866083,0.8403361189569905
ISLAMIINS,2022-03-30,4.214559386973172,2.9105917319786903,9.019607843137258,0.503269538639793,-9.059233449477343,False,0.47855530476983327,-6.801470588235286,-7.169117647058822
ISLAMIINS,2022-08-31,3.3816425120772915,3.0953940937858904,8.353808353808349,1.572514898493425,2.7295285359801524,False,0.089108910891089,-3.2710280373831746,-2.8037383177569994
ISLAMIINS,2023-07-30,5.989110707803987,4.63776324458211,9.42307692307692,1.2313038486895673,-4.340277777777778,True,0.8903508771929824,-14.554794520547945,-20.20547945205479
ISLAMIINS,2023-09-05,9.164969450101832,6.584195163524023,8.496732026143789,0.6095430060556918,-6.476190476190473,True,0.6798245614035089,0.18656716417910713,-11.00746268656716
ISLAMIINS,2023-10-19,3.781512605042011,6.570492693130185,9.070796460176977,0.2614147538186956,-12.82051282051282,True,0.49561403508771923,-1.2145748987854281,-5.263157894736845
ISLAMIINS,2024-01-08,2.801724137931044,2.177973953627559,8.409090909090915,1.3135155214324357,0.0,False,0.42105263157894746,1.8867924528301856,7.96645702306079
ISLAMIINS,2024-02-04,8.595387840670847,4.939393300752696,7.375271149674617,1.147476309285469,3.4707158351410006,True,0.5919282511210762,-5.984555984555974,-7.528957528957527
ISLAMIINS,2024-11-13,4.020100502512566,2.9851946390017075,9.375000000000004,1.206711765499989,-5.011933174224347,False,0.69,-1.2077294685990339,-2.6570048309178778
ISNLTD,2020-02-20,9.974424552429664,3.2127563509058867,8.923884514435692,0.9720868160887761,4.545454545454553,True,0.7593984962406015,-0.46511627906977404,-20.930232558139537
ISNLTD,2020-07-22,5.491329479768782,4.68570717300533,4.733727810650892,3.7451890502094427,2.3668639053254568,True,0.5150375939849624,6.575342465753422,4.65753424657535
ISNLTD,2021-03-03,10.000000000000007,7.532930924531974,8.611111111111116,0.7938880822684011,3.641456582633045,True,0.30805687203791476,1.719901719901709,-15.970515970515969
ISNLTD,2021-05-16,4.407713498622594,2.4327780783816637,7.204610951008646,1.2662880006495894,7.396449704142012,False,0.24170616113744073,-6.068601583113449,-5.804749340369382
ISNLTD,2021-06-23,2.7548209366391188,3.3074025088889942,9.142857142857151,0.9007466162700501,-4.473684210526323,False,0.0969529085872576,16.890080428954438,15.817694369973207
ISNLTD,2021-09-02,8.874458874458862,2.623725983543262,9.48081264108353,0.9431222615836651,7.192575406032485,True,0.45706371191135725,-6.958250497017893,-7.157057654075535
ISNLTD,2022-01-10,9.951456310679598,2.5971569602681437,9.33660933660933,0.5864490686686084,-8.849557522123893,True,0.6169354838709677,-6.843267108167758,-4.415011037527594
ISNLTD,2022-02-20,5.592841163310962,3.8671999484382886,9.882352941176476,0.7927892308015252,2.9953917050691343,True,0.6935483870967744,-12.923728813559324,-3.3898305084745792
ISNLTD,2022-05-05,6.960556844547564,4.331449808997678,7.990314769975798,0.5523247459793236,-2.9279279279279216,True,0.6491935483870969,-7.375271149674617,-2.6030368763557545
ISNLTD,2022-06-12,6.651376146788987,5.5471921139659734,7.459207459207466,0.9000114612699817,-0.909090909090906,True,0.6653225806451614,12.043010752688176,28.817204301075268
ISNLTD,2022-08-21,6.822262118491916,3.9962676954733922,5.904059040590397,0.9920083456669928,-8.085808580858084,True,0.8625730994152047,-6.722689075630252,-3.86554621848739
ISNLTD,2022-10-12,9.890109890109887,3.9707447968976757,7.380073800738007,0.7668188521947804,-1.265822784810119,True,0.8771929824561403,-8.333333333333332,1.1666666666666714
ISNLTD,2023-01-15,3.983228511530395,4.692773223410989,7.337526205450734,1.1555244878253021,-11.992619926199263,False,0.2471910112359551,-1.6129032258064602,-7.661290322580654
ISNLTD,2023-01-19,2.799999999999997,2.3304181849263896,9.725158562367868,1.8789741909381377,-7.749077490774912,False,0.297752808988764,-6.225680933852132,-14.007782101167306
ISNLTD,2023-09-05,9.876543209876537,3.413066337968697,7.127429805615561,1.455340850629603,-3.7623762376237595,True,0.3371757925072045,-5.617977528089887,-6.3670411985018704
ISNLTD,2023-11-30,7.625272331154684,4.6425216496963415,8.965517241379308,0.7474114626922026,-5.749486652977421,True,0.3304721030042917,10.931174089068824,9.514170040485837
ISNLTD,2024-03-12,5.029013539651826,3.253804862209756,8.651911468812871,0.3689912821621548,-6.50994575045207,True,0.5294117647058821,-9.576427255985259,-8.287292817679559
ISNLTD,2025-01-06,9.947643979057585,14.440491258702954,9.631728045325797,0.5129230579508619,2.1390374331550914,True,0.6412213740458015,-5.238095238095245,1.428571428571432
ISNLTD,2025-02-19,3.9506172839506206,3.6027310730430475,8.249999999999993,1.1107231037517713,1.7587939698492534,True,0.6506955177743431,-0.7125890736342144,-3.5629453681710213
ISNLTD,2025-02-27,3.406326034063257,2.3954505243910194,9.319899244332483,1.2448260129250364,4.050632911392409,True,0.7095158597662772,-1.1764705882352942,-6.5882352941176405
ISNLTD,2025-03-02,2.8235294117647127,4.544721834658575,9.319899244332483,1.4149258461987737,6.783919597989957,True,0.7295492487479133,-4.8054919908466855,-6.636155606407335
ISNLTD,2025-08-10,3.08056872037914,2.3772925869747823,6.295399515738502,0.577597057490553,2.1791767554479557,True,0.8430232558139534,83.44827586206895,151.0344827586207
ISNLTD,2025-08-11,2.5287356321839116,2.533675102698709,6.295399515738502,0.6379293667172116,3.3254156769596164,True,0.8643410852713178,89.6860986547085,143.0493273542601
ISNLTD,2026-01-22,3.9999999999999925,3.060567293976177,9.353507565336997,1.2203941827759595,2.242744063324542,True,0.6147978642257819,-7.444168734491316,-6.079404466501231
ISNLTD,2026-02-17,3.7433155080213867,3.098584063645413,7.438016528925628,0.7616199244295532,1.7687074829931932,True,0.5919145690312738,-3.0927835051546286,4.510309278350516
ISNLTD,2026-02-26,8.266666666666671,3.951789777455788,7.210884353741492,1.3013943822749208,-4.45859872611465,True,0.6193745232646835,-2.339901477832519,-7.266009852216755
ITC,2019-05-02,4.30622009569379,2.379921917832079,9.137055837563455,0.9695112783492542,-2.7906976744186114,True,0.6588034930775727,-0.9174311926605472,-4.357798165137612
ITC,2019-06-25,4.672897196261683,4.2912613303005305,9.523809523809524,2.6931230805688857,-0.46511627906977404,True,0.7014530564428759,-4.910714285714277,-9.59821428571428
ITC,2019-08-25,4.796163069544365,2.7836142129101,7.506053268765137,0.8171966515497626,-0.23923444976075198,True,0.5861217631654825,8.23798627002287,-2.0594965675057337
ITC,2019-08-26,3.203661327231118,7.747696528124137,7.506053268765137,1.0175761503007938,6.84596577017116,True,0.6471143454358323,3.104212860310418,-7.09534368070954
ITC,2019-11-07,4.010025062656646,4.269231999139766,8.28877005347594,1.2184739820248969,1.0126582278480976,False,0.49027627674064667,-15.421686746987948,-22.168674698795186
ITC,2020-07-23,3.9603960396039577,3.391542821878965,9.863945578231288,41.581156824692584,3.0612244897959258,False,0.2409090909090909,15.55555555555555,10.793650793650789
ITC,2020-07-26,3.1746031746031744,7.551298556552831,9.863945578231288,41.486698979332125,7.142857142857148,False,0.2863636363636364,8.615384615384606,6.153846153846154
ITC,2020-11-01,6.779661016949152,4.532355402554814,8.163265306122456,1.4241041239484022,-10.06097560975609,False,0.2409090909090909,1.2698412698412653,-3.4920634920634965
ITC,2020-12-29,2.8213166144200583,2.535938500494372,7.333333333333343,0.8992467662668748,6.688963210702341,True,0.3975903614457831,12.500000000000005,-1.5243902439024393
ITC,2021-09-06,3.8548752834467024,3.04001549012676,6.746987951807222,0.6505567624183202,1.3793103448275894,True,0.911111111111111,-7.423580786026199,-10.04366812227073
ITC,2022-02-06,3.4782608695652257,5.290975114905642,8.049535603715176,0.9477267938621688,-0.8620689655172332,False,0.35000000000000026,-6.722689075630267,-9.523809523809538
ITC,2022-08-21,2.6627218934911414,6.533149148049663,4.216867469879514,1.2188832519866395,0.8955223880596931,True,0.24404761904761918,0.2881844380403294,1.7291066282420584
ITC,2022-09-18,2.6162790697674376,2.708920744662176,7.142857142857138,0.9030025621250788,1.775147928994087,True,0.32191780821917776,-1.6997167138810036,-5.6657223796034
ITC,2022-09-22,6.7846607669616645,3.8627321677109747,7.142857142857138,1.3575205935127563,1.1940298507462643,True,0.42105263157894757,-6.906077348066297,-8.563535911602212
ITC,2022-11-01,3.3232628398791584,2.7472755930770916,5.438066465256789,0.46460677975802617,-4.610951008645537,False,0.3956043956043957,8.187134502923968,0.5847953216374144
ITC,2022-11-02,4.385964912280701,5.058131153793597,5.438066465256789,0.699124457782974,-1.440922190201729,True,0.5604395604395606,1.9607843137254781,-3.6414565826330647
ITC,2022-11-03,9.803921568627452,17.29507921286821,8.761329305135947,1.14152111477852,2.881844380403458,True,0.945054945054945,-9.948979591836748,-13.520408163265316
ITC,2022-12-13,3.999999999999996,2.6303727386636537,6.344410876132935,0.5618586696890648,-4.10958904109589,True,0.37419354838709656,-8.516483516483522,-7.967032967032964
ITC,2023-01-12,2.6865671641791002,2.757251895664766,4.229607250755282,0.7921602543253068,-7.967032967032964,True,0.24516129032258047,11.337209302325578,9.011627906976749
ITC,2023-01-15,4.941860465116288,4.3175432392571125,4.8338368580060465,0.9853979305840609,-2.824858757062147,True,0.3548387096774194,4.709141274238215,-0.5540166204986229
ITC,2023-04-27,8.781869688385274,6.234477694886706,7.462686567164178,1.0494616272215231,2.6162790697674376,True,0.49006622516556275,-1.8229166666666556,-1.8229166666666556
ITC,2023-05-31,6.878306878306882,2.275807170805257,7.58807588075882,0.7019575995578184,2.717391304347826,True,0.6225165562913906,-5.693069306930687,3.2178217821782282
ITC,2023-09-21,5.291005291005291,3.0095176513847304,7.02702702702703,0.8338310785737223,-1.8181818181818257,True,0.5153846153846151,-9.54773869346733,-8.793969849246231
ITC,2023-10-26,2.9972752043596573,4.966510922159817,3.888888888888885,0.6376306650591461,-5.655526992287907,True,0.3615384615384612,5.026455026455042,-3.1746031746031633
ITC,2023-10-31,3.9473684210526314,4.37335160261342,6.388888888888881,1.1388163510828375,1.6042780748663141,True,0.4923076923076922,-3.79746835443038,-8.607594936708857
ITC,2024-01-11,5.851063829787222,4.928290182863012,4.419889502762415,0.9029307517039417,0.5347593582887776,True,0.5775862068965513,3.768844221105528,35.175879396984925
ITC,2025-01-20,3.611111111111103,4.025230284276268,9.763313609467469,1.2663486851643415,-0.5524861878453117,False,0.6084828711256117,1.6085790884718536,2.9490616621983956
ITC,2025-06-16,2.865329512893983,2.706232156083829,5.044510385756664,0.5826509813763501,-3.5911602209944866,False,0.7557894736842105,-1.1142061281337008,6.128133704735384
ITC,2025-07-07,4.748603351955316,5.596661983523652,6.194690265486731,1.3132136168380462,4.069767441860462,True,0.7894736842105263,2.3999999999999964,11.200000000000006
ITC,2026-01-27,4.102564102564106,3.6133090843011058,5.497382198952865,1.0925541636418434,2.631578947368421,True,0.7960784313725491,-0.2463054187192153,-2.9556650246305485
ITC,2026-02-15,2.5316455696202533,2.3359709419285233,7.349081364829389,1.4420783878753645,2.5974025974025974,True,0.7941176470588235,-2.716049382716053,-5.925925925925923
JAMUNABANK,2019-09-23,4.117647058823525,2.3237936480724266,5.9880239520958085,1.1142971098270218,-6.07734806629835,True,0.6379310344827585,0.0,5.084745762711877
JAMUNABANK,2019-10-30,3.4883720930232642,2.617929711560812,9.941520467836252,3.1557754171321575,-4.9723756906077465,True,0.6551724137931035,-1.68539325842697,7.865168539325834
JAMUNABANK,2020-02-16,4.972375690607726,4.056781438893506,5.813953488372093,0.985685727060385,5.232558139534897,True,0.8474576271186443,-8.421052631578956,-16.31578947368421
JAMUNABANK,2020-08-09,5.590062111801233,3.79391512807793,3.125,0.7887118497299968,-1.8292682926829098,False,0.43137254901960786,0.5882352941176554,1.7647058823529453
JAMUNABANK,2020-08-13,4.733727810650892,5.7708037736273115,7.499999999999996,1.6010050734537706,-0.5882352941176554,True,0.5686274509803921,-2.2598870056497096,3.9548022598870016
JAMUNABANK,2020-09-13,5.142857142857134,2.290804443487804,6.547619047619034,0.7878282249124371,3.550295857988174,True,0.7058823529411763,-4.347826086956506,-4.89130434782608
JAMUNABANK,2020-11-11,3.4285714285714364,5.481986501996739,4.597701149425292,0.9478401997998243,0.0,True,0.6470588235294121,2.7624309392265194,6.629834254143642
JAMUNABANK,2020-11-12,3.867403314917123,9.037469076444944,4.597701149425292,1.4106347732430518,2.840909090909091,True,0.7843137254901964,0.5319148936170099,2.1276595744680775
JAMUNABANK,2020-11-17,3.7234042553191453,4.318202731646653,9.770114942528753,3.0470147235683323,6.818181818181814,True,0.9215686274509807,0.0,-3.076923076923084
JAMUNABANK,2021-01-05,4.301075268817189,2.9475023938295735,4.945054945054957,1.1188743473141485,-5.10204081632653,True,0.8214285714285714,-1.546391752577305,-1.546391752577305
JAMUNABANK,2021-03-14,2.824858757062147,2.6435560202492074,6.321839080459779,1.1080128822006166,-3.8043478260869534,True,0.6071428571428571,2.7472527472527473,2.7472527472527473
JAMUNABANK,2021-03-23,2.717391304347826,4.444224098077341,6.8965517241379475,1.5792020749610143,4.545454545454529,True,0.7321428571428571,-1.0582010582010546,-11.1111111111111
JAMUNABANK,2021-08-16,3.2258064516129004,2.8750196615856725,4.2857142857142785,1.0691393067710027,2.358490566037736,True,0.7619047619047619,-1.3392857142857018,3.1250000000000133
JAMUNABANK,2021-11-16,3.347280334728037,2.9629664812319043,3.433476394849788,0.6068154273438168,0.0,True,0.9651162790697674,-4.45344129554655,-4.048582995951417
JAMUNABANK,2021-11-18,4.453441295546565,6.533070407115177,7.7253218884120205,1.1435595576641002,4.219409282700422,True,0.9494949494949495,-6.976744186046514,-8.914728682170544
JAMUNABANK,2023-04-30,4.225352112676049,18.137252973678063,0.9389671361502313,1.0934353854553456,0.0,True,0.7209302325581395,3.1531531531531503,-5.855855855855859
JAMUNABANK,2023-05-02,2.7027027027027093,7.90157042779935,4.694835680751173,2.8797343634729855,4.225352112676049,True,0.8604651162790702,0.43859649122806077,-8.333333333333343
JAMUNABANK,2024-02-11,5.069124423963141,4.76585282061321,4.30622009569379,0.869214566768418,3.827751196172252,True,0.9333333333333336,-3.070175438596488,-4.824561403508778
JAMUNABANK,2024-08-07,4.04624277456647,4.1628367338298204,9.090909090909092,0.8419622837957856,2.976190476190476,False,0.7792207792207791,4.444444444444448,4.444444444444448
JAMUNABANK,2024-11-14,8.988764044943807,7.08608501456545,4.624277456647403,1.9701830168086398,1.1363636363636322,False,0.8398268398268397,1.5463917525773232,0.5154639175257806
JAMUNABANK,2025-07-23,5.05617977528089,6.439410725721869,2.298850574712656,1.2439220764077044,4.093567251461984,True,0.8617511520737328,11.229946524064179,10.695187165775401
JAMUNABANK,2025-09-03,3.7037037037036904,2.5507817160911563,8.499999999999996,0.6802562652815067,0.9345794392523498,True,0.9781659388646288,-4.017857142857137,-4.017857142857137
JAMUNABANK,2026-01-04,4.2452830188679345,4.8733738985470465,2.4038461538461537,1.7755338362139281,0.952380952380949,True,0.9650655021834063,2.262443438914027,7.239819004524876
JAMUNAOIL,2021-08-16,2.630106323447128,3.7145133768112344,6.845238095238096,1.4879865320549448,9.834050399508298,True,0.9783080260303688,-0.27262813522355506,2.071973827699009
JANATAINS,2019-10-17,3.5502958480620546,2.147463420523022,9.375000008203136,0.6081367256451164,7.643312150898613,True,0.5943396229498934,-10.857142857828581,6.28571423874284
JANATAINS,2021-07-28,6.265664160401002,3.992842627226395,9.090909090909086,0.8716894458015142,-2.205882352941173,True,0.8507204611615493,-4.481132075471695,46.22641509433963
JANATAINS,2021-12-22,5.348837209302319,3.112591244263311,7.85714285714285,1.1852984261509625,-4.017857142857137,True,0.5,5.518763796909493,-0.8830022075055156
JANATAINS,2021-12-23,3.0905077262693283,2.9758837204714443,8.809523809523816,1.3874829705646197,-0.2202643171806199,True,0.5362694300518136,0.21413276231262166,-4.068522483940055
JANATAINS,2022-09-18,4.040404040404038,3.4011513313524615,8.108108108108103,0.7114025925071722,-2.6229508196721336,False,0.08445945945945946,-4.207119741100315,-4.207119741100315
JANATAINS,2022-10-13,3.378378378378378,5.461920536385364,0.0,0.023654028034889384,-1.0033444816053416,False,0.0894308943089432,-3.2679738562091507,-3.2679738562091507
JANATAINS,2023-12-13,3.293413173652699,2.666896383288494,7.187499999999991,0.6676957475614989,-4.843304843304852,True,0.3531914893617021,-3.4782608695652257,5.797101449275362
JANATAINS,2024-01-01,3.6036036036036125,2.3820758490954907,7.38461538461538,0.787851519928611,3.0959752321981426,True,0.3531914893617021,3.7681159420289774,4.9275362318840665
JANATAINS,2024-01-14,4.322766570605187,4.763487480430849,7.6923076923076925,1.5352931161871355,3.5820895522388145,True,0.42553191489361714,1.1049723756906038,5.248618784530382
JANATAINS,2025-08-25,3.9215686274509802,3.1264205234790334,8.786610878661094,0.5839657743009333,-3.041825095057037,True,0.7571428571428571,7.924528301886798,-4.905660377358493
JANATAINS,2025-09-07,6.319702602230494,5.686894574397943,9.599999999999994,1.391887954413227,7.599999999999994,True,0.8640483383685801,-12.237762237762237,-2.7972027972027997
JANATAINS,2025-10-07,5.7034220532319395,3.0308389613786026,7.630522088353422,0.4198920033223971,-2.2304832713754568,True,0.86875,-11.510791366906473,-11.510791366906473
JANATAINS,2026-01-13,2.9787234042553163,5.3129916357385385,6.926406926406917,1.4308607875238677,-3.292181069958851,False,0.8231292517006803,12.809917355371908,12.396694214876034
JANATAINS,2026-01-18,3.719008264462819,2.3061695741576016,6.866952789699561,2.1872625287752814,-0.8196721311475381,True,0.8537414965986395,4.780876494023902,5.97609561752988
JANATAINS,2026-01-20,6.0,4.370572636696534,9.361702127659571,1.9626456008235482,5.932203389830502,True,0.9013605442176871,-1.5094339622641455,-2.6415094339622613
JHRML,2023-07-31,9.455958549222794,5.647512884528908,7.532467532467529,0.5902395012088293,-5.968331303288663,True,0.2163978494623655,-8.875739644970414,-5.680473372781062
JHRML,2024-01-11,5.865921787709501,10.148736673530085,2.41820768136558,0.5530445132935877,-0.5555555555555635,False,0.16819571865443422,-3.2981530343007917,0.5277044854881342
JHRML,2024-04-22,4.530201342281872,2.675275449873508,9.4435075885329,1.2957208421103388,-10.644677661169418,False,0.10135135135135132,19.10112359550563,10.272873194221518
JHRML,2024-04-29,2.799377916018658,3.5763611042504526,9.274873524451941,1.6711835102553951,-0.464396284829717,False,0.22972972972972958,9.682299546142218,7.413010590015137
JHRML,2024-07-04,3.3850493653032316,2.3188853786571273,5.88235294117647,0.5270243243512555,-0.2812939521800122,True,0.47297297297297286,-8.594815825375166,1.2278308321964608
JHRML,2025-01-20,9.917355371900834,6.940259858734003,8.60215053763441,1.0343202112185137,-7.9847908745247205,False,0.669182389937107,-7.518796992481203,-1.3157894736842157
JHRML,2025-02-17,4.5816733067729025,3.117441668326778,8.865979381443292,1.8054554993393688,3.719008264462819,False,0.6653992395437262,2.2857142857142914,-6.095238095238101
JHRML,2025-02-23,2.5193798449612346,2.0684845546079464,8.686868686868682,1.3786943210086096,1.574803149606308,False,0.6704689480354878,-3.969754253308131,-8.695652173913047
JHRML,2025-06-16,3.6717062634989266,2.6864578467763556,5.18018018018019,0.6201258020188589,-3.1380753138075312,False,0.6083650190114068,-2.2916666666666696,6.25
JHRML,2025-07-09,3.519668737060048,5.184253559562125,8.444444444444438,1.3510520294093262,6.153846153846148,False,0.6337135614702154,6.599999999999994,6.200000000000003
JHRML,2025-07-16,2.6156941649899337,2.8905476711097413,9.91379310344828,1.9314509965161801,7.343412526997853,False,0.6463878326996197,-1.7647058823529385,2.941176470588235
JHRML,2025-07-17,3.137254901960787,6.200642233960915,9.808102345415781,2.1370809557237513,6.25,True,0.6666666666666666,-3.2319391634981045,1.3307984790874443
JHRML,2025-08-04,3.1007751937984525,2.434708201358279,9.795918367346932,1.257455770640942,8.403361344537814,True,0.6742712294043093,4.6992481203007515,11.466165413533822
JHRML,2025-08-18,7.5046904315197,3.549339458562847,7.874015748031496,1.3733083949160538,1.3307984790874443,True,0.7346153846153846,-0.34904013961604846,-2.268760907504358
JHRML,2025-10-30,4.893617021276589,2.8720542637328865,8.242950108459864,0.9033341958911066,-14.233576642335763,False,0.7715179968701095,-15.415821501014188,-8.722109533468554
JHRML,2026-02-15,4.347826086956518,3.503736523531309,5.995203836930455,1.0747311375313156,1.6279069767441927,False,0.7136150234741785,-3.5087719298245648,-3.7280701754386025
JMISMDL,2019-05-22,6.132665829787231,4.179759685839981,5.753776918032783,0.6476961109594136,-1.722017237095839,True,0.5049230769730347,28.18396228604208,39.35731131932446
JMISMDL,2019-05-29,6.692330488207572,3.602308493751466,9.84126981920282,1.3111977319063333,8.55030535519125,True,0.5698461539795465,23.147377180209936,31.362753261998876
JMISMDL,2019-08-06,8.734804121366174,2.8998360332983157,8.695652183384752,0.889107644377867,-4.9025904527643664,True,0.9468283582507705,4.057971013105288,1.780538299082764
JMISMDL,2019-09-11,5.1380991133337135,2.1530863390954824,6.910312968096137,0.7915511218660622,9.568313287977908,True,0.9655565044993516,-19.779795236156534,-19.62526558423218
JMISMDL,2021-09-05,4.835742420414949,3.000533456176738,6.2983425477879065,0.7378995555285399,6.732117842291717,True,0.7260869563270864,0.5765856205140665,-0.7771371051167936
KARNAPHULI,2019-11-18,4.444444444444448,2.0746494595301916,9.941520467836252,1.3632363329011536,-1.6393442622950858,True,0.5371900826446282,-1.0638297872340388,18.085106382978715
KARNAPHULI,2021-07-28,3.911980440097803,2.1566818762735265,7.216494845360836,0.4783132813179433,-9.911894273127754,True,0.8131487889273357,-6.5882352941176405,18.588235294117645
KARNAPHULI,2021-08-19,9.803921568627452,10.661779190401848,9.84455958549222,0.9406158817462572,3.030303030303019,True,0.8892857142857142,6.91964285714286,5.133928571428581
KARNAPHULI,2021-11-17,5.011933174224347,2.646479778757369,7.750000000000004,0.6256197524022233,0.9638554216867437,True,0.7084870848708488,-9.545454545454552,-7.954545454545454
KARNAPHULI,2021-12-23,3.597122302158273,3.5411212936596854,9.230769230769234,1.2609045747393253,-0.23923444976075198,True,0.6789667896678968,-2.314814814814815,-6.481481481481491
KARNAPHULI,2022-03-30,2.981029810298107,2.666250211308175,7.344632768361587,0.5664335956089733,-0.2702702702702741,False,0.4870848708487085,-6.842105263157898,-5.263157894736842
KARNAPHULI,2022-08-25,3.020134228187915,2.0861667702803945,7.8498293515358375,0.8739201365193516,5.30035335689046,False,0.12033195020746883,-2.605863192182413,-4.88599348534202
KARNAPHULI,2022-08-28,2.9315960912052184,2.4996255293653062,7.8498293515358375,1.0255338520468975,9.2526690391459,False,0.1576763485477179,-6.0126582278481076,-9.493670886075948
KARNAPHULI,2022-11-01,3.1468531468531418,2.7139501182941768,6.2937062937062835,0.9946208247718303,0.0,False,0.1005917159763313,-3.050847457627114,-3.050847457627114
KARNAPHULI,2022-11-02,3.389830508474576,7.646627115819267,6.2937062937062835,1.225409978984087,2.430555555555553,False,0.15976331360946738,-6.229508196721307,-6.229508196721307
KARNAPHULI,2023-01-15,4.395604395604393,3.8801006581494386,6.3432835820895495,2.130513145429224,-4.545454545454548,False,0.0949720670391061,11.929824561403505,2.8070175438596516
KARNAPHULI,2023-05-14,5.614035087719303,7.454894114608487,6.859205776173292,2.645761075568079,2.8880866425992804,True,0.25384615384615394,21.59468438538206,-0.9966777408637897
KARNAPHULI,2023-05-15,7.30897009966776,9.514378600471677,9.386281588447659,3.16306751201051,8.664259927797842,True,0.4230769230769229,9.907120743034065,-10.526315789473681
KARNAPHULI,2023-09-03,3.870967741935493,2.2461467103906774,7.333333333333343,0.4787185819085093,-6.906906906906898,True,0.5142857142857147,31.366459627329174,18.94409937888197
KARNAPHULI,2023-11-13,5.059523809523796,2.3365171432330882,7.250755287009058,0.7015143239954724,-7.438016528925609,True,0.47486033519553045,-4.815864022662878,0.5665722379603481
KARNAPHULI,2023-11-14,4.2492917847025495,3.3031151035359856,7.552870090634441,0.883606636864189,-2.7548209366391188,True,0.5586592178770947,-8.152173913043478,-3.26086956521738
KARNAPHULI,2023-12-13,2.8089887640449436,2.497930708552688,7.352941176470589,0.742196769228749,-3.26086956521738,True,0.547486033519553,0.8196721311475332,19.672131147540973
KARNAPHULI,2025-03-13,4.000000000000005,4.222067032530724,5.947955390334577,0.6951397531488729,-3.508771929824561,False,0.46353322528363045,-2.097902097902103,-0.6993006993007091
KARNAPHULI,2025-03-16,2.7972027972027873,3.7404439114687005,8.178438661710048,1.0368702551013615,1.0600706713780943,False,0.4764991896272285,-4.081632653061222,-4.4217687074829835
KARNAPHULI,2025-04-16,3.597122302158273,4.9378539399259695,3.971119133574012,0.7182773082232657,1.8315018315018317,False,0.6233766233766234,-9.722222222222223,-13.541666666666675
KARNAPHULI,2026-01-18,5.762711864406777,6.758125189582222,7.8014184397163095,1.6411259609285664,2.0761245674740536,True,0.8914285714285715,-1.2820512820512775,0.6410256410256387
KAY&QUE,2026-02-02,4.225728804493183,2.156369944821966,5.8984910836762685,1.0209755347211271,-1.7861833464670376,True,0.7822159775190687,23.479599692070824,13.420579933282015
KBPPWBIL,2019-05-02,6.122448979591832,3.1365355116185776,7.2916666666666785,0.871468151180703,-10.909090909090903,False,0.08510638297872347,5.769230769230766,1.9230769230769162
KBPPWBIL,2019-06-18,5.555555555555552,3.0010971382725646,7.619047619047626,0.8253854913871995,-1.818181818181812,False,0.19148936170212774,-5.263157894736839,-14.912280701754394
KBPPWBIL,2019-07-04,2.7777777777777675,3.47617561123425,8.490566037735853,0.6406875654620119,1.8867924528301987,False,0.15957446808510636,-18.01801801801802,-11.711711711711704
KBPPWBIL,2019-08-21,8.163265306122437,5.816845434516396,9.473684210526319,0.7625776991316721,1.0309278350515612,False,0.20754716981132068,4.716981132075472,1.8867924528301987
KBPPWBIL,2020-02-06,3.5087719298245648,3.0672312026403863,9.433962264150944,2.5377559112976487,5.555555555555552,False,0.1022727272727273,10.169491525423723,15.254237288135583
KBPPWBIL,2021-04-25,9.722222222222223,4.177416654773904,7.142857142857142,0.7498117536169824,-7.692307692307689,False,0.3880597014925374,3.797468354430366,5.06329113924051
KBPPWBIL,2021-12-06,6.7961165048543615,2.221637447499777,9.278350515463922,0.8503842818336906,-8.035714285714274,True,0.4230769230769231,18.181818181818183,9.999999999999996
KBPPWBIL,2022-06-14,9.482758620689651,10.883100283407448,6.034482758620699,0.8827659809737194,-1.6949152542372972,False,0.5222222222222221,6.2992125984252025,10.236220472440952
KBPPWBIL,2022-08-31,2.8776978417266212,3.0594431286672217,4.347826086956519,1.2478605227688528,2.205882352941182,True,0.6911764705882356,-3.4965034965034962,-3.4965034965034962
KBPPWBIL,2023-03-06,5.882352941176485,4.9317529566968314,4.040404040404043,0.8211948798482671,-5.555555555555569,False,0.15254237288135597,-8.333333333333336,-8.333333333333336
KBPPWBIL,2023-03-30,3.030303030303019,2.3285032598481,1.0101010101010066,0.40491290795930357,0.0,False,0.05555555555555535,-2.9411764705882253,18.62745098039216
KBPPWBIL,2023-04-24,9.803921568627452,7.49870445756079,5.05050505050505,0.7006754566544997,3.030303030303019,False,0.24074074074074053,23.21428571428573,22.321428571428573
KBPPWBIL,2025-06-18,3.0008826125331027,2.847876520823347,8.103294746215502,0.920906867167667,-5.267558528428092,False,0.583791895947974,-5.398457583547555,3.770351328191938
KBPPWBIL,2025-07-08,4.7265987025023115,2.150080407039149,9.728718428437784,1.2750534889521374,-7.777777777777772,False,0.5715730905412241,12.831858407079647,4.955752212389376
KBPPWBIL,2025-07-14,6.386701662292212,2.2213502546895643,8.886810102899906,1.4075040211443495,-0.9532062391681183,False,0.6150733434496712,4.440789473684215,-6.085526315789467
KBPPWBIL,2025-08-31,2.5619128949615715,2.190688066671825,9.22803904170363,0.8285163995670095,-5.182186234817818,False,0.6074860900354072,25.89508742714404,26.477935054121577
KBPPWBIL,2025-09-01,5.245628642797678,2.7771565634274746,9.22803904170363,0.9490018988976802,-0.4971002485501313,False,0.6393525543753162,18.670886075949362,18.196202531645568
KBPPWBIL,2026-02-22,5.252525252525255,2.2624083606982524,8.898305084745752,0.8368811227952835,1.4344262295082026,False,0.27698032961190855,-9.021113243762,-8.44529750479846
KDSALTD,2019-05-02,3.1481481515545187,2.0332075039217234,9.07297830313278,1.496652885388715,0.18552876332915963,False,0.11266404195156987,0.0,-1.795332137136494
KDSALTD,2019-07-02,6.412478340561507,6.025194030311567,6.727272732086245,1.1556922448018168,7.649253741204759,True,0.1912073490799156,-8.143322478264693,-9.609120518837276
KDSALTD,2019-08-19,4.56140350661797,3.975722220019524,8.148148155735074,1.1647739790788363,3.636363637856197,True,0.16640419940313517,-8.892617451475695,-19.463087252643753
KDSALTD,2019-08-25,9.982788287681698,10.925041684999407,8.74999999748047,1.4120909800480903,4.6846846820462735,True,0.22565616791126666,-19.874804374023462,-23.317683885238356
KDSALTD,2020-07-29,5.445544559856258,4.124700623059183,8.290155452391353,2.160972163127334,4.663212450673183,False,0.3321252059886464,10.563380276714287,22.300469475867327
KDSALTD,2020-12-03,3.6613272311212683,2.6051515030160286,8.82352941176471,0.6054589812421944,-9.658653840073175,True,0.6381097560430701,-6.401766004415007,-3.090507726269313
KDSALTD,2020-12-28,3.2183908045976977,3.4074210245759415,7.748184019370467,1.0665374868387507,2.8368794326241202,True,0.6206300812461445,6.236080178173729,5.122494432071279
KDSALTD,2021-05-30,2.934537246049671,2.3031519443606396,7.159353348729796,1.8869583568088806,0.0,True,0.6497959184020908,6.3596491228070136,6.140350877192976
KDSALTD,2021-08-02,4.11522633744856,4.126306218112977,4.356846473029034,0.46174220148977874,-2.6052104208416775,True,0.8165955797247162,4.54545454545454,22.5296442687747
KDSALTD,2021-08-03,4.940711462450593,4.9660731315822,5.809128630705388,0.8389993079611916,2.4291497975708563,True,0.9555383223575071,2.824858757062147,19.39736346516007
KDSALTD,2021-12-30,4.477611940298507,2.8003298016390294,9.606299212598417,0.7499271617394614,5.678233438485806,True,0.6764044943820224,-8.571428571428571,-13.000000000000004
KDSALTD,2022-05-08,5.605786618444849,6.273386457581234,9.037328094302557,0.814733517544998,-2.8119507908611627,False,0.39953810623556574,-9.417808219178083,-3.5958904109589067
KDSALTD,2022-06-15,8.317929759704251,7.002512382957698,7.249070631970271,0.4819769947760201,1.500938086303948,False,0.3676470588235294,1.87713310580205,10.238907849829339
KDSALTD,2022-09-19,2.9304029304029195,2.1577406507264665,8.831168831168828,0.6127828946346,-7.77027027027026,True,0.8236714975845411,-8.18505338078291,-0.11862396204032541
KDSALTD,2022-10-17,4.88110137672089,6.765272408988023,5.844155844155844,0.6898473997721618,-1.3580246913580178,True,0.8115942028985508,11.455847255369939,8.233890214797142
KDSALTD,2022-12-07,9.597924773022056,2.3290202599234364,6.493506493506493,0.2198683890396282,-21.084953940634605,True,0.6608863198458574,-8.875739644970414,-8.875739644970414
KDSALTD,2025-02-04,4.804804804804809,6.725018731923821,5.974842767295604,1.2885778099375595,0.9090909090909005,False,0.45324675324675323,7.736389684813762,25.501432664756447
KDSALTD,2025-02-17,8.479532163742686,4.731101251337965,9.451219512195127,2.044190361854962,6.875000000000009,False,0.5707692307692308,14.016172506738533,17.52021563342318
KDSALTD,2025-07-16,3.809523809523813,3.115094767352001,9.18367346938774,1.0953357896153397,2.9411764705882426,True,0.9178947368421053,-7.568807339449552,-2.9816513761467984
KDSALTD,2025-08-14,6.015037593984959,3.49648772445308,6.329113924050633,0.6301355427916597,-5.000000000000003,True,0.8905263157894736,9.929078014184405,20.56737588652483
KDSALTD,2025-08-19,3.33333333333333,3.001634263346452,9.367088607594944,1.2208738412307478,0.7194244604316478,True,0.9136842105263158,7.373271889400929,15.668202764976968
KDSALTD,2026-02-02,2.9411764705882426,2.6905246097349917,5.7356608478802915,1.0359594669607444,-1.6867469879518142,False,0.7850467289719626,-0.952380952380949,-7.142857142857142
KDSALTD,2026-02-15,2.8639618138424887,2.6007123629830002,5.472636815920387,1.141036276254732,0.9638554216867437,True,0.805607476635514,-3.480278422273782,-8.584686774942002
KEYACOSMET,2022-01-20,10.000000000000002,5.45918437129773,7.246376811594203,1.3595737047752054,-1.4084507042253471,True,0.4531250000000001,-7.792207792207799,-7.792207792207799
KEYACOSMET,2022-02-09,2.8169014084507067,2.1751239506588926,5.71428571428572,0.6268110226978963,1.4285714285714235,False,0.39062500000000006,-1.3698630136986254,5.479452054794526
KEYACOSMET,2022-03-01,4.166666666666664,6.909736659439422,8.695652173913038,0.9910241662006948,1.4084507042253596,False,0.42187500000000006,12.000000000000005,2.6666666666666687
KEYACOSMET,2022-08-31,9.230769230769226,6.645973114765366,3.124999999999989,1.163184232220319,3.174603174603177,False,0.1818181818181818,-7.042253521126761,-4.225352112676054
KEYACOSMET,2022-09-27,7.575757575757576,5.19301247366863,9.374999999999995,0.7979329177144467,1.538461538461533,True,0.24999999999999994,5.633802816901413,-2.8169014084506943
KEYACOSMET,2023-07-02,6.249999999999992,9.053293860332111,3.124999999999989,1.8172226936460922,0.0,True,0.22727272727272727,0.0,-5.882352941176463
KEYACOSMET,2023-07-09,3.124999999999989,2.584304035703475,9.374999999999995,4.1530023441982244,0.0,True,0.13636363636363627,-3.0303030303030196,-3.0303030303030196
KEYACOSMET,2023-07-10,6.060606060606066,10.737146779923428,9.374999999999995,4.409822919415951,3.124999999999989,True,0.31818181818181823,-7.142857142857142,-8.571428571428566
KEYACOSMET,2023-11-26,3.124999999999989,6.151787833779778,3.124999999999989,2.5453302017985124,0.0,True,0.1999999999999993,-3.0303030303030196,-3.0303030303030196
KEYACOSMET,2023-12-17,3.124999999999989,3.369389884707465,3.124999999999989,0.9086946356022525,0.0,True,0.1999999999999993,-3.0303030303030196,-3.0303030303030196
KEYACOSMET,2024-10-29,9.803921568627452,2.252605215063219,8.51063829787233,1.1296879034349139,0.0,True,0.5135135135135134,1.7857142857142954,1.7857142857142954
KFL,2023-08-30,8.955223880597,4.532346747948946,7.40740740740742,0.8830958572393504,5.235602094240837,True,0.19488817891373794,-1.3698630136986172,-0.4566210045662003
KPCL,2019-02-24,4.739336492890995,3.727394314108113,6.085526315789479,0.67303360996217,-1.4018691588785135,False,0.21686615895617248,-6.33484162895927,-8.446455505279026
KPCL,2019-06-09,4.595588235294118,3.238838369667243,6.8359375,0.54463898742234,0.740740740740738,False,0.09648737653118666,-0.7029876977152875,-7.732864674868188
KPCL,2020-07-27,2.8697571743929453,11.195650398492056,3.9735099337748445,24.842382928296008,0.0,False,0.423913043478261,4.291845493562231,8.154506437768234
KPCL,2020-07-30,3.9560439560439495,2.4113870417891996,4.1942604856512276,1.7985553212637915,0.4415011037527657,False,0.4492753623188405,6.765327695560259,6.342494714587739
KPCL,2020-08-03,4.43974630021142,3.0392524696826673,5.298013245033125,2.0330068575033318,4.415011037527594,True,0.5253623188405797,5.465587044534419,1.6194331983805754
KPCL,2020-09-14,2.7667984189723294,2.35396629540408,7.566462167689167,0.775563427194483,6.302521008403361,True,0.6195652173913043,-8.076923076923084,-12.307692307692305
KPCL,2020-10-29,3.9735099337748445,3.515966366314809,5.077262693156743,0.9762992711397416,-5.8212058212058295,False,0.44202898550724645,0.6369426751592296,-3.821656050955423
KPCL,2021-01-05,4.9783549783549725,8.682705088523953,3.7527593818984615,1.5563322112492135,1.3157894736842135,True,0.521072796934866,-3.5051546391752635,-6.597938144329903
KPCL,2021-08-09,3.1830238726790334,2.9516860928520803,4.931506849315061,0.9509869534158689,2.7247956403269753,False,0.32758620689655166,10.796915167095124,28.791773778920316
KPCL,2022-01-06,6.109324758842439,3.465789647427971,9.374999999999996,0.8856675058552732,-10.632183908045965,False,0.1772151898734177,-4.848484848484853,-9.696969696969694
KPCL,2022-02-08,9.797297297297291,5.367843384564914,6.9930069930069925,0.9226434241442787,-10.030395136778107,False,0.16317991631799159,0.0,-2.1538461538461515
KPCL,2022-03-24,9.717868338557999,7.533770117910319,5.806451612903216,0.7811638159050979,-1.2383900928792526,False,0.26778242677824265,-8.571428571428571,-10.0
KPCL,2022-07-05,2.930402930402933,3.703612635284734,5.263157894736836,1.0213399424570735,-5.536332179930789,False,0.06513409961685834,-0.3558718861210015,-5.338078291814946
KPCL,2022-07-06,8.185053380782907,8.53294711450812,8.27067669172932,1.3223329336985574,-2.7681660899653884,False,0.1532567049808429,-9.539473684210522,-11.842105263157888
KPCL,2025-01-28,9.917355371900834,2.777498485523436,5.833333333333327,0.8811187205561589,-9.022556390977451,False,0.5,17.293233082706756,8.27067669172932
KPCL,2025-04-20,7.751937984496124,9.474880978231411,5.599999999999994,1.0274399070498046,-4.444444444444442,False,0.5225563909774436,-14.388489208633093,-29.496402877697836
KPCL,2025-07-08,6.2499999999999964,4.6729699429628235,7.77777777777777,1.219179134099375,1.0526315789473648,False,0.38345864661654133,11.764705882352953,6.862745098039226
KPCL,2025-08-31,6.60377358490567,4.833504183899299,8.82352941176471,1.087971350971753,-5.357142857142854,False,0.424812030075188,3.539823008849545,-7.079646017699121
KPCL,2026-01-29,10.0,7.808352962493205,7.368421052631572,0.9397717570290931,-4.761904761904762,True,0.6790123456790124,2.7272727272727337,-4.545454545454546
KPPL,2020-08-16,4.545454545454529,11.88127334502439,5.681818181818182,70.33469292932084,0.0,True,0.7127659574468083,-4.347826086956506,2.717391304347826
KPPL,2020-09-13,9.659090909090905,4.534121821511114,4.545454545454529,0.8757662830228169,-0.5649717514124173,True,0.8085106382978723,-8.80829015544041,-8.80829015544041
KPPL,2022-06-29,5.555555555555555,6.557497072486294,8.045977011494266,1.269818226533461,2.2727272727272645,False,0.1354166666666667,-3.157894736842113,-6.315789473684206
KPPL,2022-08-04,8.51063829787233,10.829407791662666,7.954545454545446,0.7957758761806829,1.0752688172042972,True,0.20833333333333331,-7.843137254901951,-7.843137254901951
KPPL,2023-05-18,10.000000000000004,12.850861042788383,5.617977528089887,24.568195005695777,1.1235955056179736,True,0.739130434782609,3.030303030303019,25.252525252525253
KTL,2020-08-03,4.040404036216711,6.848179759928881,8.602150540756154,21.325170917428146,6.4516129084703415,False,0.22413793101200943,13.59223297519843,14.563106839279866
KTL,2021-03-02,4.255319148936174,2.9215583265429306,6.4516129032258025,0.6578463150908258,-5.05050505050505,False,0.36506329132890253,-5.10204081632653,-5.10204081632653
KTL,2021-05-02,8.988764044943807,9.258394785350234,9.195402298850585,1.0341463801820336,-4.3010752688172085,False,0.3513924052439544,43.29896907216496,144.32989690721652
KTL,2022-04-06,6.0941828254847525,3.951933636399834,9.116809116809105,0.8918485179491619,-4.9999999999999964,True,0.8952095808383234,-1.0443864229764976,-10.704960835509123
KTL,2024-07-04,4.5454545454545565,2.693583325623033,6.400000000000006,0.8197057038046525,-3.649635036496351,False,0.11607142857142864,7.246376811594203,11.594202898550723
KTL,2024-09-22,9.79020979020978,4.900254068343366,7.142857142857142,0.6488749215986385,-3.378378378378378,False,0.28571428571428564,-29.936305732484076,-41.40127388535032
KTL,2025-01-15,4.3956043956043995,5.115256965506379,8.045977011494266,1.0189960498628845,-2.1505376344086136,False,0.4008438818565401,-4.210526315789478,27.368421052631575
KTL,2025-02-05,9.574468085106387,4.6604195571072085,8.988764044943807,0.9719150922381576,3.2967032967033045,False,0.4345991561181435,13.592233009708723,21.359223300970864
KTL,2025-07-30,6.25000000000001,3.3286154433784607,7.27272727272728,0.894651445072079,-4.273504273504273,True,0.695906432748538,2.5210084033613356,20.16806722689076
KTL,2026-02-10,3.2608695652173996,2.2096229942346866,8.139534883720943,0.5634147021104219,1.098901098901095,False,0.6129032258064516,0.0,0.0
KTL,2026-02-15,5.263157894736842,2.464219296695815,9.195402298850585,0.7597910583893686,3.2608695652173996,False,0.6451612903225806,-9.000000000000004,-5.0
LANKABAFIN,2019-01-02,4.255319138478943,2.926190362782416,7.27272730309918,0.8927306092225503,3.9823008989349193,False,0.09649910227553857,8.571428572653062,14.285714316326544
LANKABAFIN,2019-08-06,2.8571428194285637,3.647319647078063,7.100591696124087,0.9128752910875926,-13.366336624914215,False,0.13333333305333336,-1.111111108518529,-10.555555560092591
LANKABAFIN,2019-11-06,9.790209765049639,7.121242860170822,7.1942445852957935,1.0478612400201974,-10.062893058502436,False,0.10909090884793392,8.280254791127415,12.101910833137246
LANKABAFIN,2020-07-09,4.580152658906825,4.975285394689723,4.65116277744727,4.420762544306813,1.5503875924824233,False,0.1891891892147553,-1.131386879355582,12.664233556083165
LANKABAFIN,2020-08-04,4.615384615384613,4.023466618464487,3.1007751937984525,0.8033975521053547,5.813953451460252,False,0.24144144124884342,26.47058823529412,52.941176470588246
LANKABAFIN,2020-08-06,3.7593984962406015,2.028944332127585,7.751937984496124,1.460393303809448,8.255813915724726,False,0.26036036017031905,26.08695652173911,56.52173913043479
LANKABAFIN,2021-08-12,8.625336927223708,5.366206910377153,5.602240896358543,1.134457447203578,3.342618384401122,True,0.7740112994350282,0.49627791563276147,3.4739454094292945
LANKABAFIN,2022-02-08,3.0456852791878246,3.6418036151804083,6.399999999999996,0.6348062332204402,2.072538860103619,True,0.679324894514768,-9.35960591133006,-17.980295566502473
LANKABAFIN,2022-04-03,5.263157894736851,2.160228185113345,6.583072100313485,0.5390629775331953,-5.000000000000009,False,0.41304347826086957,-14.41176470588235,-7.352941176470589
LANKABAFIN,2022-08-23,2.6415094339622613,3.1972685418411912,6.153846153846159,1.0895046592967599,-0.37593984962406546,False,0.08144796380090501,1.4705882352941255,-1.8382352941176472
LANKABAFIN,2022-08-25,7.380073800738007,6.163044469532348,6.538461538461536,1.2567363709847608,4.633204633204644,False,0.16742081447963814,-7.9037800687285245,-10.652920962199316
LANKABAFIN,2024-07-04,7.05128205128205,2.9101723897361262,6.040268456375841,0.8207066119179884,-7.692307692307687,False,0.14876033057851232,-2.3952095808383147,23.353293413173667
LANKABAFIN,2025-03-25,9.999999999999996,10.512712043096684,4.142011834319543,0.853592654949838,-4.494382022471914,True,0.7632653061224489,-8.556149732620309,-12.834224598930474
LANKABAFIN,2025-07-03,2.7027027027026933,2.4113073518822663,9.55882352941177,1.5040101686003706,-1.3333333333333286,False,0.6204081632653061,11.184210526315786,19.736842105263158
LANKABAFIN,2025-09-04,4.216867469879514,2.972819177977319,7.594936708860754,0.887835040087691,-6.741573033707861,True,0.733050847457627,-3.468208092485557,-3.468208092485557
LANKABAFIN,2026-01-04,5.6910569105691,4.451207042524271,6.666666666666672,0.7648735169542001,-3.90625,False,0.6666666666666666,-4.615384615384613,-2.307692307692313
LANKABAFIN,2026-02-02,3.1496062992126013,3.9597386551477562,4.878048780487801,1.1784161858862374,-2.307692307692313,False,0.6787564766839378,17.557251908396953,19.083969465648856
LANKABAFIN,2026-02-09,8.593749999999996,6.763277190740449,8.130081300813007,1.5216481383104115,0.7874015748031609,False,0.7202072538860104,10.79136690647482,9.352517985611502
LEGACYFOOT,2019-09-03,4.593070104754244,2.3582993714382168,9.702127659574474,0.6986105452138356,5.527210884353742,False,0.35163849277858333,1.155624036979969,-2.927580893682597
LEGACYFOOT,2020-08-10,3.4375000000000044,4.486792617325081,4.769475357710664,2.120017439597151,1.7488076311605747,False,0.17706237424547283,-1.2084592145015063,24.16918429003021
LEGACYFOOT,2020-08-17,4.77657935285053,4.381654914063246,8.903020667726553,3.2427654721709316,3.1796502384737795,False,0.19517102615694162,1.3235294117647143,21.323529411764707
LEGACYFOOT,2021-06-10,4.1459369817578775,3.495443179770957,8.93470790378006,1.7094086509984414,-4.133545310015901,False,0.24157303370786504,-6.528662420382157,-1.9108280254777004
LEGACYFOOT,2022-01-16,6.027820710973711,2.494463112374517,5.928237129485198,0.8340302080791314,-1.820940819423373,True,0.533923303834808,-6.559766763848398,-8.163265306122442
LEGACYFOOT,2022-02-16,3.9432176656151534,2.8885554565045384,5.528455284552855,0.5874550600776873,-4.2296072507552935,True,0.4542772861356933,-7.8907435508346015,-6.980273141122925
LEGACYFOOT,2023-12-03,2.583025830258313,2.451237141194224,8.792650918635173,0.9217282862920163,1.8796992481203008,False,0.43960396039603966,-6.954436450839342,-13.669064748201446
LEGACYFOOT,2024-01-11,6.648936170212766,4.474913899127719,6.145251396648053,0.45185383195886164,-7.16049382716049,False,0.40792079207920795,-5.361596009975059,-1.496259351620951
LEGACYFOOT,2025-02-26,4.991087344028515,2.7023978337743944,9.335727109515252,0.7588572512436622,-9.22330097087378,True,0.6970414201183431,4.074702886247875,-0.3395585738539826
LEGACYFOOT,2026-02-16,3.1365313653136453,3.2826368205766254,7.67716535433072,1.377780494473805,0.18484288354898598,False,0.7222222222222221,-1.0733452593917736,2.146690518783547
LHBL,2019-01-03,9.134615384615378,2.4255242303832425,8.51581508515815,0.8042646558469873,0.48309178743962045,False,0.17080745341614909,-3.9647577092510953,-7.268722466960346
LHBL,2019-03-03,7.98969072164949,3.6361896686926287,8.648648648648656,1.287053559908942,-11.212814645308937,False,0.157556270096463,4.057279236276857,-4.295942720763716
LHBL,2019-05-07,4.092071611253201,3.25662917817923,7.816711590296492,0.9750141019803813,-2.7363184079602023,False,0.1189710610932477,-4.176904176904184,-2.948402948402955
LHBL,2019-06-27,2.638522427440633,2.7200166863452204,5.333333333333334,0.9755176939206418,-2.319587628865976,False,0.0863636363636363,-9.768637532133669,1.7994858611825266
LHBL,2019-07-29,4.210526315789478,2.719302984090709,9.71428571428571,0.9468350616585569,0.2638522427440671,False,0.19166666666666674,-0.5050505050505122,-6.565656565656569
LHBL,2019-11-28,21.35922330097088,5.537736033429978,3.6065573770491848,0.7668470934831964,-6.079027355623101,False,0.3577981651376147,-4.799999999999993,-4.0
LHBL,2020-08-04,5.263157894736838,10.93741541152353,1.1142061281337008,1.7750064671272525,0.5571030640668604,True,0.3789954337899543,2.631578947368421,14.473684210526317
LHBL,2020-12-02,9.836065573770496,5.476897080957284,4.456824512534823,0.9228596498839007,-6.3938618925831205,True,0.4794520547945207,4.4776119402985,30.597014925373124
LHBL,2021-05-31,5.423728813559327,2.4358863318934785,7.733812949640282,0.5141991276692306,-3.278688524590164,True,0.7925531914893618,-6.270096463022518,-4.662379421221874
LHBL,2021-07-06,2.871621621621614,2.7220268903022746,8.035714285714286,0.6665882200002023,-1.1686143572620964,True,0.7331378299120235,5.418719211822667,11.49425287356323
LHBL,2021-07-07,2.627257799671595,2.9969882832200803,9.821428571428571,0.9047321692841785,2.1812080536912704,True,0.7800586510263929,0.8,9.44000000000001
LHBL,2021-08-10,3.44827586206897,2.4040349722901784,4.807692307692319,0.6926069751536703,9.433962264150944,True,0.8826979472140762,10.151515151515156,20.30303030303031
LHBL,2022-02-01,6.184210526315794,3.7916975283768743,9.772423025435069,0.7232414938345009,1.1984021304926842,True,0.5792778649921507,-3.3457249070632002,-15.985130111524171
LHBL,2022-03-28,7.122905027932973,4.709313983449984,8.358208955223873,0.7674794423193362,-0.4172461752434094,True,0.5164835164835165,2.2164276401564575,2.2164276401564575
LHBL,2022-11-06,6.212121212121204,2.7374156528761633,3.3950617283950666,1.0993583110201255,-11.409395973154362,False,0.38951310861423183,-6.419400855920114,-5.1355206847360835
LHBL,2023-01-17,3.7993920972644375,15.873809578822378,2.7777777777777732,3.382011956890891,1.54320987654321,False,0.3346303501945523,-5.124450951683748,-5.124450951683748
LHBL,2023-05-02,4.320987654320983,18.306680713549227,0.925925925925939,7.531977303211704,0.0,False,0.21363636363636337,-2.218934911242604,5.029585798816577
LHBL,2023-05-07,3.5714285714285587,7.007612854060363,6.944444444444445,10.287826468003194,3.7037037037037126,True,0.30454545454545423,-4.310344827586207,2.873563218390805
LHBL,2023-05-30,3.9017341040462465,2.294889043170368,8.796296296296301,0.9980120550537983,6.790123456790133,True,0.4090909090909093,-7.093184979137702,-4.172461752433936
LHBL,2023-07-16,2.881844380403458,2.7114327890119094,2.35294117647058,0.6743242533550831,4.360902255639107,True,0.3863636363636366,-3.221288515406178,-5.0420168067227005
LHBL,2024-01-21,2.6573426573426655,2.4068410189269143,5.377906976744191,1.4154860538424638,3.6231884057971016,True,0.966292134831461,0.9536784741144259,-0.4087193460490618
LOVELLO,2022-03-29,5.2493438320209975,3.8592231270850132,9.39226519337016,0.7144842753477529,7.323943661971835,True,0.6117318435754191,-3.241895261845397,4.738154613466331
LOVELLO,2022-06-30,3.970223325062038,2.049059677309786,8.142493638676852,0.6375834994213143,-5.1764705882353015,True,0.5485074626865671,-6.443914081145574,-7.159904534606206
LOVELLO,2022-08-30,5.822784810126575,3.6939074125241382,6.9767441860465,1.2647117306368556,3.403141361256537,True,0.4553571428571427,-7.8947368421052575,5.023923444976081
LOVELLO,2022-09-19,5.0761421319796955,2.548259247158456,6.86015831134565,0.7321870447685599,-1.9900497512437916,True,0.4374999999999999,3.3816425120772915,-4.106280193236705
LOVELLO,2025-01-19,2.5703794369644974,2.2008105543052316,8.091024020227568,1.0658050985165883,-0.12224938875304929,True,0.7759259259259259,0.8353221957040607,0.9546539379474906
LOVELLO,2025-01-20,3.102625298329366,2.7141319483184416,6.7003792667509625,1.200810576397648,1.5757575757575724,True,0.8,-3.009259259259269,-1.1574074074074074
LOVELLO,2025-06-01,3.6114570361145777,2.216500859854967,4.274611398963727,0.5794551630955596,-3.7170263788968927,False,0.7703703703703704,25.961538461538453,13.942307692307685
LRBDL,2022-08-28,5.307262569832419,3.1030012765949437,5.382436260623246,1.29509292742333,0.0,False,0.2931726907630524,-5.5702917771883325,-0.5305039787798483
LRBDL,2022-09-22,9.971509971509972,4.5979313199365555,5.413105413105409,0.491223932273048,-1.6806722689075668,True,0.3293172690763054,3.626943005181343,-0.518134715025914
LRBDL,2022-12-13,5.524861878453039,3.7125708451181025,3.9886039886039844,0.35763632596024947,-8.121827411167502,True,0.3170731707317075,-5.497382198952883,-3.6649214659686007
LRBDL,2023-01-15,4.945054945054957,2.604501205066055,7.122507122507122,0.9336289900869008,-2.6737967914438503,True,0.3170731707317075,-7.853403141361256,-7.853403141361256
LRBDL,2023-01-16,3.403141361256537,4.244274785791175,9.401709401709393,1.1406725942408331,5.524861878453039,True,0.3699186991869919,-10.379746835443042,-10.379746835443042
LRBDL,2023-07-09,7.323943661971835,12.475577086929512,2.849002849002849,1.0299815955527931,-8.031088082901558,True,0.18749999999999994,-7.086614173228353,-7.874015748031496
LRBDL,2024-03-14,9.836065573770501,4.80238314526966,9.090909090909088,0.46162279569952325,-14.385964912280707,False,0.14285714285714293,-12.686567164179113,-17.53731343283582
LRBDL,2024-07-03,5.05617977528089,2.1210565114159805,6.936416184971093,1.1084067586510487,-4.812834224598923,False,0.055776892430278835,-2.6737967914438503,7.486631016042793
LRBDL,2024-07-04,3.7433155080213867,3.221899908652157,7.471264367816096,1.2170464772983238,-0.5319148936170288,False,0.08366533864541825,-8.762886597938142,12.886597938144332
LRBDL,2025-02-04,4.444444444444442,6.61755072038192,6.201550387596891,0.8548124734933864,-1.459854014598535,False,0.40170940170940167,9.219858156028375,12.05673758865249
LRBDL,2025-06-04,4.411764705882351,4.306035460611923,5.303030303030312,0.5518238945471996,2.255639097744353,False,0.6068376068376068,-1.4084507042253471,4.225352112676067
LRBDL,2025-06-15,4.225352112676067,2.3574726001353006,9.090909090909099,0.9103281689114722,0.7092198581560258,True,0.6324786324786326,-4.054054054054063,0.6756756756756733
LRBDL,2025-07-17,2.684563758389264,4.221786006009119,8.63309352517985,1.6297165847449713,2.0547945205479503,True,0.653846153846154,-7.18954248366014,-9.150326797385624
LRBDL,2025-09-03,2.8169014084507067,2.1931386788719713,8.148148148148145,1.8873202265237032,0.0,True,0.6985645933014354,-0.6849315068493127,0.6849315068493127
LRBDL,2025-09-29,3.4965034965034962,2.1191530459647097,8.823529411764714,0.4128485058783064,-0.694444444444442,True,0.7474747474747475,-10.81081081081082,-15.540540540540546
LRBDL,2026-03-04,9.473684210526319,5.701938329797057,9.677419354838694,0.7458527830767065,7.954545454545446,False,0.6153846153846154,0.9615384615384581,-5.769230769230766
LRGLOBMF1,2019-12-04,4.615384615384613,2.575958541897666,6.349206349206354,0.7222136303328337,8.333333333333332,True,0.4347826086956522,-2.941176470588238,2.941176470588238
LRGLOBMF1,2021-07-06,2.5641025641025665,2.476232420741242,5.3333333333333375,0.707499373548694,2.631578947368424,True,0.846153846153846,10.000000000000009,7.499999999999996
LRGLOBMF1,2021-07-07,5.000000000000004,2.4482358196267118,7.999999999999995,0.8854086228234511,8.108108108108103,True,0.8965517241379314,3.5714285714285587,2.3809523809523725
LRGLOBMF1,2021-11-01,3.333333333333341,2.212545090514716,4.597701149425292,0.7484887711359558,-1.098901098901095,True,0.9444444444444446,-2.1505376344086136,-25.806451612903224
LRGLOBMF1,2022-01-11,2.898550724637671,3.0123971670008767,4.411764705882351,0.5285519539203161,-1.4285714285714235,False,0.31578947368421045,-1.4084507042253471,-4.225352112676054
LRGLOBMF1,2022-03-15,2.941176470588238,4.069136267470062,6.249999999999992,0.5563135240458028,0.0,False,0.2894736842105263,-2.85714285714286,-7.142857142857142
MAKSONSPIN,2019-01-03,6.8493150684931505,3.110864392031668,9.722222222222223,0.5647109272988129,-8.750000000000002,False,0.14285714285714277,-5.1282051282051215,-6.4102564102564115
MAKSONSPIN,2019-01-24,5.06329113924051,4.504457314111888,9.589041095890414,0.8951569716063521,5.3333333333333375,False,0.26190476190476203,-15.662650602409645,-16.867469879518072
MAKSONSPIN,2019-06-13,3.333333333333336,4.349150485246232,6.896551724137938,0.8820273721633759,1.6949152542372818,False,0.1304347826086958,0.0,-12.90322580645161
MAKSONSPIN,2019-07-02,4.918032786885258,3.056136422145565,9.999999999999993,1.0611865061748689,1.6666666666666607,False,0.17391304347826103,-14.062500000000005,-20.31250000000001
MAKSONSPIN,2020-08-09,5.769230769230766,3.9562047863881604,7.843137254901968,18.659407924957712,1.960784313725501,True,0.59375,7.27272727272728,10.909090909090903
MAKSONSPIN,2020-08-13,3.7735849056603805,2.2965777922289057,9.803921568627452,2.870918274581105,3.921568627450984,True,0.59375,1.818181818181812,27.27272727272727
MAKSONSPIN,2020-08-16,9.090909090909092,5.534373701351309,9.803921568627452,2.5275838995529254,7.843137254901968,True,0.75,-3.333333333333336,20.000000000000004
MAKSONSPIN,2020-12-08,8.955223880597009,11.095015701604522,9.523809523809533,1.2177342137015543,3.0769230769230793,True,0.925,6.8493150684931505,42.46575342465754
MAKSONSPIN,2022-11-03,6.27802690582959,4.752680721939257,1.345291479820631,0.1556595213274481,-16.165413533834588,False,0.22807017543859634,-5.907172995780585,-5.907172995780585
MAKSONSPIN,2022-11-07,2.9535864978902926,3.342775515846772,9.865470852017934,0.8310199914805174,-7.782101167315175,False,0.2894736842105261,-8.606557377049171,-8.606557377049171
MAKSONSPIN,2023-01-17,2.6548672566371585,10.058394888911575,2.242152466367713,47.988221346944584,1.345291479820631,False,0.2099999999999998,-3.87931034482758,-3.87931034482758
MAKSONSPIN,2024-07-04,4.464285714285714,2.448536366410717,8.411214953271031,0.989913266139317,-5.88235294117648,False,0.09230769230769226,-8.547008547008547,8.547008547008547
MAKSONSPIN,2025-01-15,3.2258064516129057,2.0245459017031564,6.666666666666672,0.8590488497286731,-13.88888888888889,False,0.28699551569506726,7.8125,12.499999999999996
MAKSONSPIN,2025-01-28,9.374999999999995,7.28441790661102,9.836065573770501,1.0711663484167542,4.918032786885258,False,0.3139013452914798,2.85714285714286,4.285714285714283
MAKSONSPIN,2025-09-04,6.060606060606066,5.2068986928387115,9.677419354838705,0.5875692135423414,-9.589041095890414,True,0.5384615384615384,-1.4285714285714235,-8.571428571428566
MALEKSPIN,2019-01-24,9.729729729729733,6.217149393724881,8.426966292134832,1.0345892006314608,8.187134502923968,True,0.7058823529411765,10.344827586206886,2.955665024630531
MALEKSPIN,2019-06-18,8.024691358024697,7.2586679647702725,9.210526315789489,1.2663347147484332,4.5161290322580605,False,0.23809523809523808,-4.571428571428576,-14.285714285714285
MALEKSPIN,2020-08-12,3.124999999999989,6.0875919399162965,6.249999999999992,9.658784272584324,0.0,True,0.2934782608695652,-1.5151515151515098,1.5151515151515234
MALEKSPIN,2020-08-16,5.426356589147281,3.251970935907499,6.249999999999992,10.408265648256968,0.7812499999999972,True,0.3604651162790697,-4.411764705882351,0.7352941176470562
MALEKSPIN,2020-09-17,5.839416058394166,4.2130693137052955,9.302325581395344,1.081666747325228,5.38461538461538,True,0.5555555555555556,0.0,3.4482758620689653
MALEKSPIN,2021-04-25,2.941176470588238,3.086060710767817,7.8125,0.5752714044785472,-1.4492753623188481,False,0.33823529411764713,44.28571428571428,46.42857142857143
MALEKSPIN,2021-09-29,4.1551246537396125,2.559720199581781,9.14454277286136,0.6016662572690886,-1.0958904109589003,True,0.8671328671328672,-13.563829787234047,-2.9255319148936207
MALEKSPIN,2022-05-08,3.8869257950529956,2.1030428113166133,8.67924528301887,1.3035366883528723,-1.393728222996511,False,0.5804195804195804,-7.823129251700671,-6.4625850340136015
MALEKSPIN,2022-06-14,3.584229390681004,3.4247215608311823,6.296296296296294,0.8919735640988534,1.8248175182481754,False,0.4444444444444444,3.4602076124567476,-1.3840830449826942
MALEKSPIN,2022-06-27,4.181184668989545,3.5867109140281124,8.39416058394161,1.3537688784057622,3.6101083032490973,False,0.416243654822335,-4.013377926421403,-9.69899665551839
MALEKSPIN,2023-01-12,5.904059040590397,15.579488229774281,1.8450184501845017,10.607202248825747,0.0,False,0.17204301075268813,-3.484320557491289,-5.574912891986056
MALEKSPIN,2023-01-15,3.484320557491289,7.208410274390162,7.011070110701101,12.164488785059508,5.904059040590397,False,0.22580645161290316,-8.754208754208747,-8.754208754208747
MALEKSPIN,2023-07-06,3.6900369003690034,100.29111400615885,0.0,31.484569496270023,0.0,False,0.11602209944751388,-3.558718861209964,-3.558718861209964
MALEKSPIN,2024-07-02,7.05128205128205,2.2990865148647903,6.81818181818181,0.6627933839723423,-6.865671641791046,True,0.5615763546798029,-1.796407185628747,-5.089820359281435
MALEKSPIN,2025-01-23,9.66386554621849,15.869836796966835,5.150214592274675,1.205625017519456,-3.6437246963562693,False,0.6170212765957448,-0.38314176245211273,0.38314176245209913
MALEKSPIN,2025-02-23,4.961832061068705,3.0465395482471727,4.687499999999997,0.7742721036184878,0.38314176245209913,False,0.6501182033096927,-6.909090909090904,-6.181818181818179
MALEKSPIN,2025-04-10,2.880658436213989,2.588181002569056,9.543568464730278,1.0318164913379784,-6.896551724137934,False,0.591016548463357,4.400000000000006,-4.799999999999997
MALEKSPIN,2025-04-13,5.200000000000003,3.810520954671519,9.543568464730278,1.225542259991845,-3.4749034749034693,False,0.6217494089834515,-2.281368821292781,-11.406844106463879
MALEKSPIN,2025-07-03,3.4188034188034218,2.6775656873965423,5.381165919282508,0.6504688714812658,3.539823008849545,False,0.6740947075208914,0.8264462809917326,19.834710743801658
MALEKSPIN,2025-07-20,2.5210084033613356,2.2096425007455363,6.4655172413793105,1.37653609395602,3.9301310043668223,False,0.6796657381615598,18.85245901639345,27.45901639344264
MALEKSPIN,2025-07-29,4.1841004184100425,4.844657408047564,4.700854700854707,1.2770961714984626,2.57510729613733,False,0.6935933147632312,20.48192771084338,34.93975903614459
MAMUNAGRO,2023-09-25,5.797101449275354,3.0739345794055364,9.629629629629635,1.0588639447385941,0.7299270072992805,False,0.15086206896551727,18.493150684931514,25.342465753424666
MAMUNAGRO,2023-09-26,4.109589041095888,4.577861822269319,8.888888888888884,1.3152768610643428,6.569343065693434,False,0.1767241379310345,15.131578947368427,18.421052631578952
MASTERAGRO,2023-11-28,3.305785123966945,5.606025571189624,7.017543859649113,1.049460300632656,-0.8196721311475381,False,0.31746031746031744,-2.4000000000000057,-6.400000000000006
MATINSPINN,2019-01-21,2.7247956403269753,2.8432499167602194,8.123249299719882,1.3555917193968348,-4.92227979274611,False,0.2820512820512825,-2.652519893899204,-3.978779840848806
MATINSPINN,2021-09-07,4.187604690117253,2.6979038674969256,7.843137254901958,0.7884417971197241,9.340659340659343,True,0.9453376205787782,-3.215434083601286,6.270096463022494
MATINSPINN,2021-09-27,7.011686143572613,3.775452732726937,8.07560137457044,0.6543589987936433,6.017699115044245,True,0.9873817034700314,11.856474258970373,-4.524180967238676
MATINSPINN,2022-01-05,4.464285714285714,2.5712315119067144,7.94824399260628,0.8930467633856853,-7.284768211920528,True,0.5962877030162412,15.213675213675224,19.65811965811966
MATINSPINN,2022-01-06,4.1025641025641,4.066666312936014,9.057301293900181,1.093301708684444,-5.0324675324675345,True,0.6519721577726217,7.3891625615763665,14.28571428571428
MATINSPINN,2022-04-20,3.8580246913580254,2.5904416004863187,6.230031948881787,0.9193306558657968,0.15455950540957392,True,0.7255319148936169,5.943536404160476,-2.2288261515601784
MATINSPINN,2022-06-27,3.1065088757396575,3.2430691781607695,6.231003039513691,0.9837647904262299,-1.1695906432748704,True,0.7222222222222222,-1.1477761836441853,15.064562410329984
MATINSPINN,2022-07-14,4.934687953555866,6.12535996662359,3.851851851851843,0.8560379845165054,1.9230769230769402,True,0.7742857142857141,8.852005532503467,9.128630705394203
MATINSPINN,2022-07-21,2.749638205499285,3.0223101175466383,8.968609865470851,1.6220464616454042,4.223227752639513,True,0.6654545454545453,15.774647887323948,11.408450704225343
MATINSPINN,2022-09-08,3.979460847240044,2.102414265445275,6.5721649484536195,0.7083812419133262,-2.9887920298879096,True,0.8354037267080746,-4.197530864197538,-4.197530864197538
MATINSPINN,2024-08-08,9.375000000000007,3.2330640555503205,8.612440191387563,0.6385047946247062,1.3574660633484033,False,0.22070844686648508,-4.897959183673466,-1.0204081632653061
MATINSPINN,2025-01-23,4.535147392290249,4.90448271031241,7.0588235294117645,0.9318233625068622,-3.076923076923074,False,0.5940721649484537,-3.2537960954446854,-2.386117136659439
MATINSPINN,2025-07-20,2.6086956521739193,3.1582977006772404,5.9360730593607345,1.9870398981290607,5.0228310502283176,True,0.8027210884353743,9.322033898305081,11.016949152542363
MATINSPINN,2025-07-30,5.319148936170213,2.6996538744655414,7.829977628635346,1.7142053208743682,3.982300884955746,True,0.8418367346938775,4.242424242424246,13.131313131313133
MATINSPINN,2025-09-18,3.6900369003690034,3.183565691934916,7.1428571428571495,0.5886343955267938,3.8314176245210727,True,0.9557823129251701,0.5338078291814896,-0.711743772242003
MBL1STMF,2019-06-10,3.030303030303033,3.425698883191302,4.687499999999997,2.8406847991800444,1.538461538461533,False,0.16129032258064513,2.941176470588238,7.352941176470589
MBL1STMF,2020-08-16,9.090909090909099,6.356405299791093,4.615384615384613,2.09951881822247,1.538461538461533,True,0.5625000000000001,-2.77777777777778,-2.77777777777778
MBL1STMF,2020-09-21,4.347826086956519,3.0596471818775317,7.462686567164178,0.5383919066589229,-5.479452054794513,True,0.5625000000000001,-2.77777777777778,-1.3888888888888962
MBL1STMF,2020-09-30,4.225352112676067,4.370304678321562,8.823529411764714,0.8351414908912259,2.898550724637671,True,0.6250000000000001,-4.054054054054063,-1.3513513513513586
MBL1STMF,2021-07-18,8.139534883720943,9.848327567178238,8.536585365853671,0.6426037242980136,2.3809523809523725,True,0.736842105263158,-7.526881720430119,-8.602150537634417
MBL1STMF,2022-03-09,2.631578947368424,3.223628111513415,9.589041095890414,0.684232990467829,-3.797468354430389,False,0.28571428571428564,1.282051282051289,0.0
MBL1STMF,2024-06-26,6.382978723404251,2.1973963826127374,8.888888888888896,0.3893254326824688,-17.543859649122805,False,0.2,-10.0,-14.000000000000004
MEGCONMILK,2021-08-09,8.666666666666671,2.50603894060583,9.154929577464795,0.6768113979053533,7.913669064748198,True,0.6923076923076923,29.447852760736197,52.14723926380368
MEGCONMILK,2023-05-23,9.797297297297291,10.830571304546938,4.545454545454535,5.30417150251453,3.4965034965034962,False,0.5714285714285714,-7.6923076923076925,-0.3076923076923121
MEGHNACEM,2019-01-09,4.712643686312783,3.746990725608179,8.414239487019987,0.7682305378146316,0.05476450761609191,True,0.34106753807091755,-6.366630087355896,-6.366630087355896
MEGHNACEM,2021-09-02,8.284023669642698,6.911675641250918,4.738760623631066,0.7954224709414248,4.064039410388626,True,0.9653226917489397,1.092896176706968,0.9836065566264417
MEGHNAINS,2024-02-05,2.525252525252525,2.8482014573639836,9.729729729729733,0.9084526796104002,5.882352941176478,False,0.36065573770491804,-6.89655172413794,-10.837438423645317
MEGHNAINS,2025-02-23,5.6910569105691,2.5326944240297853,7.346938775510208,0.7154110564553819,-6.818181818181808,False,0.625,-1.538461538461533,-1.538461538461533
MEGHNAINS,2025-02-25,2.69230769230769,3.5497980022564275,8.16326530612245,0.9409179706747233,-0.38314176245211273,False,0.641826923076923,-1.8726591760299627,-1.8726591760299627
MEGHNAINS,2025-03-13,4.15094339622642,4.216390986901161,6.7460317460317425,0.9343683277640569,6.0,True,0.7113402061855671,-7.246376811594203,-9.057971014492754
MEGHNAINS,2025-10-07,9.689922480620154,8.036868147860677,7.346938775510208,0.6104475210357576,-6.85920577617328,True,0.8788819875776397,-3.53356890459364,-5.30035335689046
MEGHNAINS,2026-01-13,2.8169014084507067,3.5225493993879105,8.39416058394161,0.9742200448143716,6.766917293233071,True,0.9605263157894737,4.794520547945213,2.0547945205479503
MEGHNALIFE,2019-06-19,8.62676057118302,5.274032529667173,8.571428587563771,1.7011699567506429,9.652509652792512,True,0.31839622646012816,-6.482982179707587,-16.693679091219465
MEGHNALIFE,2019-08-19,3.8461538508320943,2.480614260680603,7.09939145694469,0.760146846965451,-7.473309602373007,False,0.1367924529202563,-6.296296306013713,-5.925925928181753
MEGHNALIFE,2019-12-19,3.0674846601961017,3.2675205241581278,8.55949895742674,0.6437676917118007,-8.255159476052047,False,0.08009153319998796,0.39682540489299706,-4.761904758319167
MEGHNALIFE,2020-02-16,3.400000005565988,2.9613354943981487,8.510638281265283,1.2970991596299073,9.170305668413075,False,0.1652360514730194,-3.0947775763982053,-15.28046421923742
MEGHNALIFE,2020-09-14,9.893992932941167,6.380475828149096,7.407407392657754,0.7513365384251862,-7.2131147555262025,True,0.9035714282358164,9.003215434148998,-0.8038585067424614
MEGHNALIFE,2020-12-27,7.517482526684366,3.507852110763884,8.55614972490302,0.7838279181692094,-2.8862478826450304,True,0.5871121718506788,6.016260171364399,1.1382113743209725
MEGHNALIFE,2022-01-04,10.000000006027395,7.764050306707496,5.714285703959192,1.2304500203173772,-0.13679890425011806,True,0.5304200543420242,7.721046082191779,0.6226649999999968
MEGHNALIFE,2022-03-24,5.756358769668594,3.0901909055571095,8.848314595132798,1.0729471670610675,-1.9685039318360316,False,0.5101626017921996,-7.848101270687407,-8.734177211171291
MEGHNALIFE,2022-08-25,9.984399379562452,9.20489687799081,7.03999999977472,1.5522189660551642,2.724358964612601,False,0.18889085127481536,4.53900709368141,1.8439716283949619
MEGHNALIFE,2023-01-04,3.5493827160493785,2.3722260133255597,5.6000000000000005,0.7439687560186748,3.020667726550077,True,0.4535971222072224,31.296572280178843,33.38301043219077
MEGHNALIFE,2023-01-05,4.172876304023862,3.630851024351524,8.64000000000001,0.9047205614730729,5.0078247261345785,True,0.5643884891256536,29.18454935622316,27.467811158798266
MEGHNALIFE,2023-09-10,9.811827956989243,5.2805083196098686,7.428571428571433,0.8427518261461682,-7.231920199501244,True,0.2558668582642769,0.24479804161567056,-12.851897184822523
MEGHNALIFE,2023-10-22,9.403973509933767,3.840549764577547,9.38833570412519,0.43340062608727764,-13.218390804597702,True,0.26552179656538966,-3.8740920096852163,-12.106537530266346
MEGHNALIFE,2023-12-04,5.922865013774121,3.139266755294346,9.343065693430665,0.8807203867292266,-9.47630922693268,False,0.19022457067371212,-1.560468140442136,2.600780234070221
MEGHNALIFE,2024-01-09,3.071253071253071,4.131082736691743,8.020698576972837,1.5266972398692669,4.492939666238768,True,0.2779255319148937,5.244338498212147,5.840286054827164
MEGHNALIFE,2025-02-03,4.590818363273447,5.866017452623084,8.571428571428577,1.0835200594641399,-6.877323420074342,False,0.5539112050739958,-0.38167938931296896,0.0
MEGHNALIFE,2025-02-04,4.770992366412214,5.998306647516712,7.5510204081632715,1.5173339776887644,-2.9629629629629655,False,0.580338266384778,-2.003642987249547,-6.193078324225863
MEGHNALIFE,2025-03-11,4.8828125,2.1227248350157657,7.72277227722772,0.5673582628495064,-5.009276437847858,False,0.6172413793103448,1.1173184357541792,-3.910614525139667
MEGHNALIFE,2025-04-08,3.696857670979667,3.02433238829807,8.527131782945734,1.435935057919347,3.6398467432950166,False,0.677536231884058,-10.516934046345808,-13.01247771836008
MEGHNALIFE,2025-07-02,4.444444444444445,5.051765879982997,6.605922551252845,1.1631863152604627,-0.8810572687224639,False,0.5703883495145631,7.87234042553192,17.446808510638302
MEGHNALIFE,2026-01-05,2.7888446215139413,2.867141782223768,8.31556503198294,0.6505735414221887,3.9337474120082936,False,0.7020408163265306,3.48837209302325,4.26356589147286
MEGHNALIFE,2026-01-18,3.6893203883495116,2.1300829726913326,6.200000000000003,1.5633742509765718,4.462474645030432,True,0.7265306122448979,2.621722846441945,6.554307116104869
MEGHNAPET,2024-02-15,5.099150141643072,4.71971482687985,8.814589665653491,1.4492315830726086,-2.2160664819944715,True,0.3868312757201647,-3.234501347708903,-10.78167115902965
MERCANBANK,2019-01-20,4.794520555548303,2.308374505114949,7.913669077929589,1.7156658250217458,-1.2352941397580923,False,0.2736631583217225,-5.22875817784699,-11.764705900155718
MERCANBANK,2019-05-19,3.2000000059270373,2.2724743475676337,7.500000014470311,1.024940307469264,8.695652158594754,False,0.22727272726475464,6.976744198568159,-2.3255813995227093
MERCANBANK,2019-07-31,3.22580645763594,2.7259046160302893,9.649122793210847,0.9506078190635744,-0.8000000014817633,False,0.2121212120786917,-4.687500008478702,-10.156249991238687
MERCANBANK,2019-09-23,5.555555554364568,3.402411743574671,9.345794365425492,0.9367563169948852,-12.195121936528254,False,0.09589041101321175,-2.6315789417566577,-3.5087719257270855
MERCANBANK,2019-11-26,2.7272727213411057,3.573289058454885,6.422018317054924,1.1165454304009041,-1.7857142886674182,False,0.10789679423274219,1.7699115075071745,1.7699115075071745
MERCANBANK,2019-11-28,5.30973449178815,2.418393557958112,6.422018317054924,1.3270981154334989,1.8018017943793287,False,0.22276029003449493,-3.3613445151711066,11.764705905242211
MERCANBANK,2019-12-01,7.5630252247985625,7.316448367166814,9.174311899713466,1.456647994616318,7.2072071775172954,True,0.38983050820504817,-10.156249991238687,0.7812500014131036
MERCANBANK,2020-02-16,7.258064529680848,2.6489679770066505,9.649122793210847,1.0031682316300272,6.896551737902788,True,0.49999999955475977,-12.030075208911757,-21.804511272632826
MERCANBANK,2020-08-05,2.8301886735541992,3.215745981100222,0.0,2.382520121205268,0.0,False,0.3074468083966574,12.844036749677015,11.009174320742165
MERCANBANK,2020-08-09,4.629629668288961,15.75317576396856,3.773584901539253,3.076196946301901,1.8867924455691636,True,0.3968085113732771,5.309734442473952,5.309734442473952
MERCANBANK,2020-09-13,4.918032721701164,2.4467567624072646,7.758620683919809,0.8070721505532878,3.3898304942222097,True,0.7661469927758515,-2.3437499703918574,-1.5624999515502982
MERCANBANK,2021-03-14,3.9062500080749447,5.480499332118197,5.691056863930199,1.273139474768803,2.3999999689536122,True,0.8075356415202511,3.007518786396916,-15.789473649307483
MERCANBANK,2021-08-17,3.773584896938413,2.4363252138645684,9.27152315624315,1.2747118998311737,9.655172389322237,True,0.969718817643045,-3.6363636282644634,-3.030302991735541
MERCANBANK,2021-10-07,5.161290310343394,4.3958657884193855,4.57516342201717,0.9076206025145062,-3.726708066027546,True,0.9385515728886027,-3.6809815867928792,3.067484687869319
MERCANBANK,2021-10-27,5.696202483275922,6.1496917586014455,5.161290310343394,0.66428673441521,1.2820512785996059,True,0.970191623795614,1.1976048506579597,10.179640727598693
MERCANBANK,2021-10-28,2.9940120008964084,3.734540801462203,9.032258110842868,1.1112844491582463,5.696202483275922,True,0.972258916838316,-0.5813953168942594,4.6511627793401855
MERCANBANK,2021-11-15,5.263157849492144,3.910985239208655,7.92682928000446,0.7763099766639143,8.227848112622187,True,0.9512761021831277,0.5555555834259233,-1.111111108518529
MERCANBANK,2022-03-13,3.4482758537455527,3.0847762667397687,9.937888241290842,0.8902221042562539,-2.793296111341737,True,0.7575057736626468,-3.3333333255555666,-11.916666651986114
MERCANBANK,2022-08-28,4.285714285714283,2.5675652570282748,5.072463768115937,0.8469941534834398,2.1897810218978155,False,0.20887528704445296,-1.3698630136986254,-6.164383561643838
MERCANBANK,2024-02-11,4.615384615384613,5.011033486846578,9.999999999999993,1.5899675683283405,-2.255639097744366,True,0.8214285714285714,-6.6176470588235325,-8.823529411764701
MERCANBANK,2024-03-21,4.0650406504065035,2.519749597258408,6.7796610169491425,0.4763018390618766,-4.651162790697672,False,0.5555555555555557,-3.90625,-14.062500000000005
MERCANBANK,2024-05-07,2.6086956521739193,2.2651645475651243,4.545454545454546,1.1772785722971382,-5.737704918032781,False,0.2666666666666669,-21.1864406779661,-22.881355932203398
MERCANBANK,2024-08-01,3.030303030303019,2.0824161988362766,4.1666666666666705,0.6082895448549432,1.0204081632653024,False,0.7338129496402876,10.784313725490211,12.745098039215694
MERCANBANK,2024-08-06,6.060606060606057,3.127062612913324,7.2916666666666785,0.8562090524057906,1.0204081632653024,False,0.7553956834532374,4.761904761904762,8.571428571428575
MERCANBANK,2024-09-26,2.7777777777777675,2.2638804127715053,7.4766355140186995,1.0042832940886313,-3.5714285714285587,False,0.7985611510791366,-8.10810810810811,-12.612612612612617
MERCANBANK,2024-10-23,4.040404040404043,4.894849871901059,6.122448979591832,0.6122884830336333,-9.999999999999996,False,0.7410071942446044,-2.9126213592233077,-1.9417475728155442
MERCANBANK,2024-11-05,4.0816326530612095,3.090121357942594,9.375000000000004,3.6388780466723247,-4.854368932038835,False,0.7338129496402876,-0.9803921568627416,-2.9411764705882253
MERCANBANK,2025-07-23,6.024096385542168,5.3885507776065165,6.17283950617284,1.3571566406969262,7.792207792207799,False,0.6821705426356589,7.954545454545446,3.409090909090897
MERCANBANK,2026-01-04,5.263157894736848,5.488929514387215,5.479452054794526,1.3616706464767474,-3.797468354430389,False,0.7339449541284403,-2.500000000000002,-1.2499999999999956
MERCANBANK,2026-02-10,4.938271604938276,3.7631246023072205,6.493506493506482,0.889938287460712,2.531645569620244,False,0.7798165137614679,5.88235294117647,1.17647058823529
MERCINS,2019-10-15,10.038610038610045,7.810166589310413,9.426229508196725,0.9345106771493151,1.968503937007874,True,0.49677419354838714,7.368421052631584,25.614035087719287
MERCINS,2020-07-16,4.471544715447146,2.5993277590982062,5.6910569105691,7.664871928930815,0.0,False,0.19230769230769235,12.062256809338527,21.01167315175098
MERCINS,2020-07-29,9.881422924901186,3.0359135840402622,7.723577235772352,2.0755573055638408,2.84552845528455,False,0.32692307692307704,16.187050359712217,0.35971223021581966
MERCINS,2021-09-01,3.888888888888892,2.285444948844292,9.33333333333333,1.227780450118526,-6.735751295336785,True,0.8140161725067386,-3.5650623885918007,-4.278074866310158
MERCINS,2022-11-02,4.658385093167702,3.577880425370998,5.6074766355140095,1.0386013662657192,0.31152647975078324,False,0.1312217194570137,-4.74777448071217,-4.74777448071217
MERCINS,2023-12-13,9.235668789808914,14.136647381242387,6.209150326797381,0.819977899781333,-3.680981595092033,True,0.3708609271523178,-4.081632653061221,3.790087463556864
METROSPIN,2019-01-24,4.819277108890977,2.5981721962485964,7.499999994421878,0.8463208883926562,3.75000000377344,False,0.16384345811566844,-12.643678165081248,-8.045977015239787
METROSPIN,2019-06-16,4.000000003920003,4.622070134297512,8.571428564571418,1.0043527236572858,5.6338028175262735,False,0.3122448982275655,-5.128205128550299,-1.2820512922337293
METROSPIN,2019-07-02,9.459459449488682,10.404264058501663,9.589041101210348,1.21557561412851,5.714285714714275,True,0.40568181841185813,-7.4074074021262035,-8.641975300320077
METROSPIN,2019-08-22,3.8961039001770974,2.366351816526878,8.219178090861316,0.6392806161322786,2.6666666599466673,True,0.48803827758919544,-13.750000005085933,-20.000000002624997
METROSPIN,2020-07-08,3.5294117683391137,18.848867626658368,0.0,21.1197237745347,0.0,True,0.6999999994225001,5.681818179513163,0.0
METROSPIN,2020-07-20,7.058823536678204,15.329406654753733,7.058823536678204,24.889778057178667,0.0,True,0.74999999943125,-6.5934065997464115,-5.49450550363482
METROSPIN,2020-08-16,4.651162791549488,3.8173727866487615,5.882352938996553,1.9409998163810536,1.1764705853287312,True,0.7333333326450001,-5.555555553611124,-1.1111111083888994
METROSPIN,2020-09-13,5.813953498593827,3.4217150820478874,4.705882353667823,0.5883295149139247,0.0,True,0.74999999943125,-5.49450550363482,-6.5934065997464115
METROSPIN,2020-12-08,3.5294117683391137,10.919245703479596,2.352941183010383,1.352999743552643,0.0,True,0.6999999994225001,-2.272727278964361,5.681818179513163
METROSPIN,2020-12-10,6.741573040600938,8.249751327521501,7.058823536678204,2.753591831290079,4.705882353667823,True,0.81666666605125,-6.315789479734075,2.105263152542937
METROSPIN,2023-01-11,3.0373831775701037,3.0106287133587437,7.506053268765137,0.49548644982547907,-4.464285714285714,True,0.765186246504415,11.79138321995464,-4.3083900226757335
METROSPIN,2023-01-12,3.401360544217687,2.739919853257602,8.474576271186441,0.6820248262364335,-0.2262443438914059,True,0.8103151863434865,4.166666666666663,-5.482456140350877
METROSPIN,2025-02-06,9.999999999999993,3.2612013797383534,6.956521739130441,0.6338050161854265,0.8403361344537785,False,0.5217391304347826,-0.7575757575757549,9.090909090909099
METROSPIN,2026-01-27,3.797468354430366,3.6717258666120802,6.666666666666667,1.0188988756017583,-5.952380952380952,False,0.5324675324675324,12.195121951219514,0.0
MHSML,2019-01-01,3.2520325203251916,2.0082144462138545,8.771929824561402,0.4867766934753012,5.12820512820514,False,0.23349999969339996,15.748031496062993,21.259842519685048
MHSML,2020-08-09,6.410256410256422,3.714454687588497,5.1282051282051215,6.3562930690502215,0.0,False,0.3428571428571429,4.819277108433717,14.457831325301196
MHSML,2020-08-16,9.876543209876552,4.835352863307242,8.974358974358978,5.673690952664692,3.8461538461538445,False,0.42857142857142855,-1.1235955056179736,5.617977528089887
MHSML,2020-10-07,4.444444444444448,2.5643031212761276,8.045977011494266,0.8837299963775205,-5.263157894736842,True,0.5,-4.255319148936174,3.1914893617021165
MHSML,2020-10-27,5.555555555555555,2.931020085357007,5.74712643678161,1.091666073520245,-1.098901098901095,True,0.6,10.526315789473683,30.526315789473692
MHSML,2021-04-29,3.6231884057971016,5.457794316994096,8.527131782945734,1.7400874899932581,8.661417322834657,True,0.7450980392156864,21.678321678321662,20.279720279720266
MHSML,2021-08-05,3.7837837837837798,2.664594098658518,7.77777777777777,0.5690146614529411,-2.631578947368421,True,0.826086956521739,10.416666666666668,25.000000000000007
MHSML,2022-06-26,6.761565836298927,4.578987221498884,5.434782608695652,0.9712504016923231,2.5547445255474557,True,0.5593220338983051,-2.9999999999999956,-10.0
MHSML,2024-07-02,3.205128205128217,2.2643188037221926,7.382550335570468,0.5836808389776794,-3.7037037037037015,False,0.09523809523809533,6.211180124223602,0.0
MHSML,2025-01-23,3.7593984962406015,4.592189474205775,6.106870229007639,0.9998229308684387,-8.275862068965512,False,0.5207547169811321,1.4492753623188355,5.072463768115937
MHSML,2025-02-05,3.7593984962406015,2.6564503729367965,8.333333333333345,1.64066454813536,-1.481481481481476,False,0.5207547169811321,2.898550724637671,4.347826086956519
MHSML,2025-07-07,3.6231884057971016,2.272127051853501,9.302325581395344,0.9404200021324934,2.2222222222222276,True,0.6529680365296805,7.69230769230769,10.48951048951049
MHSML,2025-07-13,3.546099290780142,3.60645128987064,9.090909090909099,1.43363198501213,0.0,True,0.6666666666666667,2.0547945205479503,6.164383561643838
MHSML,2025-08-24,5.1282051282051215,2.8682378281302965,7.999999999999995,0.5933397158712478,-1.8867924528301931,True,0.7488584474885844,10.975609756097567,6.70731707317074
MHSML,2026-01-12,5.109489051094899,3.3899836976754574,6.060606060606066,0.9042679767140156,-4.861111111111118,False,0.72,7.638888888888887,24.999999999999996
MIDASFIN,2019-01-02,6.694560688123581,2.7888015449058683,9.60698686264721,0.6543638795700443,-4.400000004306634,False,0.2359249330109499,5.098039216323108,5.098039216323108
MIDASFIN,2019-04-02,5.347593619005546,2.6185288569717726,7.5675675960010205,0.5738116503607016,-15.000000014117054,False,0.062411347813292925,-17.25888328580992,-21.31979697538837
MIDASFIN,2019-05-19,6.96202532184676,2.4495920268428755,9.933774831258816,0.8192074079623584,-1.863353998526585,False,0.16589861787207413,24.85207096822031,14.201183375407384
MIDASFIN,2019-11-26,3.8461537910221812,2.7254211712814596,9.374999962088003,0.838125225242637,-4.411764689090874,False,0.11340206149257888,-0.7407406998419794,3.7037037292654307
MIDASFIN,2019-11-28,7.407407458530861,4.155061680805072,9.374999962088003,0.9151475065391471,2.2727272246009864,False,0.16494845361374877,-6.89655176845303,1.3793103394112969
MIDASFIN,2020-12-03,5.806451621311141,2.248804839080674,8.16326529069831,0.5813697271031387,-6.626506020431113,True,0.7432915919221532,-7.317073160217147,23.780487816894684
MIDASFIN,2021-09-19,8.212560403916077,3.6042196452654975,9.500000005050005,0.72189469122801,0.0,True,0.6911764705991565,10.714285743271677,-7.589285729181282
MIDASFIN,2021-12-07,4.371584711215627,2.613838805094012,8.187134479781811,0.6612243072246486,8.92857139743834,False,0.3951612905327784,-11.518324597363014,-7.329842911172937
MIDASFIN,2022-02-08,3.5714285349277146,2.8734530547857315,4.878048794006526,0.6766239673572326,-3.448275828042008,False,0.2758620686953032,-7.471264352137003,-12.643678152246007
MIDASFIN,2022-08-04,4.379561998593432,2.4736978210207003,8.527131774448653,1.070135098370564,-2.83687940417484,False,0.15441176458574826,-2.7972027695437425,0.0
MIDASFIN,2023-12-13,7.766990291262125,8.83330340130331,4.0000000000000036,0.6256995036527183,3.000000000000007,True,0.36363636363636354,-2.7027027027026933,18.01801801801802
MIDLANDBNK,2024-07-04,4.70588235294118,2.5787136987155757,8.125000000000004,1.0968320561043738,3.0303030303030303,True,0.9621621621621622,25.280898876404496,29.21348314606741
MIDLANDBNK,2024-10-06,4.912280701754381,2.0209831012731603,9.737827715355811,0.7883767837963294,2.8880866425992804,True,0.9900662251655629,3.3444816053511706,10.367892976588635
MIDLANDBNK,2025-01-05,9.493670886075948,3.4130739719496512,6.578947368421052,0.6109227798191871,-9.195402298850563,True,0.9611111111111111,-27.745664739884397,-19.075144508670526
MIDLANDBNK,2025-09-15,9.890109890109894,5.657069772360245,8.426966292134832,0.6860060004726533,-9.45273631840797,False,0.5540166204986149,-1.9999999999999927,4.499999999999993
MIDLANDBNK,2026-02-02,8.670520231213873,10.212764871550783,5.357142857142849,0.9229588168232068,-2.2598870056497096,False,0.6103896103896104,-5.8510638297872415,-12.234042553191493
MIRACLEIND,2020-07-16,7.514450867052027,10.287106329852882,9.883720930232554,10.749530434903921,0.5813953488372177,False,0.2575757575757577,10.215053763440851,7.526881720430099
MIRACLEIND,2022-02-20,2.85714285714286,4.411479717090852,7.299270072992702,0.8412127009623825,-4.761904761904757,False,0.2184873949579832,-9.722222222222223,-5.902777777777775
MIRACLEIND,2022-04-28,3.8910505836575875,4.9168885388932635,9.128630705394187,0.6117822363563533,-5.166051660516613,False,0.13025210084033606,-8.239700374531832,3.7453183520599254
MIRACLEIND,2022-08-30,3.1976744186046555,3.358416157011442,4.411764705882353,1.225643857653926,2.9940119760479043,True,0.4978902953586498,-4.225352112676056,-3.380281690140853
MIRACLEIND,2022-09-19,9.999999999999996,4.140598502164593,3.8235294117646976,0.6843146746247387,-0.29325513196481356,True,0.7405405405405404,-4.812834224598923,-7.486631016042773
MIRACLEIND,2023-03-29,9.836065573770501,8.451894266509626,4.918032786885258,0.7231338027961736,-1.2145748987854281,False,0.19135802469135813,-7.835820895522392,-4.850746268656718
MIRACLEIND,2023-03-30,4.104477611940291,3.4801856731724676,9.836065573770501,1.4916749473446171,9.387755102040819,False,0.25925925925925924,-11.46953405017921,-6.451612903225796
MIRACLEIND,2023-04-27,3.187250996015925,2.2694983084053804,7.786885245901648,1.148203364527791,2.4489795918367405,False,0.13580246913580243,20.463320463320468,24.710424710424704
MIRACLEIND,2023-07-12,5.479452054794526,2.359187704680966,8.99653979238755,0.766175005523828,-5.501618122977344,True,0.42405063291139244,13.636363636363633,7.1428571428571415
MIRACLEIND,2023-07-16,9.836065573770492,2.0022651072561928,8.650519031141869,1.0283070805436059,0.3289473684210573,True,0.5949367088607596,1.4925373134328357,-5.373134328358211
MIRAKHTER,2022-07-05,5.330882352941174,6.400249488839215,7.196969696969706,0.9399308432471439,-3.030303030303035,False,0.11173184357541899,-8.900523560209415,-9.773123909249554
MIRAKHTER,2022-08-25,3.6821705426356557,3.3368700346008118,4.911591355599215,1.108400954035838,0.7812499999999972,False,0.07649253731343286,1.1214953271028065,22.24299065420562
MIRAKHTER,2022-08-28,4.859813084112153,6.879899138266686,7.858546168958743,1.4123274876697476,3.6821705426356557,False,0.12500000000000006,-2.4955436720142576,9.090909090909092
MIRAKHTER,2022-09-21,9.927797833935019,5.236122896780964,8.097928436911483,0.7677460614312399,5.523809523809521,True,0.22286821705426357,-6.239737274220028,-16.58456486042693
MIRAKHTER,2023-06-04,9.84251968503937,18.462434890644783,3.1496062992126013,1.810923819441482,0.0,True,0.34594594594594574,-8.960573476702509,-4.480286738351254
MIRAKHTER,2023-06-05,7.526881720430113,8.506842845308158,9.84251968503937,3.637742020498299,9.84251968503937,True,0.5729729729729728,-14.166666666666666,-12.833333333333337
MIRAKHTER,2023-07-19,2.5974025974025947,2.4327485380116958,9.374999999999995,1.0355228056012586,6.102362204724413,True,0.3189189189189187,-6.50994575045207,-8.1374321880651
MIRAKHTER,2024-08-06,9.836065573770496,3.1939373222914496,8.938547486033528,0.30071843525665753,-2.1390374331550728,False,0.7191413237924866,13.930348258706452,10.945273631840791
MIRAKHTER,2025-02-11,9.77198697068405,5.869315676772299,10.0,2.784541223129979,3.7162162162162087,False,0.641904761904762,-1.1869436201780583,-4.451038575667655
MIRAKHTER,2025-06-26,5.179282868525885,2.865821553224536,8.333333333333332,0.9048310389444867,-1.1811023622047132,False,0.5136186770428015,3.030303030303033,3.787878787878788
MIRAKHTER,2025-08-06,4.964539007092206,4.121395081423421,5.925925925925931,0.8520106287494803,4.059040590405896,False,0.575875486381323,-4.054054054054063,10.135135135135135
MIRAKHTER,2025-08-25,6.944444444444445,4.710514493670239,8.088235294117645,0.9590463663953163,3.2258064516129106,True,0.5992217898832685,11.038961038961045,-1.2987012987013056
MIRAKHTER,2026-01-28,5.4945054945054945,17.52813551796071,4.5112781954887184,1.0757242676747185,0.7380073800737981,True,0.782608695652174,4.513888888888892,-1.7361111111111112
MITHUNKNIT,2022-07-17,10.000000000000009,4.420012278203909,9.67741935483871,1.1490124674720528,5.263157894736848,True,0.45283018867924535,9.659090909090905,6.818181818181814
MJLBD,2019-01-14,2.7833001988071686,3.349138582992198,6.020408163265312,1.5067787778709831,7.593582887700529,True,0.6450122322859609,-1.4506769825918762,-1.5473887814313427
MJLBD,2019-06-27,2.850627137970353,3.670526970643735,5.854800936768149,1.672190046614184,2.813599062133653,False,0.2651162790697676,-1.1086474501108647,-2.6607538802660815
MJLBD,2020-01-20,8.071748878923755,2.1248940245178263,9.67741935483871,0.8320409480075552,-2.0497803806734867,False,0.23409090909090902,6.224066390041494,11.618257261410797
MJLBD,2021-09-07,4.800817160367711,6.549975415005687,7.282608695652177,0.9235551992596293,9.507829977628635,True,0.8850267379679142,-2.63157894736841,0.1949317738791451
MJLBD,2021-09-30,4.396728016359916,2.1110996437535157,4.634397528321318,0.735639152481828,3.9319872476089297,True,0.8716577540106949,-0.9794319294809012,-4.309500489715957
MJLBD,2021-10-03,4.211557296767886,2.5704993166070342,6.632124352331611,0.8498991708174429,6.9109947643979,True,0.9584415584415585,-7.988721804511279,-8.270676691729333
MJLBD,2021-12-02,9.63995354239258,2.9946824853282896,8.588235294117643,0.5142855703819535,-9.748427672955987,True,0.5354838709677421,-5.5084745762711895,-6.7796610169491585
MJLBD,2022-01-06,4.223744292237446,3.4575448488277645,5.1461988304093635,1.0924926650711402,-4.9891540130151935,True,0.41469194312796204,3.066812705366919,-0.2190580503833547
MJLBD,2022-01-11,3.6756756756756817,4.6753718777866,7.888631090487236,1.838236862825847,1.6483516483516485,True,0.5236966824644551,-4.171011470281543,-1.876955161626706
MJLBD,2022-09-07,5.222222222222225,4.300729826199758,4.431818181818188,1.8154056824720708,2.857142857142857,True,0.36795252225519304,-5.1742344244984215,-5.385427666314687
MJLBD,2025-01-29,5.145413870246078,5.59205830737323,6.749156355455567,0.8147204549899978,-4.994686503719436,True,0.8785046728971962,5.106382978723401,0.1063829787233982
MJLBD,2025-08-03,7.780082987551867,12.628287039921661,6.659505907626212,2.8870793114214934,4.216216216216222,True,0.9710280373831777,-3.6573628488931775,-5.967276227141484
MJLBD,2025-09-08,3.3266129032258034,6.830957068568853,5.274043433298856,1.068651565926701,1.1213047910295704,True,0.9579439252336449,-6.048780487804881,-6.4390243902438975
MLDYEING,2020-08-13,2.9940119760479043,2.0619436461602216,6.599999999999994,0.8838752672026684,-2.3391812865496995,True,0.6753437213654809,-3.1007751937984525,-3.1007751937984525
MLDYEING,2020-08-16,8.527131782945734,4.701631893090632,6.599999999999994,1.0832787139273676,3.200000000000003,True,0.7681026581182007,-10.714285714285714,-10.714285714285714
MLDYEING,2021-12-09,7.228915662650606,2.1442741133776977,7.627118644067784,0.9255674803292523,0.8097165991902806,False,0.12075471698113205,-13.85767790262172,-10.861423220973778
MLDYEING,2022-06-27,4.932735426008959,4.860445655104864,5.990783410138252,0.9335412005463294,5.687203791469191,False,0.24840764331210177,7.692307692307695,4.273504273504273
MLDYEING,2024-07-04,7.964601769911492,4.062177361866886,6.422018348623847,1.0759392863055577,1.8018018018018116,False,0.0999999999999999,-8.196721311475411,12.295081967213116
MLDYEING,2025-02-02,9.09090909090908,3.7724554664845122,5.681818181818182,0.7216727683856704,0.0,False,0.3870967741935484,10.416666666666668,16.666666666666664
MLDYEING,2025-06-02,6.097560975609757,6.730103119055846,8.749999999999991,1.4916142747177006,-11.827956989247326,False,0.5878378378378377,3.4482758620689737,8.045977011494266
MLDYEING,2025-06-04,5.813953488372093,5.2976651200139075,8.749999999999991,2.5212803944393056,0.0,False,0.6148648648648648,0.0,2.19780219780221
MLDYEING,2025-07-15,4.301075268817189,2.063771163610361,8.791208791208799,2.0356748350850844,2.19780219780221,True,0.6554054054054054,0.0,-4.123711340206171
MONNOCERA,2019-06-17,5.344202935508728,2.571868339071979,8.36057918418693,0.7610116864641472,-6.242038233280602,False,0.3800793302211856,-14.359415319355238,-35.59759243860756
MONNOCERA,2020-07-26,3.785488958990534,5.477198683950886,4.574132492113563,18.648275215350914,0.0,False,0.2345323741007194,5.395136778115497,-1.4437689969604908
MONNOCERA,2020-08-04,4.091266719118818,2.456943919684784,5.520504731861211,2.120285027587542,0.23659305993690627,False,0.23956834532374108,0.982615268329541,-0.22675736961452106
MONNOCERA,2020-08-10,4.600301659125185,2.806152479970452,6.466876971608835,2.022165564372126,4.574132492113563,True,0.3258955224367008,-6.488824801730354,-7.065609228550818
MONNOCERA,2020-09-14,5.57275541795667,3.3559136287790943,8.560311284046692,0.9088556125173296,-4.508499630450866,True,0.30701492541895753,4.178885630498526,-2.4193548387096855
MONNOCERA,2020-09-15,7.331378299120233,3.9435401742665945,6.614785992217899,1.151729643952428,1.943198804185347,True,0.38910447767001566,-5.327868852459024,-7.718579234972685
MONNOCERA,2021-08-09,9.934853420195443,4.598023808449559,8.564013840830455,0.9780699743809903,1.6556291390728477,True,0.5275590551181102,0.14814814814813973,24.666666666666675
MONNOCERA,2022-01-11,4.052863436123343,3.958205903502768,4.882459312839065,0.9150468102877103,-7.043407043407039,False,0.20621118012422354,-4.064352243861133,-5.249788314987289
MONNOCERA,2022-02-13,3.237095363079617,3.317350432470105,4.166666666666662,0.6563996091990223,-4.590984974958264,False,0.20496894409937888,-4.406779661016952,-6.3559322033898304
MONNOCERA,2022-08-23,3.257650542941754,7.400314483227561,4.800817160367711,0.9570458235507768,0.0,False,0.11845102505694752,-1.8164435946462634,-1.1472275334607922
MONNOCERA,2022-09-19,2.9779058597502486,2.2794330386965886,9.897959183673473,0.7981231983549476,5.257836198179968,True,0.14806378132118453,-7.089552238805978,0.09328358208954693
MONNOCERA,2022-10-06,4.422110552763825,2.3309021880307723,8.611955420466058,0.9098763374573495,-3.1158714703018524,False,0.13896848137535822,-5.004812319538019,10.202117420596721
MONNOCERA,2022-10-10,9.528392685274294,9.117289058844081,8.611955420466058,1.0338511541537148,2.5666337611056353,True,0.3121019108280254,-13.444639718804918,-3.5149384885764503
MONNOCERA,2023-05-18,7.1022727272727275,4.998876331195286,6.547619047619056,1.111451877077179,3.0243902439024333,True,0.3519553072625696,-0.8841732979664014,-2.8293545534924744
MONNOCERA,2023-06-11,8.018018018018024,2.7833645207200903,8.776844070961724,0.6645016443773606,5.916030534351148,True,0.4666666666666667,-7.089241034195163,-10.67556296914096
MONNOCERA,2023-11-19,3.0126336248785175,12.348868664941136,6.945863125638403,52.10598505847388,5.107252298263534,True,0.1619999999999999,6.226415094339617,-2.07547169811321
MONNOCERA,2024-01-16,3.9100684261974585,2.348943638735909,8.27374872318692,0.4808628528706942,-5.452865064695015,True,0.31460674157303353,-12.135465663217301,-13.170272812793979
MONNOCERA,2025-05-04,3.229665071770339,3.096714563973101,5.454545454545454,1.1439995428176535,-0.2386634844868769,True,0.8544554455445544,-13.673232908458862,-14.484356894553882
MONNOCERA,2025-08-17,5.6737588652482405,2.1456184980817956,9.333333333333336,0.6004886134261984,-8.737864077669911,True,0.8851485148514852,1.2304250559284053,2.2371364653243844
MONNOCERA,2025-09-03,5.349344978165945,4.272571527832728,9.512761020881673,1.4424847252720394,3.2694475760992012,True,0.9747474747474747,-5.077720207253892,-10.051813471502594
MONNOCERA,2026-02-08,4.1249999999999964,3.606041073225522,5.167958656330749,0.7822307252593974,-2.9126213592233077,True,0.8166666666666667,5.402160864345738,-3.3613445378151225
MONNOFABR,2022-08-21,10.0,5.94864364941102,4.564315352697086,1.1234363697756082,1.2145748987854281,True,0.6709677419354838,-10.181818181818185,-12.363636363636358
MONNOFABR,2022-09-25,3.319502074688785,3.1178226656698302,1.2448132780082868,0.09373194547019675,-5.490196078431367,True,0.5492957746478871,-3.2128514056224784,-3.2128514056224784
MONNOFABR,2025-01-13,9.937888198757749,5.364841222866461,6.9182389937106885,0.6026395302771438,-9.550561797752804,False,0.5190615835777126,-6.779661016949149,-5.649717514124294
MONNOFABR,2025-02-20,4.819277108433717,3.178851567644967,7.3170731707317245,0.7229948481555457,0.0,False,0.5102639296187683,-4.597701149425271,-4.597701149425271
MONNOFABR,2025-07-14,2.919708029197083,2.4723490018822747,7.518796992481203,1.6451975216459647,4.580152671755722,False,0.5340909090909091,-0.7092198581560258,0.0
MONNOFABR,2025-08-19,6.164383561643838,3.941728756951644,6.4748201438848945,0.8282684832197271,0.6896551724137907,True,0.5871212121212122,31.612903225806445,36.12903225806453
MONOSPOOL,2023-03-30,6.587072894737512,2.0472787272310944,9.025423747674873,0.6832790142033692,-7.112810704448886,True,0.4226581430961075,7.493240616841527,20.084974859778292
MONOSPOOL,2023-10-17,6.038461506763322,3.0097265263720803,9.958333320003465,0.8143830611037787,3.750997629988108,True,0.2953982786087419,13.565469715424793,12.00580341487208
MONOSPOOL,2025-02-10,6.1446977205153495,2.2696649590655484,7.669021190716458,0.6867515228685026,-5.169172932330826,False,0.4341305229023105,-4.295051353874879,-2.801120448179272
MONOSPOOL,2025-03-02,2.6692087702573852,2.317026753042174,5.784313725490202,0.9093554942945886,2.0428015564202417,False,0.4435749588138385,-5.4781801299907205,-13.184772516248842
MONOSPOOL,2025-07-08,5.006105006104999,4.551365991985511,9.986859395532207,1.5090687011029797,8.620689655172413,False,0.43434343434343436,22.674418604651162,28.02325581395348
MONOSPOOL,2026-02-16,4.727646454265169,5.498363508810312,5.686695278969954,1.1298203490520091,2.96296296296296,True,0.3334424083769633,-5.299313052011781,-9.715407262021595
MOSTFAMETL,2023-11-27,4.605263157894744,2.3819086953012456,8.666666666666671,1.2053328116419673,-7.878787878787883,True,0.41237113402061853,3.1446540880503036,-5.031446540880507
MPETROLEUM,2019-01-13,2.864197530864203,3.8918187089821727,8.983957219251343,1.3369436584387406,6.973058637083987,True,0.9794721407624637,4.224675948151696,8.641382621219394
MPETROLEUM,2020-09-09,2.9733959311424187,4.463258172152503,8.612177729018097,1.6274357240869726,9.982788296041296,True,0.8919226393629124,1.4184397163120481,-1.3677811550152061
MPETROLEUM,2020-12-15,4.1118421052631575,3.1145536280921755,3.4097261039686946,1.7704986525605744,1.4460511679644017,True,0.7791208791208791,4.265402843601892,6.951026856240119
MPETROLEUM,2021-01-17,3.6927621861152145,2.88344108404996,5.397148676171076,1.347165491985495,6.951026856240119,True,0.96522655426765,-14.055080721747387,-17.14150047483381
MPETROLEUM,2021-08-03,3.5356200527704424,2.651818628410303,5.121293800539084,0.9441172812508529,3.382433169667206,True,0.677248677248677,1.1213047910295704,4.2303771661569884
MPETROLEUM,2022-01-11,4.287756074321105,8.693047181200857,8.659793814432994,4.008182857224677,6.982670744138643,True,0.9782971619365612,-11.603471904979445,-9.91320237551394
MPETROLEUM,2024-11-06,2.679830747531743,2.2428069576319447,8.484848484848492,0.7350072406125581,4.264705882352936,True,0.486873508353222,-0.9157509157509158,-0.7783882783882862
MTB,2020-02-16,3.082191784073008,9.6466773985807,9.187279148338098,1.1564809402173792,8.14814812660081,True,0.6595744682158218,-11.960132902603727,-19.60132891092097
MTB,2021-05-05,3.8251365729344076,2.1428736164935325,9.714285679444908,12.605504951441983,-24.066390028047042,False,0.12574850270687377,12.105263154542937,23.894736861667575
MTB,2021-08-17,3.3018867924528266,6.696336525237123,3.365384615384612,1.3823973198677337,-1.8518518518518614,True,0.693684210128975,-4.109589041095884,-5.936073059360718
MTB,2021-11-21,7.575757575757576,7.840543078833414,5.75916230366491,1.5099574013747261,-2.9411764705882253,True,0.7144578317212948,-5.633802816901405,-11.267605633802827
MTB,2024-01-23,3.896103896103894,2.0005887389250705,9.027777777777771,2.8464384907930964,-0.6451612903225784,True,0.5517241379310343,-1.8750000000000044,0.0
MTB,2024-02-11,4.430379746835438,3.4106813613858655,7.382550335570468,0.2827965950350406,1.9354838709677464,True,0.7241379310344825,-7.272727272727268,-10.909090909090914
MTB,2024-04-22,4.7297297297297245,4.107843548982016,6.802721088435375,0.8518725153564353,0.680272108843547,False,0.4444444444444443,-4.5161290322580605,-15.48387096774194
MTB,2024-11-14,4.310344827586207,2.6365323339882027,6.086956521739125,1.110998152757064,0.0,False,0.711764705882353,-0.8264462809917326,-0.8264462809917326
MTB,2025-07-23,7.8947368421052655,9.910171348950396,4.464285714285714,1.4408821669939829,4.587155963302751,True,0.7834394904458599,6.5040650406503975,2.4390243902438935
MTB,2026-01-04,6.349206349206354,5.030320451782517,6.7796610169491425,0.793565891491189,5.882352941176464,True,0.9305555555555556,2.2388059701492455,1.4925373134328304
MTB,2026-02-15,3.571428571428571,4.754654165466076,7.518796992481203,2.2058605857207416,4.477611940298504,True,0.9931506849315068,-8.275862068965512,-10.344827586206897
NAHEEACP,2019-03-05,2.8846153869896383,3.827924851137499,5.3149606388357125,0.7498592874162984,-4.936014632809839,False,0.3353510896070089,-15.327102800000006,-14.766355140000002
NAHEEACP,2019-06-10,3.146067403572788,2.254381268549486,4.849884520509472,0.6642170070872594,-6.903765690844879,False,0.1706808706874018,-3.92156862607971,-8.714596957204495
NAHEEACP,2019-08-06,3.0660377588232106,2.206008211619048,9.090909115472927,1.136461551567831,-3.1963470442338653,False,0.1472228419566114,-0.9153318182019152,-12.128146456507086
NAHEEACP,2019-08-25,4.460093910569443,3.2821238515094446,5.23809522171769,1.1681595436401746,4.668304655967134,False,0.1668525541649834,-11.011235972617097,-13.258426961429116
NAHEEACP,2019-11-24,6.64739884267935,3.3742282282502356,8.849557529386278,0.8685408792322095,6.7901234692253425,False,0.18541033437319493,-8.94308943183731,-7.046070454417924
NAHEEACP,2020-07-12,6.5306122549695855,14.378614984745768,4.883227175449072,6.098086658867766,4.033970265493752,True,0.955357142823023,7.471264361336813,11.494252862018323
NAHEEACP,2020-09-14,4.802744425417414,2.0973472009528358,9.30656934288753,0.8313481514825204,-6.719999992056323,True,0.8324175824070839,-13.093289699123279,-16.03927987792356
NAHEEACP,2021-05-11,5.347593582887701,3.125642377305364,9.668508287292816,1.8218346622038122,-11.79245283018868,False,0.2524776119891528,-2.2842639593908594,9.898477157360402
NAHEEACP,2021-08-02,9.930715935334883,5.386814291144447,8.899297423887582,0.7512826493711238,-4.835164835164842,True,0.4327754532413298,6.722689075630243,13.025210084033603
NAHEEACP,2022-03-15,5.689655172413788,3.4587443810565013,8.148148148148145,0.5964456616030722,6.032906764168184,True,0.9233576642335766,14.518760195758574,20.065252854812393
NAHEEACP,2022-06-14,8.766716196136711,4.148599213987557,7.044410413476276,1.0181221473279827,1.2030075187969882,True,0.9291338582677164,-7.377049180327876,-9.836065573770496
NAHEEACP,2022-08-02,3.2983508245877107,2.70687905910638,8.320000000000006,0.6941482219557285,0.15015015015016298,True,0.8162729658792651,3.6284470246734397,14.078374455732929
NAHEEACP,2022-08-21,3.9301310043668165,2.1635772428483637,8.562691131498463,1.3064434847697481,7.849293563579278,True,0.8818897637795275,10.084033613445362,3.5014005602240896
NAHEEACP,2024-07-03,3.750000000000009,3.2576056074595083,8.441558441558435,0.912984813216074,-1.2345679012345634,False,0.0695652173913044,-1.8072289156626546,0.30120481927709125
NAHEEACP,2024-07-04,6.626506024096372,4.199853989885097,8.441558441558435,1.1959416216597367,2.469135802469149,False,0.13333333333333328,-10.451977401129941,0.28248587570621875
NAHEEACP,2025-02-05,2.8708133971291936,4.612863011223497,9.693877551020401,1.5099687424386201,2.955665024630531,False,0.329249617151608,5.116279069767449,1.860465116279063
NAHEEACP,2025-03-20,3.524229074889871,3.079753195900288,9.30232558139535,0.7597858053873184,0.4424778761061852,False,0.49788135593220334,-11.91489361702128,-23.82978723404256
NAHEEACP,2025-08-26,3.720930232558143,4.39662105571603,9.405940594059418,0.9571351902437568,0.9389671361502313,True,0.6109589041095891,9.865470852017934,7.623318385650221
NATLIFEINS,2025-02-23,2.559055118110245,2.6116832667324874,6.5306122448979655,1.4744301725208748,1.4985014985014986,False,0.6636942675159235,-9.309021113243766,-12.188099808061423
NATLIFEINS,2025-12-28,9.95423340961097,10.500553661544068,9.16666666666667,0.7798580400445673,-1.6872890888638918,False,0.7171641791044776,-1.9771071800208029,11.862643080124876
NAVANACNG,2019-02-03,4.599999999999994,3.3982058063405045,9.014675052410896,1.051365701710285,-2.5341130604288447,False,0.2181818181818181,2.294455066921612,2.103250478011475
NAVANACNG,2020-01-01,9.011627906976749,3.8803173292928506,9.117647058823533,1.3021381753354837,-12.244897959183684,False,0.16055045871559634,-5.333333333333334,-5.333333333333334
NAVANACNG,2021-06-09,2.9325513196480935,2.229031190755832,4.179104477611936,1.243364997908107,2.0958083832335417,False,0.3333333333333333,3.4188034188034067,5.12820512820512
NAVANACNG,2021-06-10,4.558404558404562,2.9168976565229516,5.671641791044771,1.3940865252943737,5.405405405405419,False,0.41538461538461546,-1.3623978201634876,-1.9073569482288906
NAVANACNG,2021-07-18,6.486486486486482,2.9549801106296796,9.56521739130434,0.9930488052270956,3.932584269662917,True,0.4350649350649348,1.2690355329949239,5.0761421319796955
NAVANACNG,2022-02-06,4.248366013071886,2.996437502647004,8.59106529209622,0.6858426789552095,-2.2364217252396146,False,0.2531645569620252,-3.7617554858934152,-13.79310344827586
NAVANACNG,2022-10-06,9.774436090225555,16.230098578043496,4.52830188679245,2.605089872261626,-7.3170731707317,True,0.24113475177304958,-1.3698630136986254,-3.4246575342465753
NAVANACNG,2023-02-14,8.035714285714288,6.885876473681852,6.756756756756757,1.0500932583784035,-7.053941908713704,False,0.12738853503184713,-5.371900826446284,-5.785123966942144
NAVANACNG,2023-03-30,5.6768558951965105,6.841259721399983,2.1929824561403506,0.8064775144063627,0.8810572687224639,False,0.12738853503184713,-4.958677685950411,0.8264462809917326
NAVANACNG,2023-04-26,4.1841004184100425,4.031808187900024,7.017543859649113,1.025302554906537,4.8245614035087625,False,0.1719745222929936,-2.409638554216859,10.441767068273098
NAVANACNG,2023-05-18,9.9601593625498,6.917777989109894,9.282700421940927,1.4531338952056534,8.658008658008658,True,0.3439490445859874,2.5362318840579685,-9.420289855072468
NAVANACNG,2023-07-06,3.7453183520599254,3.5271700952043985,9.881422924901186,0.4292879346472434,-6.315789473684213,True,0.35031847133757965,-3.2490974729241824,-8.303249097472927
NAVANACNG,2023-08-24,4.0650406504065035,2.1770556418821974,6.329113924050633,0.6824909098347334,-4.651162790697672,True,0.21656050955414027,-4.687500000000011,-5.859375
NAVANACNG,2023-10-29,5.701754385964915,3.7736118012711968,3.070175438596488,0.9996868549700995,-4.9999999999999964,False,0.16814159292035416,10.373443983402488,2.0746887966804977
NAVANACNG,2023-11-05,5.0847457627118615,3.8953200655947677,7.8947368421052655,1.0733226275101095,1.2875536480686725,True,0.30588235294117666,-0.8064516129032229,4.032258064516129
NAVANACNG,2024-01-17,3.200000000000003,3.5739242320320934,7.112970711297084,0.4199174868271906,-2.3437500000000053,True,0.46753246753246774,4.651162790697672,28.294573643410853
NAVANACNG,2024-07-02,9.767441860465123,4.703829135404529,8.530805687203777,0.9838467152630015,-3.587443946188344,False,0.15723270440251574,2.966101694915251,4.661016949152533
NAVANACNG,2024-12-29,4.464285714285714,8.661093309814264,9.134615384615378,0.8497431599453886,7.692307692307682,False,0.6324324324324324,-0.8547008547008517,-6.4102564102564115
NAVANACNG,2025-08-27,5.092592592592583,8.086381299423923,7.766990291262125,0.9292032985985845,-1.3698630136986172,True,0.7881944444444444,0.4405286343612398,3.0837004405286312
NAVANAPHAR,2023-11-30,4.1820418204182115,2.0623743985749217,7.5351213282247835,0.7462762895708062,-3.7869822485207134,False,0.36638655462184877,2.125147579693031,-1.8890200708382627
NAVANAPHAR,2024-01-10,5.3550640279394575,3.053343323954932,8.539603960396047,0.8868282207289511,0.3504672897196395,False,0.46386554621848736,8.508287292817682,6.077348066298343
NAVANAPHAR,2024-02-08,2.8125000000000027,2.0212815839755347,7.87234042553192,0.7984343046988488,6.077348066298343,True,0.6016806722689075,-6.788247213779132,-10.536980749746713
NAVANAPHAR,2024-04-28,3.832752613240432,2.7893437452838588,8.969696969696976,1.2303995130219678,-3.149606299212611,False,0.7303921568627451,26.621923937360176,6.040268456375829
NAVANAPHAR,2024-05-05,7.231638418079102,8.641343316592248,8.969696969696976,1.4386908726886125,-1.3377926421404713,True,0.7753267973856209,13.171759747102213,-4.320337197049535
NAVANAPHAR,2024-07-02,4.009163802978236,2.0462759225062226,7.317073170731721,0.6127604136902299,-7.9113924050632916,True,0.741830065359477,0.6607929515418596,-9.03083700440529
NAVANAPHAR,2024-07-03,6.938325991189425,3.4874014068335133,7.317073170731721,0.7819332937549323,-1.3043478260869596,True,0.7933006535947712,-8.444902162718835,-17.404737384140052
NAVANAPHAR,2025-02-09,6.753812636165581,4.361010774096999,5.668934240362812,0.6163379295419764,0.879120879120876,False,0.4121110176619007,3.4693877551020464,1.0204081632653061
NAVANAPHAR,2025-03-24,7.597535934291572,3.855639312968872,4.761904761904772,0.4007855092873774,-3.9447731755424065,False,0.4407064760302775,4.770992366412214,2.0992366412213768
NAVANAPHAR,2025-06-15,4.11522633744856,2.753307848999071,8.676789587852495,0.566739696804291,-7.604562737642586,False,0.4335904027420737,-0.7905138339920921,3.7549407114624476
NAVANAPHAR,2025-07-20,4.690431519699813,4.516697975849826,7.2834645669291405,1.7329366114735965,7.243460764587513,True,0.5486725663716814,2.32974910394266,3.046594982078858
NAVANAPHAR,2025-08-25,6.282722513089007,2.448379459635936,9.057301293900181,0.8927895209888265,4.181818181818177,True,0.6506410256410257,3.6124794745484445,-8.045977011494251
NAVANAPHAR,2025-10-29,4.077669902912624,2.6954161328203954,9.297520661157026,0.6484627278401115,-8.849557522123893,True,0.8145896656534954,-8.395522388059701,-3.731343283582089
NAVANAPHAR,2026-01-27,5.671077504725898,4.333544213832827,8.267716535433077,1.830650574453243,4.54545454545454,True,0.8495440729483282,15.563506261180674,7.513416815742402
NBL,2019-05-05,6.944444441811331,2.35480987244626,2.8169014013687765,0.9957610553302123,-1.3698630103490337,False,0.19697292670791847,5.194805195690676,6.493506504840618
NBL,2019-05-08,2.6315789546398913,4.332118591743221,8.45070421889505,1.2996900090506156,7.042253518210662,False,0.25000000009374984,2.5641025575443797,6.410256407322488
NBL,2020-02-16,6.410256407322488,2.4895468101640357,5.333333333893336,0.461211630469531,9.859154934368172,True,0.5151515151129477,-12.04819277855276,-19.27710843556394
NBL,2020-06-30,2.8571428498571434,2.21303706385724,2.9411764787629777,1.080231444952912,2.9411764787629777,False,0.3500000001312503,4.166666670920128,2.777777785474526
NBL,2020-08-04,2.6666666599466673,3.052574631672794,4.166666670920128,0.9390991683913965,4.166666670920128,True,0.6000000000000001,10.454545459566116,5.000000004772734
NBL,2020-09-13,3.9999999999999973,2.5741091951973027,5.3333333333333375,0.65672523605734,2.739726027397263,True,0.5728813560045963,-5.1282051282051215,-6.4102564102564115
NBL,2020-12-07,2.941176470588238,4.1515155070435235,2.941176470588238,0.5651592004166319,0.0,False,0.288135593340994,-2.85714285714286,25.714285714285722
NBL,2020-12-27,5.882352941176476,6.3824370126231695,2.941176470588238,1.2701593943053298,0.0,True,0.3593220340068946,18.055555555555554,16.666666666666668
NBL,2021-01-03,7.142857142857142,3.52375978791873,7.352941176470589,1.751228903941869,2.941176470588238,True,0.46610169500574544,27.999999999999996,12.000000000000005
NBL,2021-05-05,4.347826086956519,4.522381810923435,1.4492753623188355,1.0678293406955004,-4.166666666666664,False,0.2876526459582562,8.333333333333329,9.722222222222223
NBL,2021-05-16,8.108108108108103,4.4996659971145485,8.823529411764714,1.6188290163739087,5.71428571428572,True,0.5156037992516143,2.499999999999991,-3.749999999999998
NBL,2021-08-03,2.531645569620244,2.007356878807807,5.194805194805188,0.7332108527641618,-3.658536585365841,True,0.4482758620689655,12.34567901234568,6.17283950617284
NBL,2021-08-11,2.531645569620244,2.1706442558497985,5.1282051282051215,0.9588165221815075,-1.2499999999999956,True,0.4482758620689655,2.469135802469149,7.407407407407403
NBL,2021-08-18,3.750000000000009,6.297581382792376,5.1282051282051215,1.2311464001136667,3.896103896103894,True,0.5172413793103452,2.4096385542168584,3.614457831325288
NBL,2021-08-22,7.3170731707317245,6.218581964460775,8.974358974358978,1.9465676504676193,5.1282051282051215,True,0.6896551724137935,-3.409090909090917,-2.2727272727272845
NBL,2021-11-16,5.06329113924051,3.354599023141379,5.263157894736848,0.7756233878230948,-4.819277108433739,True,0.5172413793103452,-3.6144578313253093,-6.024096385542179
NBL,2022-02-14,2.739726027397263,3.663950462135025,4.225352112676067,0.9094729223270577,-1.3513513513513586,False,0.2916666666666668,0.0,0.0
NBL,2022-06-06,2.5641025641025665,2.740104404730328,8.333333333333329,1.149519415075426,8.333333333333329,True,0.4285714285714288,3.750000000000009,1.2499999999999956
NBL,2024-02-11,9.722222222222223,2.6565587646910203,8.571428571428566,0.7848437034160327,-13.253012048192778,False,0.7333333333333333,-7.594936708860765,-7.594936708860765
NCCBANK,2019-09-30,3.1249999975014666,2.422296803492579,7.526881722078229,0.9156992868528668,-3.0303030279536287,False,0.09495101730905271,-3.0303030279536287,-5.050505050281294
NCCBANK,2020-02-16,9.166666624786473,3.324431164922063,8.695652132457475,0.5451566721378683,6.194690235431503,True,0.9800000000745622,-7.633587754312108,-12.977099182330573
NCCBANK,2020-11-17,4.477611900785253,7.360174856806907,4.511278238029291,0.8165339939742854,-0.7407406947325095,True,0.8941176465523087,1.4285714932908138,-2.1428570863648
NCCBANK,2020-12-01,4.411764746566818,5.141518635305892,6.766917357043929,1.569007144635553,0.0,True,0.9241176479051962,-3.5211267664277934,-3.5211267664277934
NCCBANK,2021-05-04,2.9629630178189323,6.107413413069931,3.007518852295214,1.1868292160488525,5.46874999606324,True,0.7390697686196047,23.021582683737893,11.366906458796128
NCCBANK,2021-05-11,2.8169013828605394,3.686798260716644,8.270676742778006,2.7168286902911563,5.185185261275719,True,0.9051162799616741,24.657534249601248,3.082191771996393
NCCBANK,2021-08-17,4.458598726114645,2.9355760642555655,5.3333333333333375,1.3342664039579373,7.534246575342464,True,0.770312499997375,-4.8780487804877986,-3.0487804878048674
NCCBANK,2021-11-16,5.921052631578962,5.195970740909602,4.02684563758389,0.540914725425383,0.0,True,0.7199218749796601,-4.347826086956528,-5.590062111801255
NCCBANK,2024-04-22,2.6548672566371585,2.435871045135892,9.00900900900901,0.8931550677902097,-7.377049180327858,False,0.24999999999999972,4.310344827586207,0.8620689655172384
NCCBANK,2024-05-07,2.542372881355923,2.042460469525347,6.140350877192976,1.4650475215651562,-0.8403361344537785,False,0.4062499999999998,-3.305785123966945,-5.785123966942144
NCCBANK,2024-08-06,8.82352941176471,2.0960190812667165,7.920792079207928,1.084938668127091,4.0816326530612095,False,0.8283582089552238,5.405405405405403,7.207207207207214
NCCBANK,2024-10-31,6.25000000000001,11.450243392215743,9.70873786407767,0.6686378314239285,3.7037037037036904,True,0.8686131386861314,-5.88235294117648,-7.563025210084036
NCCBANK,2025-02-25,2.9702970297029774,2.7814335282499076,5.05050505050505,0.9240280014750889,-2.8846153846153912,False,0.759124087591241,-0.9615384615384581,4.8076923076923075
NCCBANK,2025-05-04,2.8037383177570163,3.788210221207353,5.882352941176485,0.661693873674551,-0.925925925925939,True,0.8029197080291971,4.545454545454546,-10.909090909090903
NCCBANK,2025-07-07,2.9411764705882426,2.3860020213047797,7.2916666666666785,1.0628823619003822,-0.9708737864077808,False,0.7664233576642336,0.0,22.857142857142858
NCCBANK,2025-07-21,2.9411764705882426,2.6902113744637632,5.9999999999999964,2.0975237460362246,4.0816326530612095,False,0.7664233576642336,22.857142857142858,15.238095238095234
NCCBANK,2025-09-16,4.838709677419352,2.9182003719501366,5.932203389830502,0.8011409064409225,-0.7999999999999973,True,0.9774436090225563,-6.153846153846159,-9.230769230769226
NCCBANK,2026-02-15,3.8461538461538463,3.384573117134676,6.451612903225798,1.6839618959290399,4.838709677419352,True,0.9854014598540146,-3.7037037037037033,-3.7037037037037033
NCCBLMF1,2020-02-11,5.172413793103446,3.245627536363506,3.5087719298245648,0.7867984248647092,0.0,True,0.39999999999999997,1.6393442622950907,-3.2786885245901525
NCCBLMF1,2020-09-21,4.761904761904759,3.023886452804062,8.064516129032258,0.2892189003877954,3.2786885245901667,True,0.5428571428571428,7.575757575757576,9.090909090909099
NCCBLMF1,2021-10-10,5.813953488372093,3.156040858062875,3.5294117647058907,0.6769778920710501,-2.2727272727272845,True,0.5254237288135593,-5.4945054945054945,-5.4945054945054945
NCCBLMF1,2024-04-16,3.5087719298245648,3.5608329387902606,5.35714285714287,0.36571344928608135,-17.39130434782609,False,0.641304347826087,-8.47457627118644,-8.47457627118644
NCCBLMF1,2024-08-07,5.9999999999999964,3.034526503340757,8.695652173913052,0.4257837238130989,0.0,False,0.5760869565217391,7.547169811320761,9.433962264150944
NCCBLMF1,2025-07-15,3.63636363636364,4.988686464274943,9.803921568627452,1.4517914169668575,7.843137254901968,True,0.5000000000000002,-3.5087719298245648,-8.771929824561402
NCCBLMF1,2025-09-07,5.9999999999999964,2.9632303065591783,6.2499999999999964,0.810693713768136,-7.407407407407414,True,0.368421052631579,-7.547169811320745,-15.094339622641506
NEWLINE,2021-10-31,8.963585434173657,4.139002894951338,9.422492401215809,0.48644988276877965,3.7790697674418725,True,0.9636615331384786,-2.570694087403599,-3.598971722365035
NEWLINE,2021-12-30,4.72222222222223,2.3225518082642753,9.593023255813966,0.5085083318193622,-3.4852546916890006,True,0.9185185185185186,1.326259946949602,-0.7957559681697726
NEWLINE,2022-10-16,2.882483370288242,28.36106064600245,5.0997782705099715,0.8986279749571388,0.0,True,0.8305084745762712,-2.8017241379310285,-2.8017241379310285
NFML,2019-01-03,6.086956538071824,2.7444747284809323,8.411214950252411,0.4991916481147077,8.490566054556789,False,0.22709163386830059,-0.8196721964525637,-4.91803282461704
NFML,2019-07-04,9.433962254538978,4.068312560713142,6.796116555754559,0.566755971842838,-4.504504523350369,True,0.37058823532747054,-9.482758616516056,-7.758620687086791
NFML,2019-08-25,2.752293600707003,3.5193584031183676,8.653846118897931,1.0331966162106834,-0.9090909813884267,True,0.3294117647725882,-4.464285714802286,-16.07142856557397
NFML,2020-08-09,6.8181818237603276,6.375712602285233,4.597701144573918,10.091558066162893,1.1494252799365934,False,0.4533333333410134,-5.319148936414676,-2.1276595722679934
NFML,2020-09-09,5.434782597084108,3.031759322753209,8.045977009211265,0.6218991150092053,-2.1276595722679934,True,0.5873015870757369,3.092783507794674,6.185567015589328
NFML,2021-03-03,3.365384615384612,2.3785877263400703,8.333333333333341,0.758914306765865,-3.703703703703707,True,0.8081218274138947,-13.953488372093023,-29.30232558139535
NFML,2021-09-05,6.811145510835923,3.136632285339355,9.354838709677415,0.7942956533834843,-5.278592375366581,True,0.7196855155696364,-13.623188405797098,-10.434782608695656
NFML,2022-06-12,5.882352941176478,4.416883590843652,5.5865921787709505,0.8158619344909497,-5.0761421319796955,False,0.13793103448275865,-9.595959595959606,-8.080808080808087
NFML,2022-08-29,3.5087719298245488,3.2388089941105784,4.191616766467062,1.5462226567819308,0.5882352941176554,False,0.09947643979057585,-5.649717514124294,-5.649717514124294
NFML,2023-03-05,9.523809523809533,4.7747042358649,6.451612903225798,1.024539815300885,-11.888111888111895,False,0.17073170731707318,-3.6231884057971016,15.21739130434782
NFML,2023-06-04,5.9171597633136095,2.0127306512309433,9.523809523809511,0.7233480258600276,-8.152173913043478,True,0.705128205128205,-3.9106145251396613,0.5586592178771029
NFML,2023-06-05,3.910614525139681,4.101534251897799,9.523809523809511,0.8413201176966801,0.5617977528089768,True,0.7948717948717952,-6.9892473118279606,-5.376344086021505
NFML,2023-07-16,9.941520467836252,3.187281456424251,8.284023668639067,0.5890647244039793,-1.1560693641618456,True,0.8311688311688311,-9.042553191489358,-18.085106382978726
NHFIL,2019-05-19,3.926701570680628,3.9416718676374076,9.859154929577464,1.1334030982075967,9.770114942528753,False,0.25023762369356495,9.068010075566736,0.25188916876572875
NHFIL,2019-11-21,2.670623145400589,2.4791819830903075,8.459214501510564,1.242660685502939,-5.337078651685389,False,0.09259259259259259,-1.7341040462427786,-11.27167630057804
NHFIL,2019-11-26,5.24781341107873,6.11577421975428,6.567164179104486,1.272430957409154,-6.284153005464492,False,0.16203703703703703,-7.202216066481998,-14.404432132963995
NHFIL,2020-07-20,4.016064257028113,6.435319229875097,4.0650406504065035,10.561736165529132,1.2195121951219396,False,0.22689075630252098,13.127413127413137,10.424710424710435
NHFIL,2020-07-21,9.266409266409276,10.57103430630136,7.723577235772352,11.204922061768775,5.284552845528443,False,0.32773109243697485,3.1802120141342707,2.826855123674914
NHFIL,2021-08-05,5.855855855855859,4.502971850619137,8.837209302325574,0.7571323680268565,3.0162412993039376,True,0.7887323943661971,41.063829787234035,31.914893617021278
NHFIL,2022-04-03,8.167770419426056,3.8837955391866292,6.436781609195395,0.6721261590266172,-2.9978586723768856,False,0.3172205438066465,-11.42857142857143,1.2244897959183703
NHFIL,2022-08-25,10.0,9.779238519175177,7.4766355140186995,1.3157812974879655,9.489051094890508,True,0.17068645640074215,3.6363636363636305,1.41414141414142
NHFIL,2023-01-15,3.827751196172252,12.293002396479391,1.1961722488038278,0.5545639370802521,-1.6470588235294186,False,0.13135593220338987,7.834101382488476,-2.764976958525336
NHFIL,2023-01-16,3.6866359447004644,13.134588695313473,4.30622009569379,1.730923704069545,3.33333333333333,False,0.19915254237288146,4.8888888888888955,-4.222222222222219
NHFIL,2023-01-23,4.298642533936648,7.286649767305318,9.569377990430622,4.45249197425184,5.741626794258387,True,0.2761904761904764,-0.21691973969631545,-9.32754880694144
NHFIL,2023-05-29,4.784688995215311,22.684678397793206,0.0,0.06964328506717314,-1.182033096926714,False,0.19444444444444445,-4.109589041095884,-0.22831050228309205
NHFIL,2023-05-31,3.7735849056603805,6.610596061102918,7.655502392344504,2.675604026499419,0.47393364928908943,False,0.2055555555555557,-5.000000000000006,-4.545454545454546
NHFIL,2024-07-03,8.203124999999991,3.9700811712564117,9.128630705394187,1.0886288602400898,-2.2900763358778544,False,0.16589861751152069,10.469314079422391,17.689530685920584
NHFIL,2025-02-24,5.158730158730162,6.850736774384756,5.6910569105691,1.2448820925565107,2.0242914979757085,False,0.6022727272727273,3.0188679245283048,0.0
NHFIL,2025-08-28,6.097560975609756,2.8953482028510025,8.11965811965813,1.3397303098877056,-3.90625,True,0.6658163265306122,8.045977011494244,-1.5325670498084372
NHFIL,2026-01-04,4.803493449781666,3.606380862984737,8.715596330275224,0.5887942024788304,-2.553191489361708,False,0.7766990291262136,0.0,2.500000000000006
NHFIL,2026-01-27,4.201680672268907,2.502040707046619,4.25531914893617,1.1820384262234742,4.385964912280701,True,0.8025889967637541,4.838709677419352,-2.4193548387096833
NHFIL,2026-02-15,4.838709677419352,2.0471907356509744,8.898305084745752,1.489475057413045,3.333333333333336,True,0.8414239482200647,-6.923076923076926,-9.615384615384617
NITOLINS,2019-11-12,4.0,6.577016529878424,6.477732793522273,0.8109175414344569,0.8064516129032229,True,0.4129032258064515,1.538461538461533,3.8461538461538463
NITOLINS,2019-11-14,3.0888030888030915,3.7893778654909926,8.906882591093115,2.048527971933178,-0.3846153846153901,True,0.4580645161290321,1.1235955056179803,-0.37453183520598454
NITOLINS,2020-07-20,7.45614035087719,3.12273064697421,5.5045871559633,3.440677781373645,4.587155963302751,False,0.4375,22.040816326530607,56.32653061224489
NITOLINS,2021-07-28,2.9513888888888817,2.095833126987114,7.326007326007327,0.4282762153981195,-6.946688206785133,True,0.6818181818181818,-7.75716694772343,5.7335581787521175
NITOLINS,2021-09-12,9.492635024549925,7.630367962568154,9.96563573883161,1.4300751791434674,9.302325581395355,True,0.7561576354679804,-4.63378176382662,-14.947683109118096
NITOLINS,2022-09-15,4.535147392290249,3.0499674166976547,4.8951048951048985,1.1387233567774124,2.7972027972028037,False,0.1794019933554817,-6.941431670282001,-6.941431670282001
NITOLINS,2022-09-18,3.2537960954446854,3.717931092195869,9.55710955710956,1.2625927933188454,7.459207459207466,False,0.2292358803986711,-9.66386554621849,-9.873949579831939
NITOLINS,2022-10-13,2.5641025641025674,2.6762972331356885,3.4965034965034967,0.07656803521165054,0.0,False,0.13095238095238082,-2.500000000000003,-2.500000000000003
NITOLINS,2024-02-04,3.3591731266149796,3.0208287104300697,6.8493150684931505,1.0114053096114692,2.110817941952518,True,0.3823529411764708,0.9999999999999963,-2.7500000000000036
NITOLINS,2025-08-25,5.947955390334577,4.464381787119459,9.411764705882348,0.4893572262938086,1.893939393939394,True,0.7983193277310924,2.105263157894742,-9.122807017543865
NITOLINS,2026-01-22,3.124999999999995,4.124894078858738,9.665427509293686,2.388424124825101,5.109489051094899,True,0.9801980198019802,-1.346801346801342,-0.673400673400671
NORTHRNINS,2020-07-08,5.813953488372093,5.523087859038766,6.626506024096372,1.6598569805103516,3.614457831325288,False,0.29166666666666663,9.890109890109894,39.01098901098902
NORTHRNINS,2021-12-20,2.8112449799196906,2.5673827569740464,7.999999999999995,0.8733571305527509,-6.566604127579738,True,0.5123042505592841,7.226562499999992,3.90625
NORTHRNINS,2021-12-23,2.5291828793774402,2.7619794524650083,9.014675052410896,1.0084680565246409,-2.281368821292781,True,0.5458612975391499,1.707779886148005,-1.5180265654649037
NORTHRNINS,2022-03-29,2.6476578411405236,2.281567509488546,6.540084388185657,1.0147891812151877,4.468085106382982,False,0.49440715883668895,-0.992063492063492,2.9761904761904763
NORTHRNINS,2022-03-30,2.9761904761904763,2.326737485398648,6.329113924050633,1.1855055379632904,3.2786885245901667,False,0.5279642058165547,-5.587668593448938,0.19267822736031104
NPOLYMER,2019-04-28,4.491978609625671,4.934472341940272,7.798165137614675,0.6739155436330211,1.3001083423618667,True,0.92043474209886,3.8894575230296797,2.149437052200608
NPOLYMER,2019-11-12,5.089820359281446,3.343797781320147,8.307692307692315,1.0798394835511738,-9.36227951153325,False,0.24870432488463484,0.0,-11.111111111111116
NPOLYMER,2020-07-20,3.5211267605633805,2.402123032307647,8.303886925795045,34.83649331532936,0.3533568904593564,False,0.11542991755005885,10.034013605442187,10.884353741496609
NPOLYMER,2020-09-03,9.453471196454934,4.474266239714347,9.44000000000001,0.733288763160721,6.614173228346461,True,0.29564193168433445,6.207827260458852,0.0
NPOLYMER,2020-12-17,9.984639016897082,11.186907181503082,9.061488673139173,0.6957877925577244,0.0,True,0.4818763326226011,2.7932960893854752,-20.949720670391052
NPOLYMER,2021-06-09,9.92509363295881,106.90294732795948,5.992509363295886,2.386287141839834,-5.653710247349828,False,0.2539267015706807,0.0,-4.770017035775135
NPOLYMER,2021-08-05,2.7027027027026933,2.307656603415111,7.155635062611807,0.7619028562684804,8.226691042047532,False,0.2413793103448275,11.019736842105269,12.006578947368416
NPOLYMER,2022-01-06,5.1724137931034395,5.578020252301903,9.278350515463918,1.128259693326393,-2.793296089385475,False,0.2461538461538461,-1.0928961748633905,16.393442622950822
NPOLYMER,2022-01-30,9.98080614203454,5.994891736416514,7.11538461538462,0.7342512192226055,3.784860557768921,False,0.33846153846153837,2.7923211169284494,-6.980802792321117
NPOLYMER,2022-05-08,6.741573033707867,8.671971041825367,7.630522088353422,1.4237840831657929,-0.37313432835821425,True,0.3601694915254238,-10.175438596491224,-3.8596491228070224
NPOLYMER,2022-06-06,2.621722846441945,2.427954172882317,7.1856287425149725,0.8014286274653661,0.0,False,0.26694915254237284,-3.2846715328467107,-2.737226277372263
NPOLYMER,2022-08-22,5.6285178236397755,9.321411620941918,6.627680311890851,0.9221389901989483,3.6964980544747053,True,0.33050847457627114,17.051509769094157,17.229129662522208
NPOLYMER,2022-11-03,6.095238095238101,2.662444290071652,7.450980392156857,0.5418235121333643,-20.091324200913245,True,0.26865671641791056,-8.438061041292643,-8.438061041292643
NPOLYMER,2023-07-09,3.7254901960784284,3.3558976080668486,2.1568627450980418,0.5460379852345624,-0.5847953216374214,False,0.11811023622047245,-3.591682419659733,-3.591682419659733
NPOLYMER,2025-02-18,3.3670033670033668,2.5728749729450415,8.070175438596493,1.2440706535929438,-5.4140127388535015,False,0.5265866209262435,5.211726384364814,-0.3257328990227944
NPOLYMER,2025-02-23,4.983388704318937,5.095683878878028,8.070175438596493,1.4765810763548588,-2.903225806451608,False,0.5420240137221269,-0.6329113924050722,-3.164556962025316
NPOLYMER,2025-03-03,3.785488958990534,7.471457810355834,9.183673469387765,1.9580040624701478,9.310344827586205,False,0.5643224699828473,-6.079027355623101,-9.4224924012158
NPOLYMER,2025-04-10,3.9603960396039577,3.005152066192187,7.070707070707076,0.6490280693312374,-6.191950464396275,False,0.6262425447316103,-8.888888888888891,-13.01587301587302
NPOLYMER,2025-06-16,4.597701149425284,4.366120083555559,6.201550387596891,0.8501190712265181,-6.451612903225796,False,0.5481927710843374,1.8315018315018317,10.989010989010989
NPOLYMER,2025-06-25,2.996254681647943,2.194953702286517,6.201550387596891,1.4485705159980007,0.3759398496240521,False,0.5522088353413654,8.727272727272723,10.54545454545454
NPOLYMER,2025-07-02,2.8776978417266212,3.4226437904471063,7.662835249042145,1.4349566980854291,5.303030303030312,False,0.5742971887550201,5.9440559440559415,6.2937062937062835
NPOLYMER,2025-08-26,9.967845659163991,8.512771258966184,7.457627118644066,0.7256446130964895,2.302631578947378,True,0.6867469879518073,2.923976608187134,-7.017543859649128
NPOLYMER,2026-01-20,4.119850187265923,3.6790644801004104,5.813953488372093,0.8479009000747265,-1.1111111111111138,False,0.7258485639686685,-0.7194244604316521,0.0
NPOLYMER,2026-02-10,2.602230483271386,2.394733902497407,7.575757575757576,1.378178375534161,1.1278195488721696,False,0.720626631853786,3.260869565217386,-0.36231884057971525
NPOLYMER,2026-02-15,4.347826086956519,3.676645012669447,7.575757575757576,1.5189827273208374,4.942965779467683,True,0.751958224543081,-4.513888888888892,-5.55555555555556
NRBCBANK,2022-08-02,6.818181818181814,4.126098939957107,9.302325581395356,0.912670339990153,-16.190476190476183,False,0.0677966101694916,-6.382978723404251,-6.382978723404251
NRBCBANK,2025-05-06,7.246376811594203,5.479924663399017,5.882352941176476,0.7727622785421322,-15.853658536585355,False,0.5826771653543308,1.3513513513513467,-16.216216216216218
NRBCBANK,2026-01-04,7.692307692307682,4.935430527932403,8.000000000000007,1.2474132921041665,0.0,False,0.6021505376344085,-1.7857142857142794,0.0
NRBCBANK,2026-02-02,5.35714285714287,2.102037271441165,5.555555555555552,0.6914383000108673,0.0,False,0.6344086021505376,6.7796610169491425,10.169491525423723
NTLTUBES,2019-01-08,4.329896907216497,3.2467062579921393,8.164867512927781,0.7658623241633838,5.853174598974081,True,0.47770212771960885,-0.6916996047430858,0.9881422924901186
NTLTUBES,2019-03-03,5.178907721280603,2.955013286930247,8.65671641791045,1.2180186072847905,5.671641791044779,True,0.8331042643723147,-7.07251566696509,-5.908683974932863
NTLTUBES,2019-04-07,3.145853193517633,2.193785162745143,4.7434656340755135,0.4049909249331353,-4.89573889392565,True,0.792282661605275,3.604436229205168,1.9408502772643201
NTLTUBES,2019-05-05,3.981900452488693,2.7386910048308546,9.073543457497612,2.373490343926801,5.438931297709926,True,0.9471449025638156,-7.658833768494352,-2.8720626631853885
NTLTUBES,2019-08-22,3.5714285714285685,13.105975923602,4.255319148936162,0.9075757186519325,0.18832391713747915,True,0.8091343703693337,16.1524500907441,26.769509981851165
NTLTUBES,2020-01-05,3.462157809983894,2.1093507323281457,8.455565142364103,0.556671673429034,-6.756756756756746,True,0.40124895146234507,-5.603112840466928,-2.1789883268482466
NTLTUBES,2020-02-18,4.305442729488231,3.0644575982543514,7.082630691399667,0.9629440008573015,1.4839241549876316,True,0.36065573770491804,-6.542056074766359,-30.919003115264797
NTLTUBES,2020-07-29,4.5757864632983765,5.623156174828666,3.2977691561590743,1.4160648544069956,1.7458777885548122,False,0.2303090727816551,5.925250683682771,3.3728350045578877
NTLTUBES,2020-08-06,4.253308128544424,2.8528022673160374,7.080504364694483,2.664079841477382,2.6188166828322044,False,0.2362911266201396,1.2692656391659163,9.247506799637357
NTLTUBES,2020-10-14,9.962049335863377,2.539163825868892,9.66183574879227,0.5744629146882044,-14.239218877135881,False,0.2921236291126621,-9.318377911993107,-11.044003451251088
NTLTUBES,2020-12-15,3.1884057971014466,3.480950420068979,3.782735208535408,1.7556194365180278,0.3879728419010725,False,0.20139581256231306,-3.2771535580524347,-2.1535580524344544
NTLTUBES,2021-01-11,2.7671755725190894,2.470730443408348,5.528612997090207,1.5341263622935315,1.6488845780795371,False,0.27509778357235987,-4.2711234911792095,-4.2711234911792095
NTLTUBES,2021-08-03,4.179408766564738,2.0471628039112155,9.533678756476686,1.0681777759628592,3.699788583509514,False,0.30494505494505514,5.479452054794515,13.99217221135029
NTLTUBES,2021-08-29,3.9252336448598157,2.7854702174397885,6.768350810295513,1.0422050307743222,5.108055009823185,True,0.5521978021978023,9.262589928057551,3.956834532374093
NTLTUBES,2021-12-30,6.17577197149644,2.973189353849759,8.4788029925187,0.8001299543773863,4.337050805452292,False,0.1964285714285715,8.389261744966442,-1.789709172259517
NTLTUBES,2022-02-07,5.649717514124294,2.315989801426925,7.011494252873557,0.554746034080311,2.787456445993038,False,0.27777777777777773,-0.10695187165774794,-9.839572192513373
NTLTUBES,2022-02-20,2.6680896478121663,2.8339913660820817,9.739524348810882,1.1472188866105713,2.7412280701754383,False,0.3313492063492064,-14.137214137214146,-10.291060291060298
NTLTUBES,2022-07-04,5.302096177558584,3.6257371752007144,9.816753926701569,1.1093831572325565,3.7084398976981987,False,0.22876949740034666,-2.693208430913362,-5.737704918032794
NTLTUBES,2022-07-13,4.257907542579075,2.298999753417367,7.816377171215895,1.359302887596912,2.7500000000000036,False,0.2339688041594454,-8.284714119019847,-7.234539089848312
NTLTUBES,2022-07-14,4.784130688448068,7.366034118008475,7.816377171215895,1.4298060674626827,7.9345088161209025,True,0.30502599653379536,-14.142538975501118,-11.46993318485523
NTLTUBES,2022-09-19,9.950859950859943,6.26337509659089,5.408805031446538,0.9647649993871756,1.750000000000007,True,0.2998266897746966,-10.614525139664805,-11.1731843575419
NTLTUBES,2023-06-14,2.8268551236749015,3.143581090808576,9.500609013398309,1.2211252105416155,3.5365853658536652,True,0.7259615384615383,-3.8946162657502765,-7.331042382588765
NTLTUBES,2024-12-09,3.8265306122448974,2.398254408287327,6.710526315789467,0.7369071934200799,2.7522935779816624,True,0.952046783625731,2.3341523341523236,6.142506142506142
NTLTUBES,2025-01-07,3.51288056206089,2.643731787172919,7.365792759051194,0.7885640499414033,9.346991037131898,True,0.9619151251360174,4.298642533936648,-8.936651583710413
NTLTUBES,2025-03-12,2.9077117572692943,2.3716084365242223,5.7324840764331215,0.9078711673195228,-3.6540803897685747,True,0.8400412796697626,-2.57985257985259,-0.12285012285013332
NTLTUBES,2025-04-09,3.448275862068969,2.534845559895827,7.096774193548387,0.7602812935226348,-2.8535980148883344,True,0.8359133126934984,-6.543209876543206,-10.12345679012346
NTLTUBES,2025-04-13,4.07407407407407,4.796305563942393,7.096774193548387,0.9159666221362046,2.015113350125937,True,0.869969040247678,-11.743772241992872,-16.370106761565832
NTLTUBES,2025-04-15,4.2704626334519675,6.707226838610769,9.67741935483871,1.3332850236240688,6.979695431472082,True,0.9071207430340558,-15.927189988623436,-21.501706484641645
NTLTUBES,2025-06-02,2.698863636363624,2.2971492998498855,7.402031930333807,0.6196540483446844,-7.124010554089699,False,0.7461300309597523,11.065006915629324,19.640387275242052
NTLTUBES,2025-06-23,6.684856753069584,4.32376500166958,7.285714285714278,1.4238165976937593,4.415954415954407,True,0.8070175438596491,10.74168797953963,14.83375959079283
NTLTUBES,2025-08-17,3.393939393939391,2.68549142198155,4.808877928483361,0.7786121458240629,-5.389908256880737,True,0.8802889576883384,-0.9378663540445453,-5.158264947245008
NTLTUBES,2025-11-03,7.094133697135066,8.716832330994544,8.23529411764705,0.7298822222073557,-5.051813471502598,False,0.8101135190918473,-24.45859872611465,-20.50955414012739
NTLTUBES,2026-02-15,3.3557046979865772,2.12447367832293,5.37261698440207,1.110422435562064,0.5059021922428403,False,0.6710239651416122,-1.4610389610389587,-5.0324675324675345
NTLTUBES,2026-02-25,4.754098360655735,5.460666196865018,8.247422680412365,1.2313606611315584,-0.16366612111293194,False,0.696078431372549,-8.920187793427225,-4.068857589984353
NURANI,2019-06-10,2.7027026828159135,2.7800286224386364,6.293706268262507,0.44478549124651784,-2.6315789285145326,False,0.423240434543886,12.499999970148034,2.631578928514547
NURANI,2019-06-13,2.6666667290488855,2.5408543741960306,7.692307698816567,0.8703263895040252,4.895104837708447,False,0.4454234952699192,11.688311640352506,-6.493506484322813
NURANI,2019-08-04,4.137931047719383,2.365136348101355,8.759124112089088,0.5121996842363087,-13.690476217913833,False,0.4012712332002047,-1.3245032619051853,-13.245033099846495
NURANI,2020-08-09,3.8961039000000017,7.030190229506649,3.8961039000000017,21.070281955806085,0.0,False,0.14338919925113486,2.5000000024062468,2.5000000024062468
NURANI,2020-08-16,8.860759488383279,7.244932943140466,6.493506499999999,21.199000489825416,2.5974025999999966,False,0.20484171315152813,-6.9767441803948085,-2.3255813977285102
NURANI,2020-09-13,3.7037036936442496,2.518771531206844,8.974358969115707,0.835233818549246,2.531645572087816,False,0.18435754181384265,-5.95238094552154,-7.142857137244889
NURANI,2020-10-29,2.5974025999999966,3.323225898314055,2.5974025999999966,0.3247684469127929,-2.531645572087803,False,0.17354368922914504,0.0,7.215189870703418
NURANI,2020-12-13,2.5974025974025996,34.46692398101454,0.0,0.09257192160433683,7.215189870703418,True,0.3410979230865223,-2.531645569620255,0.0
NURANI,2021-01-07,3.896103896103894,5.2145828774402885,1.298701298701294,1.5383021736824793,0.0,True,0.5789473683448754,-3.749999999999998,-3.749999999999998
NURANI,2022-01-03,6.944444444444445,3.349877370740414,5.882352941176476,0.5383028629858118,2.85714285714286,False,0.33870967741935487,-5.194805194805199,-7.792207792207799
NURANI,2022-01-20,4.109589041095888,3.305905522219447,9.859154929577468,1.1940363089582688,2.8169014084507067,False,0.32258064516129026,-3.947368421052629,-5.263157894736835
NURANI,2022-02-24,8.450704225352121,10.507297951317792,5.71428571428572,0.9717636950139117,-2.739726027397263,False,0.33870967741935487,-6.493506493506493,-6.493506493506493
NURANI,2022-07-04,3.030303030303033,3.4368527719680406,6.349206349206354,0.9510792114136277,-2.941176470588238,False,0.10714285714285707,8.823529411764714,4.411764705882351
NURANI,2022-08-31,4.109589041095888,3.061378248837327,5.71428571428572,1.0167788546903274,7.352941176470589,True,0.2692307692307691,-7.894736842105258,-7.894736842105258
OAL,2019-02-14,4.799999999999997,2.4230517526787985,9.090909090909088,0.5681185780410958,-6.015037593984967,False,0.2652777781491127,-7.633587786259542,-10.687022900763361
OAL,2019-07-04,3.7037037037036904,4.879223172769947,7.547169811320761,0.8626195532210692,-5.263157894736839,False,0.3095238095238095,-21.428571428571416,-17.857142857142858
OAL,2020-02-13,9.677419354838705,5.835321702841655,6.7796610169491425,1.1389994413500768,5.0847457627118615,False,0.12345679012345677,17.647058823529417,4.411764705882351
OAL,2020-08-09,8.695652173913038,7.78020326670469,4.411764705882351,16.213404708576697,1.4705882352941255,True,0.25757575757575757,9.333333333333323,6.666666666666667
OAL,2020-12-06,2.898550724637671,4.268376892438407,4.411764705882351,1.4545402292905971,1.4705882352941255,True,0.3421052631578947,-4.225352112676054,7.042253521126761
OAL,2020-12-09,4.411764705882351,4.076273393309088,5.882352941176476,2.40504920890671,0.0,True,0.3421052631578947,0.0,26.7605633802817
OAL,2020-12-10,2.8169014084507067,6.718132450382539,5.882352941176476,2.8017743301606854,4.411764705882351,True,0.39473684210526316,-1.3698630136986254,15.068493150684938
OAL,2020-12-13,2.739726027397263,4.729932402224542,7.352941176470589,3.469415663149321,7.352941176470589,True,0.44736842105263164,0.0,17.333333333333343
OAL,2021-04-25,3.174603174603177,2.896275182509876,9.836065573770501,1.1019775675673273,-7.352941176470589,False,0.1621621621621621,9.230769230769226,10.769230769230772
OAL,2021-04-26,9.230769230769226,4.581668903128955,9.836065573770501,1.005625099864957,-4.411764705882351,False,0.3243243243243242,-1.4084507042253471,1.4084507042253596
OAL,2021-06-09,2.6666666666666687,3.886850335489471,9.859154929577468,0.9878433546321845,7.142857142857142,True,0.4722222222222223,31.16883116883116,102.59740259740259
OAL,2021-12-07,9.73451327433628,4.155273105425013,9.433962264150944,0.6970521149917943,-3.4188034188034067,True,0.5294117647058824,-5.645161290322589,0.0
OAL,2022-01-19,4.166666666666666,2.6287471217083294,8.47457627118644,1.341210292919638,0.8403361344537785,True,0.5378151260504201,9.599999999999994,13.599999999999996
OAL,2022-06-14,3.7383177570093498,2.8036259139714668,8.490566037735853,0.9893294367332448,-4.464285714285714,False,0.36697247706422015,6.306306306306316,4.504504504504505
OAL,2022-06-15,5.405405405405403,3.5638265663743445,8.490566037735853,1.2031093719135588,-1.7699115044247882,False,0.4220183486238532,0.854700854700867,-0.8547008547008517
OAL,2022-08-07,3.539823008849545,3.1509668368334887,7.407407407407398,0.6199828389472087,-3.4188034188034067,False,0.2124999999999999,-4.273504273504273,-5.128205128205125
OAL,2022-08-30,3.5087719298245648,3.9090558276720784,7.27272727272728,1.3995282221596137,3.63636363636364,False,0.26086956521739146,-6.7796610169491585,-6.7796610169491585
OAL,2022-08-31,2.542372881355923,4.672588751544488,9.090909090909092,1.7080182603267993,9.25925925925926,True,0.30434782608695654,-9.090909090909088,-9.090909090909088
OAL,2023-06-21,10.0,12.775999029331558,3.030303030303019,2.0428537748029827,1.0101010101010066,True,0.423076923076923,43.63636363636365,19.09090909090909
OAL,2023-10-12,4.040404040404043,2.193280867635123,3.030303030303019,0.21779377171225725,-10.810810810810805,False,0.04938271604938276,-3.883495145631071,24.271844660194173
OAL,2023-10-17,2.9702970297029774,2.2773186191378785,8.08080808080807,0.46737291751071497,-0.9803921568627416,False,0.0617283950617284,-4.8076923076923075,21.153846153846146
OAL,2023-11-05,5.05050505050505,5.292353667828004,3.030303030303019,0.45534921320359584,0.0,False,0.0617283950617284,28.846153846153843,19.23076923076923
OAL,2023-11-06,9.615384615384615,7.138499355326141,5.05050505050505,0.7954401066894492,5.05050505050505,True,0.1851851851851852,15.789473684210517,8.771929824561402
OAL,2024-07-04,9.016393442622963,2.3764577748038502,7.692307692307695,0.6938575364590494,2.5210084033613356,False,0.25000000000000006,-5.2631578947368505,6.766917293233071
OAL,2025-07-16,8.333333333333329,5.543404225405141,5.555555555555548,1.4201516715363327,2.85714285714286,False,0.5032258064516129,-2.5641025641025665,-10.256410256410255
OIMEX,2019-05-02,8.163265298742713,2.328153799136301,8.571428607589294,0.9598197419863791,-7.83699060756761,False,0.21798866873654998,8.4905660538559,3.773584921079555
OIMEX,2019-08-06,3.401360557883866,2.61663524631662,8.602150529895077,0.8907334437396237,-10.909090916249992,False,0.20599934839664885,-2.9605263467216214,-14.144736838781977
OIMEX,2020-08-04,4.526748982040331,25.039800578155766,0.8230452655337018,3.1006725045502406,0.0,True,0.48907766993074847,-3.149606291400569,-3.9370078642507225
OIMEX,2020-09-16,6.399999983871986,4.350373033819955,6.995884778641467,0.896981005830838,-1.5748031457002771,True,0.6528571424965,-4.511278184804117,-7.5187969746735135
OIMEX,2020-09-21,4.7058823403460215,2.3314547198356785,8.943089407991268,1.2344736412279784,3.238866431698606,True,0.6592857142442502,-7.116104870386743,-8.988764061292772
OIMEX,2021-01-14,4.526748971193407,6.88085620639064,8.641975308641966,14.432878204710466,0.0,True,0.7714165965777803,-4.330708661417314,-4.330708661417314
OIMEX,2021-09-30,4.687499999999997,2.011079602109757,7.599999999999994,0.4504563183245823,-4.11985018726591,True,0.6956521739130436,-6.3432835820895495,-27.238805970149254
OIMEX,2022-09-29,3.1914893617021165,5.94452199588627,8.51063829787233,0.5391412263723426,-6.467661691542291,True,0.2972972972972971,-3.0927835051546286,-3.0927835051546286
OIMEX,2023-02-28,3.1847133757961785,4.531907155925442,8.280254777070068,0.5309330206430898,-16.931216931216927,False,0.10344827586206892,8.024691358024697,6.17283950617284
OIMEX,2023-05-02,3.6585365853658622,2.0437530309799565,7.547169811320761,0.34431856181526,-6.2857142857142945,False,0.24137931034482768,45.29411764705882,44.70588235294118
OIMEX,2025-07-23,4.471544715447146,2.4121015854580636,6.147540983606558,1.2563227380508875,3.797468354430389,False,0.8056426332288401,-7.3929961089494105,-10.894941634241247
OLYMPIC,2019-01-06,8.09638554216868,5.4995225837715624,9.486552567237167,0.9017976595322599,-4.772831574116569,False,0.35405405405405416,7.668301382077569,4.592064199732493
OLYMPIC,2019-09-11,4.115853658536582,3.312883926012126,9.968684759916489,0.9506025905875266,-7.2135785007072055,False,0.23193473193473196,-5.4660810151293395,-14.29965836993656
OLYMPIC,2021-01-03,2.7210884353741585,2.627318578527764,8.88888888888889,1.0706202210929667,7.905138339920949,True,0.8584070796460178,-3.7697401935812556,-9.169638308711155
OLYMPIC,2021-09-05,3.5428571428571365,2.5430774439962898,6.069364161849711,1.1514184077987517,0.5169442848937426,True,0.41061946902654844,7.947019867549672,7.836644591611488
OLYMPIC,2021-09-09,9.973045822102426,8.376439730444565,9.075144508670514,1.4918968520815745,3.2850779510022305,True,0.8141592920353983,-6.61764705882353,-6.61764705882353
OLYMPIC,2022-12-04,4.237978810105951,2.7551057650458453,8.797909407665513,1.1488098824375195,5.2315608919382575,False,0.28760330578512405,-0.7818608287724784,-6.098514464425341
OLYMPIC,2023-01-17,3.0794165316045357,3.3167223612439645,7.996632996633009,1.206423396147016,-2.7580772261623325,True,0.2760330578512397,8.490566037735848,19.49685534591195
OLYMPIC,2023-01-29,6.017418844022177,6.753271121597348,4.754098360655735,1.5702139626499274,1.8548387096774173,True,0.3867768595041323,9.111277072442112,9.48469006721433
OLYMPIC,2023-03-15,6.361829025844927,2.9954527723394206,6.8750000000000036,0.7978330992120787,3.2854209445585294,True,0.970873786407767,-3.1775700934579403,3.052959501557636
OLYMPIC,2023-09-21,2.571041948579149,5.458303696803806,3.1966643502432204,0.7774969021730186,-0.33715441672285906,True,0.5729323308270676,-0.5936675461741463,3.5620052770448587
OLYMPIC,2023-09-26,2.5913621262458513,4.8103072834205785,7.5747046560111215,1.499952180378991,2.1031207598371737,True,0.6150375939849625,-1.8134715025906807,3.562176165803109
OLYMPIC,2023-10-25,3.7203335471455947,2.444133724947819,5.937291527685127,1.3455203677715417,4.0026684456304205,True,0.7248120300751878,-3.2776747062461244,-11.935683364254784
OLYMPIC,2024-03-05,3.4907597535934256,9.818263604997522,5.555555555555555,0.3907189091660464,-3.881578947368425,True,0.314285714285714,-2.1825396825396712,2.0502645502645653
OLYMPIC,2025-07-10,2.799479166666674,4.070944704862387,5.653950953678462,2.225210729917077,5.9310344827586166,True,0.7210045662100457,3.609879670677637,4.749841671944268
OLYMPIC,2025-07-23,5.636478784040536,5.602662807873984,7.0394736842105194,2.5161608973101375,7.781569965870311,True,0.7616438356164384,1.0191846522781707,0.17985611510790345
OLYMPIC,2025-07-31,3.2158317872603694,3.3446544689045385,8.821635544108169,2.19552175962655,5.342019543973934,True,0.7621004566210046,-0.8987417615338525,1.797483523067705
OLYMPIC,2025-08-03,3.59496704613541,5.079823949806687,8.821635544108169,2.3421358531958214,8.588158750813284,True,0.7894977168949772,-3.1231925968768106,-1.9664545980335486
OLYMPIC,2026-02-15,3.293807641633728,4.124610121932362,6.848357791754027,2.0154074916323594,7.279151943462906,True,0.886376483889203,-1.4030612244898066,-2.7423469387755173
ONEBANKPLC,2019-05-30,3.053435164207652,2.9371140045326616,7.142857193095242,1.3884123076377652,2.3437499283316034,False,0.18747658898955022,-1.4814814638547293,-3.7037037006646125
ONEBANKPLC,2019-09-23,4.6728972140646405,2.9067867912987664,9.523809559980965,0.7950174359799644,-12.295081976441894,False,0.09722222250001453,-2.678571446233249,-0.8928571817131631
ONEBANKPLC,2019-12-01,5.714285689568582,4.074800646893826,6.930693064746056,1.6221246791601118,-4.545454542708062,False,0.131578947038551,-7.207207184370716,-9.909909885994516
ONEBANKPLC,2020-06-28,3.4482758598736583,14.495847150018264,0.0,0.29411182342393943,-7.446808506250416,False,0.19999999988922498,3.3333333312819513,1.5000000040002075
ONEBANKPLC,2020-07-08,4.3956043929289885,3.525203154065717,6.896551719747328,3.5202537743310645,4.597701146498222,False,0.28333333309947506,-3.84210525625364,8.31578947583219
ONEBANKPLC,2020-08-04,3.3707865220483435,2.0779336052403576,3.448275854960376,0.9265421620124596,3.8333333285125684,False,0.3099999998006049,19.565217340199673,14.130434780739028
ONEBANKPLC,2020-08-09,6.521739128689748,4.76782559077583,8.045977011076092,1.0299518439997333,6.153846154969803,True,0.4149999996824449,4.081632648447523,8.163265253833817
ONEBANKPLC,2020-09-13,4.672897205476454,3.090184922576726,7.920792028117829,0.7629883485727667,6.999999947039008,True,0.694736840984216,-4.464285722696103,-4.464285722696103
ONEBANKPLC,2020-11-02,2.8571428112108723,2.230253044145109,5.882352898587081,1.1803780560175263,-4.545454506218998,True,0.7065868257541538,0.92592592773492,-2.7777777343621284
ONEBANKPLC,2020-12-27,4.807692264286712,6.088749074633923,7.843137215354671,1.2481560559999643,0.0,True,0.7275449096288573,1.8348623888729914,1.8348623888729914
ONEBANKPLC,2021-01-04,3.8095237650272082,2.83252375376707,9.900990050815606,1.8669585867722538,0.0,True,0.7275449096288573,3.6697247777459827,-2.7522935833094957
ONEBANKPLC,2021-01-05,3.6697247777459827,5.464274266728027,9.900990050815606,2.0510737564851187,2.8301886848789706,True,0.8113772451276705,-0.8849557538648375,-7.964601738102052
ONEBANKPLC,2021-05-05,7.692307653291419,6.175852599287186,2.9411764751513947,0.8933805957734873,2.9702970236011086,True,0.790419161252967,25.281250048099064,17.745535759491595
ONEBANKPLC,2021-08-03,3.0534351145038197,2.976534378789967,6.2992125984252025,0.7747558421369298,2.3437499999999916,True,0.7144238205579564,6.66666666666667,1.481481481481476
ONEBANKPLC,2021-08-17,5.797101449275354,4.755239103117391,7.6923076923076925,1.543383688846703,8.661417322834657,True,0.8640113431228363,-6.164383561643838,-4.794520547945201
ONEBANKPLC,2021-11-16,4.687499999999997,3.949398579668162,5.645161290322575,0.6158553621378617,-1.538461538461533,True,0.651396815864284,44.77611940298506,7.462686567164178
ONEBANKPLC,2022-08-03,4.854368932038835,3.472148114632578,6.122448979591832,1.4157782171572824,-4.62962962962963,False,0.09009009009009011,-5.555555555555569,3.7037037037036904
ONEBANKPLC,2022-08-28,3.809523809523813,5.6122120766493095,5.940594059405938,0.8217895309706084,3.960396039603964,False,0.09909909909909909,-0.9174311926605472,-0.9174311926605472
ONEBANKPLC,2023-01-03,3.883495145631054,2.323702897930748,9.000000000000004,0.6620323043187802,-8.035714285714274,False,0.17999999999999972,6.542056074766365,8.411214953271031
ONEBANKPLC,2023-01-17,3.63636363636364,5.457315324195518,9.803921568627452,1.5058894983681788,1.8518518518518452,True,0.31999999999999995,1.7543859649122744,4.385964912280701
ONEBANKPLC,2024-07-04,4.166666666666664,2.967781711536499,7.352941176470589,1.2108323835117845,-1.3698630136986254,False,0.646551724137931,-3.9999999999999973,35.99999999999999
ONEBANKPLC,2024-07-07,3.9999999999999973,2.2705140773365535,8.695652173913038,1.37995831679618,5.633802816901413,False,0.6724137931034483,-7.692307692307689,39.74358974358975
ONEBANKPLC,2025-01-02,9.523809523809511,13.263890136818338,7.407407407407403,0.7935697439561631,-2.3255813953488293,True,0.793103448275862,-6.52173913043478,-3.26086956521738
ONEBANKPLC,2025-02-25,3.409090909090897,4.1412033435652535,2.2727272727272645,0.7029767257941597,2.32558139534885,True,0.7844827586206896,-3.296703296703285,-6.5934065934065895
ONEBANKPLC,2025-10-05,2.6666666666666687,2.0075933914365156,9.722222222222223,0.7650368729403826,-5.06329113924051,False,0.8020833333333334,-7.792207792207799,-9.090909090909092
ONEBANKPLC,2026-01-04,2.85714285714286,5.5437599818261925,5.970149253731335,0.6181642507595198,1.4492753623188355,False,0.75,-1.3888888888888962,1.388888888888884
ONEBANKPLC,2026-02-02,2.739726027397263,2.612542125983979,5.71428571428572,1.1408636848904896,1.388888888888884,True,0.7978723404255319,6.666666666666667,5.3333333333333375
ONEBANKPLC,2026-02-09,3.9999999999999973,2.0329282049413786,7.042253521126761,1.2684777555421327,7.142857142857142,True,0.8297872340425532,3.8461538461538445,-1.2820512820512775
ORIONINFU,2019-05-05,3.8888888908127637,2.379234127805059,5.653021428409118,1.181577489448575,4.854368926025067,True,0.5041666666246528,-1.782531196078438,-2.139037431372542
ORIONINFU,2019-05-21,3.663003646251792,4.083308595160812,9.245283030537554,0.727553301496368,4.1984732821222535,True,0.5249999997479166,0.17667846291314315,-5.830388693094558
ORIONINFU,2019-06-11,2.9038112632106072,2.768559338752471,6.493506489795919,0.6576199241925732,-2.8218694988693347,True,0.5291666668309029,-5.9964726802472335,-4.585537930812566
ORIONINFU,2019-07-02,8.181818179999993,16.49203522932462,4.914933829960587,1.07883147130955,0.7326007252210569,True,0.6458333332378471,-10.58823529933761,2.0168067210423066
ORIONINFU,2019-07-29,5.52486188438488,2.785808638398623,9.823182721600586,0.6074857434194263,0.9293680204288174,True,0.5541666665788193,13.263525307386805,8.551483431213825
ORIONINFU,2020-01-23,3.0630630723480285,2.8132534303537664,8.932038830721087,1.0713631698062627,5.714285698721077,True,0.49454545440000003,-6.468531461538464,45.10489509615384
ORIONINFU,2020-02-10,9.890109891216849,8.412806864624127,7.662835257438967,1.2031598928701444,0.18348623668040742,True,0.5963636364000001,50.49999998579165,14.666666665444444
ORIONINFU,2020-07-12,3.453038669794099,13.092936457373476,3.7447988832354473,17.662856106970715,0.41608876141359263,True,0.586142322069604,-3.6048064019172843,5.874499332521689
ORIONINFU,2020-08-04,2.6315789361422977,2.4145131897529013,3.190013868017331,1.0466458883591354,0.13869625380452363,True,0.5711610486035014,12.820512826602995,3.7786774698396077
ORIONINFU,2020-08-06,3.8461538531276456,3.0704037302622496,3.7447988832354473,1.449498731200703,0.9708737766316872,True,0.599250936378193,3.8359788265673633,3.5714285646730883
ORIONINFU,2020-08-09,6.48148147461052,2.8855437023292203,6.796116497448254,1.75090309554651,3.2786885216339594,True,0.6910112359203383,-4.596273287070697,0.24844720249065505
ORIONINFU,2020-12-06,4.438280152258088,6.393805554143955,4.576976421319211,1.669911914124927,0.0,True,0.5363790185328431,-0.6640106175739682,-3.7184594876307
ORIONINFU,2020-12-27,6.315789468504157,2.676166638005691,7.3103448302439835,1.4827180962333153,5.409153944146374,True,0.6294416242984016,-10.148514845925028,-10.767326720963318
ORIONINFU,2021-06-13,5.523255806284643,13.31798812031424,9.145427276812859,19.784567832340493,-4.576976421319211,False,0.27990430631578944,-9.366391181818184,-4.132231409090913
ORIONINFU,2022-05-09,2.734839488866524,3.5397270996992054,7.369758572594049,1.2200280970860333,-2.54924681358918,False,0.41153846132936395,-10.069444445019133,-5.90277778206581
ORIONINFU,2022-06-23,2.647412755556714,5.273232049860094,5.41561712985934,1.0121410066884726,8.62745097982827,False,0.3903846151921968,13.24736224658574,26.377491200095104
ORIONINFU,2023-10-17,2.6670754138565265,2.361938271157243,8.223684210526317,0.7997038900366035,4.853744776599153,False,0.1266937669359176,7.494774559570027,-8.51000298596596
ORIONINFU,2025-02-18,3.6486486486486487,2.5413615703017096,6.267409470752089,0.914094482037191,-2.631578947368421,False,0.5275828862291925,-0.23468057366361855,5.397653194263361
ORIONINFU,2025-02-23,4.488711819389104,2.360771301410085,8.83977900552486,1.0979449326230215,0.02656748140276906,False,0.541202366212684,-0.17793594306049534,-1.8047788510421876
ORIONINFU,2025-07-08,5.588235294117654,2.317605144190539,5.80283547642597,0.8515644191644773,-7.413010590015129,False,0.5513651877133107,8.573197152584335,16.774992262457438
ORIONINFU,2026-01-04,7.2808737048445815,2.348533265517874,8.731808731808743,0.680814697696687,-8.200514138817475,False,0.6520851063829788,-6.525711302531975,-5.037849125554688
ORIONINFU,2026-02-26,3.2432432432432434,2.6000709681327905,5.3218166620228535,0.9389413108571409,2.351313969571231,False,0.6502127659574468,-4.712041884816754,-14.73821989528796
ORIONINFU,2026-03-04,3.9534253994042685,2.535164489076707,7.694444444444441,1.494762393600657,1.2058098109071074,False,0.6534468085106383,-6.329773378483969,-11.565511852044798
ORIONPHARM,2019-05-19,5.647840531561459,2.0558529483175243,7.3578595317725854,0.948581189391876,5.985915492957757,False,0.2096774193548388,-0.9433962264150966,-4.716981132075471
ORIONPHARM,2019-07-02,2.605863192182413,2.0238086389931498,6.000000000000003,2.091444320271774,0.0,False,0.21818181818181825,-6.349206349206349,-5.3968253968253945
ORIONPHARM,2019-08-08,5.405405405405398,2.4975576333293446,5.460750853242313,1.588447348692847,-4.207119741100315,False,0.20000000000000004,-3.8461538461538445,-11.538461538461533
ORIONPHARM,2019-11-19,3.422053231939158,3.1310940541686105,9.803921568627452,2.059898465224299,3.9525691699604746,False,0.16867469879518074,-0.3676470588235216,-4.044117647058816
ORIONPHARM,2020-02-10,4.000000000000005,3.0100757352355263,4.779411764705885,0.9322286297284148,6.589147286821702,True,0.31818181818181834,63.63636363636361,21.678321678321662
ORIONPHARM,2020-02-11,8.391608391608386,17.34322575181933,5.514705882352941,1.143671362736237,8.745247148288977,True,0.5,47.41935483870969,20.967741935483872
ORIONPHARM,2020-07-08,3.0952380952380882,10.575089331492544,1.904761904761898,2.5648086926724103,0.0,True,0.7470355731225294,-2.540415704387978,1.3856812933025437
ORIONPHARM,2020-07-12,4.651162790697675,6.220288529900547,3.809523809523813,4.385689786699016,2.380952380952381,True,0.8142292490118577,-3.555555555555559,0.44444444444445075
ORIONPHARM,2020-08-09,4.555808656036446,2.22446708241782,6.904761904761901,0.9040854982955124,1.3856812933025437,True,0.8498023715415018,26.143790849673206,33.769063180827885
ORIONPHARM,2020-12-06,6.997742663656889,2.7487173074395157,7.142857142857142,0.9373145817471773,-4.1125541125541245,True,0.57356608478803,12.236286919831233,7.383966244725738
ORIONPHARM,2021-08-02,8.710801393728223,3.9581856936993,5.328596802841918,0.7824224072227235,0.7017543859649098,True,0.9066666666666666,16.185897435897438,13.141025641025633
ORIONPHARM,2021-09-22,7.407407407407411,6.222228962799627,7.05882352941176,0.5738700643468351,0.14265335235379248,True,0.9737609329446066,44.562334217506624,40.45092838196286
ORIONPHARM,2022-01-04,7.886435331230285,2.411618257175942,9.413067552602437,0.5558814715631809,-9.169054441260753,True,0.8010610079575596,2.3391812865497132,5.653021442495138
ORIONPHARM,2022-04-24,3.0060120240480965,4.161067819742012,9.322033898305081,0.47097772636336616,-2.9182879377431905,True,0.803452855245684,-4.47470817120622,-10.603112840466917
ORIONPHARM,2023-01-10,5.006105006104999,2.825833551527087,4.899497487437193,0.820571438079881,-4.98839907192575,False,0.10646387832699626,2.5581395348837246,8.372093023255816
ORIONPHARM,2023-04-02,2.512562814070352,2.780339245806047,3.3919597989949786,0.6757204891716373,-4.096385542168682,False,0.050697084917617236,-2.450980392156863,-2.450980392156863
ORIONPHARM,2024-07-04,3.5014005602240896,3.0232037824045737,6.104651162790702,0.7959989664783056,-2.1917808219178005,False,0.41311475409836096,-8.119079837618402,-13.531799729364014
ORIONPHARM,2025-01-21,5.633802816901409,3.446808260357025,9.329446064139951,0.7454909966840702,-6.0846560846560775,False,0.4084967320261438,-16.53333333333333,-18.933333333333337
ORIONPHARM,2025-02-27,5.501618122977356,2.3060077515533863,8.561643835616438,0.5494260940352934,-8.035714285714294,False,0.35511982570806105,-5.828220858895712,-0.30674846625767305
ORIONPHARM,2025-03-27,3.205128205128217,2.4211420396972043,6.666666666666667,0.7788076025715782,0.0,False,0.3975308641975309,-6.521739130434787,-12.73291925465839
ORIONPHARM,2025-06-04,4.887218045112771,3.84095938800352,9.803921568627452,0.9652657560231684,3.5019455252918372,False,0.34444444444444444,6.451612903225809,20.071684587813625
ORIONPHARM,2025-08-25,9.937888198757749,6.927945913986765,9.69899665551839,1.0970347725466207,-1.5290519877675839,True,0.5035561877667141,12.99435028248588,-3.6723163841807827
ORIONPHARM,2026-02-05,3.370786516853941,2.074614715804667,6.818181818181822,1.4252142606523495,-3.956834532374106,False,0.6433566433566434,11.231884057971007,4.347826086956519
ORIONPHARM,2026-02-10,6.0714285714285685,4.074896126003832,6.818181818181822,1.1838865628585857,0.7194244604316521,False,0.6923076923076923,6.397306397306404,-2.693602693602696
ORYZAAGRO,2023-06-22,4.9999999999999964,3.6645698094452834,9.243697478991592,1.0351732522134616,-0.8264462809917326,False,0.04201680672268908,12.698412698412694,23.01587301587302
ORYZAAGRO,2023-11-26,4.02684563758389,4.0027770994326595,7.9710144927536195,1.8470187303871277,5.6737588652482325,True,0.6153846153846154,3.870967741935493,2.580645161290325
PADMALIFE,2021-01-19,9.278350515463922,3.7828009377284637,6.806282722513074,1.3395049791865916,0.5181347150258957,True,0.6691176470588235,-7.547169811320745,-12.73584905660377
PADMALIFE,2022-03-30,4.684317718940931,3.186909789917444,8.639308855291578,1.2033646772572757,4.690831556503205,True,0.8137931034482758,-7.00389105058366,-4.669260700389103
PADMALIFE,2022-11-02,4.0650406504065035,4.8306964297701285,7.79220779220778,1.3929412968845398,3.5789473684210584,True,0.4913294797687862,2.5390624999999947,-0.19531250000000278
PADMALIFE,2023-01-05,6.666666666666667,2.8855425364709104,7.798165137614675,0.26187784025379307,-8.536585365853663,False,0.24766355140186913,3.7499999999999942,-1.250000000000003
PADMALIFE,2023-03-06,6.428571428571435,5.2307997150323065,5.91133004926108,1.1412455285500311,-11.392405063291136,False,0.1744680851063831,-7.158836689038036,-7.829977628635346
PADMALIFE,2023-05-23,3.132530120481921,3.1490765944548875,9.22330097087378,7.256427954665284,0.7281553398058184,False,0.09361702127659559,8.177570093457945,3.0373831775701037
PADMALIFE,2023-05-25,9.905660377358497,12.52178620169105,9.22330097087378,7.883570954051349,2.9126213592232904,False,0.2553191489361703,11.158798283261794,-6.652360515021462
PADMAOIL,2021-10-06,5.0788091068301195,2.0492226352692913,5.158730158730154,0.43022125124314503,-5.031185031185029,True,0.7702702702702703,-7.999999999999995,-12.166666666666663
PADMAOIL,2026-02-15,5.145797598627786,2.3674684529246592,3.914590747330957,1.532753764931408,4.10714285714286,False,0.8799043062200957,-2.446982055464926,-3.371397498640575
PAPERPROC,2023-01-23,3.9544962324524673,2.433934893988588,8.23401951804199,0.8790683961526182,-8.432539712779901,False,0.2555968906596112,-4.585721758867272,-7.347576887349875
PAPERPROC,2023-02-09,3.2733224488737522,3.171197036295704,6.933483596927427,0.8374106660733986,-4.431699703673331,False,0.2401499168028956,-8.769149513943681,-12.783940828807097
PAPERPROC,2023-04-06,9.981960330729779,7.210653202601085,5.939393955499737,1.3055750772514323,-2.406103288393503,False,0.2021265965895685,-0.10934937995797994,27.446692125602894
PARAMOUNT,2019-11-28,7.3469387487973385,4.413137618614507,7.468879693338621,0.9288988509924376,-4.669260714473198,True,0.9008810569302335,54.37262360458125,61.21673009181801
PARAMOUNT,2020-06-21,2.5773196085131125,2.1187492898101263,6.469002694720312,0.3613340116619375,9.62880886146706,True,0.8650783699132211,30.904522609959344,81.4070351676978
PARAMOUNT,2021-09-01,3.3632286995515694,2.0194064700336845,8.391608391608395,0.7446595104378528,-8.793456032719831,False,0.2773181168175075,-7.158351409978317,-9.43600867678959
PARAMOUNT,2021-12-23,2.5367156208277586,3.0457758646223105,6.442577030812316,1.122438298333161,-1.447368421052624,False,0.11263659294628002,-2.604166666666667,-5.59895833333333
PARAMOUNT,2022-02-06,5.431754874651819,4.166316102660904,4.7954866008462504,0.9633091228253786,-4.010695187165775,False,0.09414401798495056,-6.605019815059444,-18.89035667107002
PARAMOUNT,2022-09-01,3.703703703703698,2.9649716985058476,9.032258064516135,1.5791777696368494,-3.571428571428566,False,0.143418467583497,-7.142857142857145,-7.7380952380952355
PARAMOUNT,2023-09-04,4.62962962962963,5.73299774076333,7.317073170731707,0.5487169294599871,-3.139013452914795,True,0.2830188679245283,66.8141592920354,43.805309734513266
PARAMOUNT,2023-12-13,7.3446327683615795,3.1767197954556807,8.34951456310679,0.6730890925436748,-10.906040268456376,True,0.4356659142212189,-0.3508771929824611,5.9649122807017525
PARAMOUNT,2024-03-06,9.90654205607476,2.573737548780122,8.61423220973783,0.3270721628048566,-9.322033898305085,True,0.4762979683972911,-4.931972789115644,-8.673469387755093
PARAMOUNT,2025-07-27,4.30622009569379,4.175536272798689,7.323232323232319,0.8944384254255361,8.854166666666663,True,0.6507462686567165,-11.23853211009174,9.63302752293577
PARAMOUNT,2025-08-20,9.999999999999996,4.027032910615102,7.874015748031496,0.2580879545703732,-3.7037037037037033,True,0.7032786885245902,7.692307692307702,4.195804195804206
PARAMOUNT,2026-01-04,3.480278422273782,4.5526993349222495,8.866995073891628,0.6634997354634227,8.56423173803526,True,0.8576923076923078,19.95515695067264,24.887892376681616
PDL,2019-02-14,4.046242733402397,3.0104668692147976,9.259259232853232,0.7742778073593174,6.134969330535585,True,0.7717723569716982,-5.555555562345688,-14.444444425432104
PDL,2019-05-02,9.859154907756404,3.952862901509462,7.971014489865574,0.8092886821760198,-7.792207785714288,True,0.5181918694910781,-1.2820512693951382,-1.2820512693951382
PDL,2019-06-13,3.1249999677734337,3.143137493316456,8.609271508223328,0.995783312259368,5.960264912723136,True,0.6132845525868715,1.8181818000000052,-9.696969666666662
PDL,2020-07-30,8.235294126173006,7.117612551591074,3.529411768359863,13.486248047292142,0.0,False,0.18627450985678584,7.60869564749528,7.60869564749528
PDL,2020-10-06,5.825242713366011,2.6814289736182078,7.070707066666672,0.9407604547436973,0.9803921578143058,True,0.3711340208254863,-2.7522935807591873,-10.09174311935864
PDL,2020-12-02,4.70588235294118,2.2247759135830845,5.268817198641467,0.6429733705333814,-6.500000000935004,True,0.3661764705178202,1.1235955056179736,8.988764044943807
PDL,2020-12-13,5.434782608695652,3.8951249301876665,8.23529411764705,1.1750419117416728,4.329896909367627,True,0.5524590166039235,-7.216494845360819,0.0
PDL,2021-01-03,5.434782608695652,3.4477713099124756,9.302325581395356,0.815840276892678,8.23529411764705,True,0.6240740735240738,-3.0927835051546286,-11.340206185567007
PDL,2021-04-25,8.219178082191789,7.674912074457446,9.589041095890414,4.9208858701733345,-14.117647058823533,False,0.3088888887443953,16.45569620253163,26.58227848101265
PDL,2021-08-02,9.9290780141844,3.1591108576476206,7.518796992481203,0.6086330946851632,7.633587786259542,True,1.0,7.096774193548397,3.870967741935493
PDL,2022-01-19,3.200000000000003,2.0339708602102036,9.322033898305081,1.495221716411481,5.932203389830502,True,0.4444444444444446,-5.426356589147295,-6.976744186046514
PDL,2022-02-24,9.917355371900834,13.937084618033184,6.8376068376068435,0.8708493643585336,0.0,False,0.47619047619047633,0.0,-3.7593984962406015
PDL,2022-05-10,3.2786885245901667,4.515742077502537,6.8376068376068435,0.9568904295462017,-3.937007874015748,False,0.4206349206349207,-10.31746031746031,-4.761904761904759
PDL,2022-07-05,3.333333333333336,3.9559802234587087,6.086956521739125,0.8971605502344762,1.6949152542372818,False,0.15730337078651693,-4.838709677419352,-1.6129032258064602
PDL,2022-08-30,8.87096774193548,4.272973165903233,5.785123966942158,0.9507052431757881,7.826086956521743,True,0.2808988764044944,-11.11111111111111,-14.814814814814813
PDL,2023-06-26,5.05050505050505,24.08060102399287,2.0202020202020132,16.522407737749933,0.0,False,0.10416666666666669,-2.8846153846153912,-4.8076923076923075
PDL,2023-11-13,3.7037037037036904,40.85953910697501,9.090909090909093,91.11186959636201,9.090909090909093,True,0.6842105263157888,13.392857142857142,33.0357142857143
PDL,2025-02-24,3.896103896103894,2.6465813240805094,9.589041095890414,0.6211325100400629,8.450704225352121,False,0.1623931623931624,-8.750000000000002,-9.999999999999998
PDL,2025-07-16,8.47457627118644,4.197922103115977,7.017543859649113,1.0598458253063463,5.35714285714287,False,0.17500000000000004,6.249999999999992,-4.687500000000011
PENINSULA,2019-02-18,9.9290780141844,10.379218496622483,8.301886792452827,0.6751234051440638,-4.406779661016952,True,0.594871794871795,-8.064516129032258,-16.45161290322581
PENINSULA,2019-06-11,3.3834586466165355,5.467549907368778,6.374501992031864,0.5167784494671247,1.1406844106463905,False,0.28301886792452835,-4.72727272727273,-9.090909090909092
PENINSULA,2019-08-20,3.6290322580645102,4.451785714000272,6.808510638297878,1.0090176022603732,2.4793388429752126,False,0.1901840490797545,-11.673151750972762,-17.898832684824896
PENINSULA,2020-02-04,2.604166666666667,2.774247471206711,9.340659340659336,2.180167117991581,-3.517587939698489,False,0.2278481012658227,9.137055837563455,5.583756345177672
PENINSULA,2020-02-12,6.349206349206364,4.486208089971289,9.189189189189186,1.3472999201929405,4.419889502762415,False,0.2684563758389262,7.960199004975113,-5.472636815920405
PENINSULA,2020-08-06,4.022988505747143,7.91009793478942,5.847953216374268,14.051162924448978,1.754385964912264,False,0.2642857142857144,-4.419889502762434,-4.419889502762434
PENINSULA,2020-08-16,5.681818181818182,5.724442015814501,7.602339181286533,15.674570283418623,2.923976608187134,False,0.3000000000000001,-8.064516129032258,2.1505376344085945
PENINSULA,2020-09-09,3.409090909090897,2.4821078945362,5.263157894736834,0.7481308720869236,-2.2222222222222143,False,0.2714285714285714,-4.945054945054937,-3.296703296703285
PENINSULA,2020-09-13,7.6502732240437075,3.597730608650501,9.356725146198817,0.9554052114090867,3.3898305084745846,True,0.37857142857142856,-11.675126903553304,-12.182741116751263
PENINSULA,2020-10-19,9.770114942528753,6.6548892437624545,6.432748538011683,0.9345867549893425,-3.333333333333341,True,0.4086956521739132,32.46073298429319,12.04188481675391
PENINSULA,2021-03-02,10.0,3.944944724681843,7.368421052631572,0.4758971504663321,-6.1032863849765295,True,0.6440677966101696,-2.7272727272727337,-14.090909090909099
PENINSULA,2021-05-06,6.382978723404251,5.3446921160466365,7.02702702702703,1.190358694563566,-2.083333333333326,True,0.4745762711864407,-4.0000000000000036,16.999999999999993
PENINSULA,2021-06-07,7.772020725388601,4.766379214753021,5.851063829787222,1.0485516497728677,3.2085561497326283,True,0.5423728813559323,8.653846153846157,4.8076923076923075
PENINSULA,2021-07-27,5.4545454545454515,3.623979000462636,8.0188679245283,0.6422234802953565,0.0,True,0.6703296703296703,4.741379310344834,0.8620689655172384
PENINSULA,2021-09-05,8.583690987124463,3.6049829227052594,8.620689655172415,0.5611768301740663,3.0973451327433597,True,0.9010989010989012,10.276679841897224,36.36363636363636
PENINSULA,2022-03-31,3.0985915492957785,3.8011565125117452,8.908045977011499,0.8059093614087871,-8.268733850129205,True,0.700361010830325,-10.109289617486345,-6.5573770491803245
PENINSULA,2024-07-03,8.695652173913034,6.428611228785259,9.67741935483871,0.8340905078557123,1.8987341772151944,False,0.14788732394366194,5.142857142857134,-1.7142857142857182
PENINSULA,2025-02-05,4.761904761904762,2.6074903499331485,8.737864077669888,0.8852882646487362,-3.6697247706422047,False,0.38596491228070173,2.7272727272727337,11.818181818181825
PENINSULA,2025-04-28,3.7383177570093498,3.4525168754635707,6.542056074766365,1.0481145798163456,-10.084033613445387,False,0.4977578475336323,-5.405405405405403,-4.504504504504505
PENINSULA,2025-07-16,2.7272727272727337,3.3164815716725773,8.653846153846157,3.049247661010686,4.761904761904762,False,0.5458937198067634,-2.6548672566371745,-5.309734513274349
PENINSULA,2025-08-28,5.555555555555552,4.238059188421944,3.7735849056603805,1.387158672511502,-1.818181818181812,True,0.5615763546798029,21.05263157894737,15.789473684210517
PENINSULA,2025-08-31,4.385964912280701,4.345090471243322,9.433962264150944,1.7635436019803366,3.63636363636364,True,0.6230366492146596,11.764705882352944,8.403361344537814
PEOPLESINS,2019-11-18,3.809523809523813,2.343761153829353,8.542713567839211,0.3602646481826167,0.0,True,0.5344827586206897,-2.752293577981658,7.798165137614675
PEOPLESINS,2020-02-17,2.9268292682926895,2.1855512500861196,9.375000000000004,0.7977966871029188,3.01507537688443,True,0.47413793103448293,-12.322274881516595,-32.22748815165877
PEOPLESINS,2023-01-19,3.1976744186046555,7.374873564144593,8.761329305135947,31.545768458439216,-9.234828496042216,False,0.06521739130434778,2.8169014084507045,-5.633802816901409
PEOPLESINS,2023-01-22,7.323943661971835,10.66120604981586,8.761329305135947,32.2242663660951,-6.332453825857516,False,0.1358695652173913,-4.986876640419943,-12.86089238845144
PEOPLESINS,2023-05-16,2.752293577981647,12.383738055683198,5.329153605015683,16.281310348515323,2.507836990595625,False,0.06875000000000009,4.761904761904765,-5.059523809523818
PEOPLESINS,2023-05-17,4.464285714285714,8.966264291896325,7.2100313479623965,17.391300908225865,5.329153605015683,False,0.12091503267973865,1.9943019943019822,-6.552706552706565
PEOPLESINS,2023-07-16,3.44827586206897,3.140021714899388,3.44827586206897,0.7535584898605093,-0.9316770186335536,False,0.06425702811244986,13.030303030303022,19.696969696969695
PEOPLESINS,2023-07-19,4.320987654320983,3.449989053491936,6.269592476489029,1.1698210815230046,-1.219512195121947,False,0.11764705882352935,14.201183431952677,10.650887573964502
PEOPLESINS,2023-07-20,5.621301775147947,6.581394201918774,6.269592476489029,1.4484985312626535,5.624999999999991,True,0.2287234042553193,10.084033613445362,3.9215686274509762
PEOPLESINS,2023-09-05,4.712041884816746,4.214774046841901,9.972299168975072,0.46471205672013677,-7.055961070559608,True,0.8113207547169812,5.2500000000000036,-7.750000000000004
PEOPLESINS,2023-10-29,5.949008498583574,2.5100998955078113,9.53757225433525,0.4709347358782437,-8.311688311688318,True,0.4411764705882352,-1.871657754010684,-4.545454545454534
PEOPLESINS,2023-12-13,3.380281690140853,3.46590858018217,5.797101449275362,0.6848983712680546,-6.332453825857516,True,0.38970588235294146,-2.997275204359677,2.9972752043596573
PEOPLESINS,2024-12-10,2.693602693602696,2.0851956401341245,9.830508474576266,0.7266758778811163,-2.941176470588242,False,0.6367432150313153,1.3114754098360608,-2.2950819672131124
PEOPLESINS,2024-12-15,5.678233438485806,3.1037185579758777,9.491525423728804,1.159395575043249,-1.5527950310559115,False,0.6993736951983299,-8.955223880597014,-15.820895522388062
PEOPLESINS,2026-01-14,3.0386740331491553,2.2228975832801385,6.5340909090909,0.9763879271919729,-0.2754820936638962,True,0.8944844124700239,5.630026809651479,10.991957104557645
PEOPLESINS,2026-01-18,3.8356164383561606,3.847539894139443,6.818181818181814,1.108475722533983,-0.27322404371585085,True,0.908872901678657,-0.2638522427440671,7.9155672823219
PF1STMF,2020-09-21,7.894736842105258,4.680863798002784,9.333333333333323,0.6121588784963309,-12.643678160919535,True,0.6249999999999998,-4.8780487804877986,-7.317073170731704
PF1STMF,2021-01-04,2.5974025974025996,2.93263242929192,8.333333333333329,0.8433452729784092,1.3157894736842175,True,0.6400000000000001,6.329113924050632,-5.06329113924051
PF1STMF,2021-10-10,4.255319148936174,2.08467322089609,7.608695652173925,0.5515523719393817,-8.737864077669906,True,0.47826086956521746,-8.163265306122454,-8.163265306122454
PF1STMF,2021-11-17,4.444444444444448,4.461395297473667,8.139534883720943,0.7968223957457286,-3.2258064516129106,True,0.4202898550724638,-4.255319148936174,-10.638297872340425
PF1STMF,2022-01-11,4.761904761904765,4.260782122296872,9.876543209876552,0.9300955128105072,-4.545454545454549,False,0.3333333333333334,0.0,2.2727272727272645
PF1STMF,2022-03-13,3.0927835051546464,2.588541995178043,8.888888888888896,1.4281566826499263,8.988764044943807,True,0.5072463768115941,10.999999999999996,13.000000000000005
PF1STMF,2023-05-31,5.05050505050505,20.60436964890793,3.030303030303019,38.13571932004006,0.0,False,0.5348837209302326,-4.8076923076923075,-4.8076923076923075
PF1STMF,2023-06-06,3.000000000000007,4.076183933760768,7.070707070707064,41.66460897611506,1.0101010101010066,False,0.48780487804878053,-2.9126213592233077,-2.9126213592233077
PF1STMF,2024-04-16,6.153846153846159,6.472195301694984,7.6923076923076925,0.7846064704993464,-10.958904109589039,False,0.1,-10.144927536231886,13.043478260869556
PF1STMF,2024-10-30,5.9999999999999964,2.551161673942423,8.333333333333341,0.8053946042473596,-7.407407407407414,False,0.4818181818181818,5.660377358490563,7.547169811320761
PF1STMF,2024-12-04,5.35714285714287,8.657725182865093,7.547169811320761,0.5106622911904248,-6.666666666666672,False,0.5363636363636364,-6.7796610169491585,-8.47457627118644
PF1STMF,2025-02-04,4.0000000000000036,5.590411295671817,8.000000000000007,0.9373938632782144,-7.407407407407414,False,0.5252525252525253,0.0,-1.9230769230769333
PF1STMF,2025-05-04,5.555555555555552,3.666427299520328,10.0,0.4406688645194342,3.8461538461538494,True,0.6867469879518072,-3.5087719298245648,-7.0175438596491295
PF1STMF,2026-01-19,4.0816326530612095,9.757183377816121,8.51063829787233,0.8703044863610663,-3.9215686274509665,False,0.8225806451612903,-1.9607843137254832,0.0
PHARMAID,2019-01-15,5.967306776702115,3.137643193381136,8.89261744966443,0.9771194468826085,-5.233869754850347,True,0.8798165137614681,1.123258948629624,3.98382507113972
PHARMAID,2022-03-27,4.025474645517904,2.0347386399470664,5.651197604790413,0.7115420048000216,-0.07204610951007555,True,0.9567829457364342,-4.4126140695391065,-3.0611066189211042
PHENIXINS,2019-11-18,4.3137254901960835,2.7685357055300672,7.40740740740741,0.6025492263373853,0.39370078740158043,False,0.20994475138121554,-0.7518796992481309,-0.7518796992481309
PHENIXINS,2020-07-15,5.529953917050688,4.453755536122831,9.81308411214954,2.1923566676911443,0.9302325581395315,False,0.34074074074074057,27.947598253275117,37.11790393013101
PHENIXINS,2020-12-23,9.882352941176476,8.33176517782413,9.620253164556955,0.9138831672957849,8.69565217391304,True,0.9102564102564104,-8.565310492505352,-17.987152034261253
PHENIXINS,2022-03-30,4.32098765432099,2.1321252427567927,7.9059829059829125,1.0757080943891393,-3.7623762376237595,False,0.4475374732334047,-9.664694280078907,-4.930966469428007
PHENIXINS,2023-04-05,2.608695652173909,4.261985692190175,5.654761904761901,1.5048928472595082,0.0,False,0.12315270935960589,-5.084745762711856,-4.237288135593221
PHENIXINS,2023-07-16,9.22619047619048,6.7511132368851605,4.464285714285714,1.2026661862407344,-1.7543859649122848,True,0.2900763358778629,7.08446866485012,-2.997275204359677
PHENIXINS,2023-07-19,6.8965517241379475,3.527682262025999,9.821428571428562,1.9019697445816177,3.5714285714285587,True,0.43000000000000044,-0.5376344086021582,-5.913978494623663
PHENIXINS,2024-01-14,3.4391534391534506,5.5806102993650875,6.685236768802224,0.8942222098075376,2.1621621621621547,True,0.4769230769230771,4.092071611253201,4.8593350383631675
PHENIXINS,2024-01-21,3.3591731266149796,2.9640626586275594,9.86301369863014,1.4353980258994434,6.906077348066297,True,0.5461538461538462,4.250000000000007,-0.5000000000000071
PHOENIXFIN,2020-08-13,5.6521738924045355,30.74230618610995,5.726872226330803,1.2131923153727269,1.5833333464419947,True,0.9878514669036733,3.7037037311690364,4.938271597937308
PHOENIXFIN,2020-09-20,6.130268189897384,2.085070946713624,6.938775488129956,0.7045522984320768,8.750000021531259,True,0.9928556984135681,3.610108317202106,-1.4440433192274065
PHOENIXFIN,2021-06-08,5.6000000128896,8.158571974469277,8.90688260012784,1.4845297163066384,8.695652159886585,True,0.5471698119999999,13.636363614462812,22.348484822629697
PHOENIXFIN,2021-08-16,6.188925081433232,5.427553746524299,8.070175438596493,0.8269013262834702,2.333333333333331,True,0.97772173182696,1.5337423312883436,-3.680981595092033
PHOENIXFIN,2021-12-07,4.850746268656718,2.0386883877287674,9.12698412698413,0.6480397316828113,0.37453183520599787,True,0.563973477524467,-10.676156583629892,-7.47330960854093
PHOENIXFIN,2022-01-02,2.8225806451612874,2.2644411217531117,6.639004149377584,0.38389594518917186,-4.2471042471042395,False,0.3947691553697824,-2.3529411764705936,-1.9607843137254901
PHOENIXFIN,2022-01-26,9.917355371900834,12.0156118486884,9.623430962343098,1.3082447361881757,-3.200000000000003,False,0.4663555993583029,-1.127819548872183,-14.661654135338352
PHOENIXFIN,2022-04-03,4.739336492890995,4.68625800035803,6.250000000000003,1.0889050272893952,-5.803571428571416,False,0.17350196485981043,-9.954751131221732,-9.049773755656108
PHOENIXFIN,2024-07-04,9.999999999999993,5.392927146946478,8.620689655172415,0.8944998302275229,-7.6923076923076925,False,0.049382716049382706,-1.5151515151515098,24.24242424242424
PHPMF1,2019-06-24,8.695652173913052,8.7420399012395,4.347826086956526,1.5670577609788752,0.0,True,0.36363636363636354,14.000000000000004,14.000000000000004
PHPMF1,2020-09-21,8.51063829787233,10.140226227062907,6.6666666666666625,0.9346159483116553,0.0,True,0.5199999999999999,25.49019607843139,25.49019607843139
PHPMF1,2021-11-21,3.3898305084745637,3.755099823407214,7.1428571428571495,0.7581376852772508,-1.6666666666666607,True,0.4411764705882352,-4.918032786885243,-9.836065573770487
PHPMF1,2022-03-15,3.63636363636364,4.886424683701411,9.803921568627452,1.5957848103610885,0.0,False,0.323529411764706,-3.5087719298245648,-7.0175438596491295
PHPMF1,2022-06-08,3.7037037037036904,3.0123104210351523,7.843137254901968,0.8533614183937079,-1.818181818181812,False,0.17241379310344826,-5.357142857142854,-3.5714285714285587
PHPMF1,2022-08-16,3.7037037037036904,6.046155503722769,7.692307692307682,1.1365649603920085,1.8867924528301987,True,0.18518518518518517,0.0,-7.142857142857134
PIONEERINS,2019-11-20,7.09876542780778,13.724196297142031,5.414012731239098,2.3171619487646273,-2.994011990335799,True,0.7051282046630917,-3.170028810865877,-2.8818443614106926
PIONEERINS,2020-01-01,12.422360236416415,3.57437680284351,6.269592470473468,0.40131546235575827,-2.4242424151212036,True,0.8012820508881286,0.0,17.127071830784317
PIONEERINS,2020-07-15,5.050505056397311,6.459012912245102,7.8231292871112705,4.2865211619193975,1.0204081644679197,False,0.3424657532584914,60.25641027397066,123.07692310255176
PIONEERINS,2020-07-16,8.333333330248397,6.24521329526305,7.8231292871112705,4.9323969602710775,6.122448986807575,True,0.4407582936935828,62.721893517005725,98.22485210315553
PIONEERINS,2022-02-06,3.9927403838508417,4.906067851295867,4.981549872686913,0.92410724264948,-2.821869444444442,False,0.45045927724498597,-7.8534030790000235,-15.619546210321808
PIONEERINS,2022-03-30,2.639296186178304,2.252278115870912,7.792207835936785,0.7341723225731953,-4.213483131209758,False,0.38579301911188646,-7.904761899999997,-3.4285714300000056
PIONEERINS,2022-04-28,3.680981596738671,2.3368783918277685,9.529025196865527,0.7792994524958213,-4.39882698380647,False,0.31856209160006316,-15.384615387801546,-23.076923071347284
PIONEERINS,2022-08-28,3.328710116343278,2.7945440588677055,3.776223773861795,0.9399835761067286,0.9803921617647028,False,0.056763284972388584,-4.026845627651911,-4.026845627651911
PIONEERINS,2023-01-24,7.277628027958608,14.707636995561465,9.930069926578307,35.38012393900502,3.776223773861795,True,0.20123203261292585,-5.025125628737282,-10.175879391267738
PIONEERINS,2023-05-18,2.912621359223313,9.107615894039736,7.929515418502212,3.1437524143553164,5.881118873714594,True,0.2310541309994157,-0.5390835579514901,-6.064690026954177
PIONEERINS,2023-07-20,6.798866855524096,6.500940702186094,5.726872246696044,1.0339147500608354,1.7291066282420584,True,0.5304273987048806,-3.0503978779841,-7.029177718832906
PIONEERINS,2023-09-07,7.442489851150203,46.091929245728394,7.194244604316546,1.0467680179349546,2.496532593619988,True,0.7435014092525847,0.25188916876572875,-11.460957178841321
PIONEERINS,2026-01-05,3.5269709543568375,3.1992541961086376,5.434782608695652,0.5297029897922463,2.335456475583867,True,0.8603448275862069,4.008016032064128,7.414829659318643
PIONEERINS,2026-01-13,3.0864197530864197,4.1252603352277974,7.234042553191486,1.1389903407723931,0.41322314049587366,True,0.8637931034482759,6.78642714570858,7.1856287425149725
PIONEERINS,2026-01-14,2.5948103792415114,2.1168818662986055,8.085106382978717,1.5245167803742632,2.4539877300613555,True,0.8862068965517241,4.863813229571985,6.420233463035029
PIONEERINS,2026-01-18,5.241935483870971,3.8791610194081465,9.341825902335453,1.800587929476012,4.201680672268907,True,0.9,1.9157088122605364,2.107279693486579
POPULAR1MF,2020-09-21,8.51063829787233,15.018270323358568,6.818181818181814,1.5982119009241094,-2.083333333333326,True,0.6842105263157893,11.764705882352953,11.764705882352953
POPULAR1MF,2021-05-04,4.1666666666666705,2.70859854214803,6.2499999999999964,1.3855706785447386,9.09090909090908,False,0.37500000000000006,10.0,18.000000000000007
POPULAR1MF,2021-05-05,5.9999999999999964,5.945057601101648,6.2499999999999964,1.2506857702025873,8.695652173913052,True,0.46875,7.547169811320761,15.094339622641506
POPULAR1MF,2021-08-26,2.898550724637671,2.4481273010493294,6.060606060606066,0.5895199709412315,-4.166666666666664,True,0.8787878787878787,-1.4084507042253471,-15.492957746478869
POPULAR1MF,2022-03-15,3.7037037037036904,6.491117432903653,10.0,1.8004088017100677,-1.818181818181812,False,0.40624999999999994,-3.5714285714285587,-5.357142857142854
POPULAR1MF,2022-06-08,3.7735849056603805,4.345061703873348,8.000000000000007,1.1616064473671595,-1.8518518518518614,False,0.2,-5.4545454545454515,-1.818181818181812
POPULAR1MF,2022-08-16,3.7037037037036904,3.5479263348021157,5.769230769230766,2.147697862231376,1.8867924528301987,True,0.2499999999999998,-3.5714285714285587,-8.928571428571429
POPULARLIF,2021-09-09,4.761904761904772,2.6354763701654313,9.398099260823646,1.1059611830253833,5.34351145038167,True,0.5671902268760908,-5.13833992094862,-11.264822134387357
POPULARLIF,2022-08-31,2.8700906344410746,2.9083164602340896,9.538461538461544,1.7141421403615216,3.4375000000000044,False,0.12669683257918538,-3.671071953010279,-5.58002936857562
POPULARLIF,2023-01-05,5.828220858895701,7.325954944002186,3.1104199066874028,1.1151862197459148,1.242236024844716,True,0.19402985074626866,8.115942028985499,17.826086956521735
POPULARLIF,2023-05-17,4.3939393939394025,3.709714395052547,6.53188180404355,1.2871329461905465,-2.51107828655835,True,0.2807017543859652,18.867924528301884,12.336719883889694
POPULARLIF,2023-09-17,2.8767123287671157,2.020189279494434,6.388888888888881,1.4925998252933266,2.96191819464033,True,0.3085714285714285,-5.9920106524633825,-7.989347536617844
POPULARLIF,2024-07-04,3.250478011472281,2.1025649135536306,6.521739130434777,0.855216426325973,5.443548387096765,False,0.16581632653061223,-3.1481481481481532,8.333333333333332
POPULARLIF,2024-07-07,3.888888888888892,2.6273285537504023,6.91699604743083,1.0336073377915536,8.651911468812871,False,0.21938775510204084,-3.743315508021393,5.525846702317293
POPULARLIF,2024-11-18,3.9252336448598157,4.4636026988845305,9.418837675350709,2.2193856712652105,8.739837398373977,False,0.7722222222222223,-6.115107913669062,-6.654676258992811
POPULARLIF,2025-02-04,2.6915113871635703,5.946600469520482,8.51063829787234,1.723393203453,-4.16666666666667,False,0.6888888888888889,1.2096774193548416,0.6048387096774136
POPULARLIF,2025-02-23,3.6964980544747053,2.7150212329738688,9.22431865828092,3.1346180004603705,6.418219461697726,True,0.7402777777777777,-4.878048780487795,-4.878048780487795
POPULARLIF,2025-07-09,4.424778761061947,4.802983222145881,8.333333333333332,2.3500746577323683,2.7272727272727337,False,0.7173252279635259,1.6949152542372818,2.11864406779661
POPULARLIF,2026-02-15,6.0606060606060534,3.4748649028515897,6.502242152466364,0.8262637398259829,7.943925233644873,True,0.805921052631579,0.6122448979591778,-2.0408163265306123
POWERGRID,2019-01-27,7.201646090534979,12.061817165234833,6.382978723404255,1.1282956824658597,1.8867924528301856,True,0.7142857142857144,12.859884836852197,2.8790786948176583
POWERGRID,2019-03-11,3.1775700934579496,2.2157205314021593,5.566218809980803,0.25929899142472485,-6.140350877192982,True,0.7073170731707319,-1.2681159420289907,-8.876811594202909
POWERGRID,2019-03-24,2.6415094339622613,2.6946521033168835,7.662835249042145,0.5736508366289648,-2.7522935779816518,True,0.6585365853658536,-4.595588235294118,2.389705882352949
POWERGRID,2019-04-25,2.7675276752767526,3.073497238530936,9.236947791164663,0.9239263172260127,2.2641509433962317,True,0.7378048780487806,11.84919210053859,2.6929982046678633
POWERGRID,2019-08-06,2.7675276752767526,6.229858922944715,7.058823529411767,1.0132244553458905,0.7434944237918322,True,0.5931372549019609,-0.1795332136445268,0.5385996409335676
POWERGRID,2020-01-19,3.3412887828162257,2.43548346694152,8.373205741626794,0.536312478314132,-9.892473118279572,False,0.07174887892376657,23.556581986143197,20.55427251732103
POWERGRID,2020-01-23,8.675799086758001,4.260894079018006,6.459330143540678,1.189331499062853,-1.5730337078651748,False,0.2645739910313901,6.302521008403361,6.51260504201681
POWERGRID,2021-01-04,9.882352941176476,35.12324884268433,7.352941176470589,2.917622987423004,-2.0737327188940062,True,0.5071770334928231,14.989293361884368,0.8565310492505323
POWERGRID,2021-04-20,5.437352245862895,2.4504214930467643,6.683168316831691,0.8703766208195611,-4.0816326530612335,False,0.3183520599250937,-0.22421524663677447,1.345291479820631
POWERGRID,2021-06-17,5.605381165919282,4.296054147381786,7.390300230946889,1.060078679163192,-4.0860215053763405,True,0.299107142857143,-4.03397027600849,7.643312101910831
POWERGRID,2021-07-07,4.85651214128036,2.3033532670300567,9.523809523809513,0.6607115259883637,0.4434589800443364,True,0.3169642857142858,3.3684210526315814,9.473684210526317
POWERGRID,2021-07-12,3.1380753138075312,8.37246331600623,8.843537414965983,0.8753194151450279,9.38215102974827,True,0.39732142857142855,-0.40567951318457557,6.2880324543610575
POWERGRID,2021-09-30,6.050420168067229,5.401459431740767,8.727272727272723,0.5170436763815578,3.658536585365856,True,0.9618644067796611,6.180665610142628,-10.776545166402542
POWERGRID,2021-12-02,9.608540925266901,6.879794977017482,7.575757575757576,0.8492457517346231,0.8976660682226212,True,0.6366366366366366,-9.740259740259742,3.2467532467532463
POWERGRID,2022-03-28,4.500000000000004,2.0562655356113906,7.3578595317725854,0.753678787162494,-3.536977491961419,True,0.5547263681592042,-4.146730462519939,-2.0733652312599746
POWERGRID,2022-07-14,2.6362038664323375,2.201346598762398,4.107142857142852,0.7774485907243044,2.3381294964028725,False,0.3917808219178082,-12.499999999999996,-10.273972602739727
POWERGRID,2022-08-22,3.2319391634980903,2.7925407478505835,4.3893129770992445,1.2704958705181078,-5.054151624548731,False,0.13201320132013203,5.156537753222844,4.419889502762442
POWERGRID,2022-09-04,6.533575317604358,6.400044461312231,7.251908396946573,2.0181023456125815,4.752851711026616,False,0.2576271186440679,-7.836456558773426,-8.347529812606483
POWERGRID,2024-02-18,2.862985685071572,2.173891765108652,8.260869565217385,0.5978420201474496,-6.679389312977099,False,0.6666666666666663,-6.163021868787266,-9.741550695825048
POWERGRID,2024-12-18,4.702970297029699,2.480562381662168,6.281407035175881,0.6373211932467945,2.7989821882951693,True,0.37055837563451755,-5.200945626477531,-21.27659574468085
POWERGRID,2025-04-24,3.977272727272723,7.308926484681278,9.439528023598829,1.37391865190879,1.7341040462427786,False,0.756198347107438,-15.027322404371585,-15.027322404371585
POWERGRID,2025-07-20,5.105105105105114,3.7010896595008655,7.6923076923076925,1.5216303517573135,5.714285714285705,False,0.7231404958677686,-5.142857142857134,-4.857142857142866
POWERGRID,2026-01-21,4.5614035087719325,3.0928066335363757,8.745247148288977,0.89233689764893,4.0145985401459905,False,0.7028301886792453,6.040268456375841,4.362416107382552
PRAGATIINS,2022-02-06,6.37813211439205,3.8740933809222673,7.87309048037977,0.6155187745617624,-1.2373453345969483,True,0.5701559020742457,-9.743040677990985,-20.877944324434644
PRAGATIINS,2022-09-04,3.4755134191841974,4.75438164856762,9.322033901773915,1.5725869185147827,0.6359300628486506,False,0.21689497719631567,2.4427480855334776,-8.70229007875881
PRAGATIINS,2023-05-18,4.674457429048421,4.653018097627896,5.867768593291435,1.790493527276562,4.303482584470063,True,0.393400000132132,1.275917065390745,-3.030303030303039
PRAGATIINS,2025-08-20,3.98481973434534,3.0111653002320673,7.799999999999997,1.4446403032855368,6.036217303822937,True,0.85625,6.934306569343073,7.481751824817522
PRAGATIINS,2025-09-29,5.527638190954769,2.1653539296152204,6.830122591943956,0.41751737642174663,1.5306122448979689,True,0.9782608695652173,31.428571428571423,17.93650793650793
PRAGATIINS,2026-01-20,2.920723226703747,2.7568974708962575,7.43440233236153,1.079380869606449,5.425219941348978,True,0.8447488584474886,1.6216216216216255,2.7027027027027026
PRAGATILIF,2020-09-24,4.678998907593407,2.393425231294907,5.209513022123952,1.7081881863756763,-26.59744405806607,False,0.24258474563567398,-8.21205821361595,-8.21205821361595
PRAGATILIF,2021-05-30,7.003089599139209,10.715109093610934,9.966024912411228,50.6599656247145,9.966024912411228,True,0.4377682403928113,25.697786369618363,5.967276203163065
PRAGATILIF,2021-09-09,7.458563501938284,2.7818792255081206,9.117647063744517,1.2870247811225077,9.475806464151102,True,0.5135623866989985,-3.6846615500294124,-13.624678647874825
PRAGATILIF,2022-02-10,3.458799593159187,2.8352134519510312,8.586956523279538,0.7026599955858794,4.909284949994364,True,0.3296000001603739,-14.454277287365533,-15.14257620730048
PRAGATILIF,2024-01-14,3.619047619047616,3.648747362011472,8.053007135575948,1.7071685226881077,8.024691358024688,False,0.25278810408921926,-1.4705882352941124,-3.4926470588235268
PRAGATILIF,2024-02-29,4.143126177024474,3.6916945805127876,9.897959183673473,0.5447048967959095,-0.6548175865294694,False,0.29326287978863924,-7.775768535262201,-2.9837251356238674
PRAGATILIF,2024-03-21,4.607843137254905,7.504149054471902,8.917835671342692,0.42249103255777376,-1.544401544401539,False,0.24174372523117568,0.5623242736644745,-7.497656982193064
PRAGATILIF,2024-03-24,3.280224929709466,3.5662837600583064,9.1182364729459,1.1498582534713457,2.399232245681382,False,0.28797886393659183,-3.176043557168784,-6.352087114337568
PRAGATILIF,2024-04-29,4.941860465116274,3.0814404619684077,9.451219512195118,0.26671864467062134,-6.352087114337568,False,0.26287978863936584,25.300092336103408,21.698984302862435
PRAGATILIF,2026-01-05,8.406779661016953,2.413833008271241,8.206896551724142,0.5582697760767633,-6.763590391908969,True,0.5632264882000705,1.7510944340212524,47.654784240150086
PRAGATILIF,2026-01-21,9.987745098039223,4.511873075154336,8.580645161290331,1.2412412265170523,9.310113864701927,True,0.6322648820007045,28.07799442896936,40.55710306406686
PREMIERBAN,2019-01-08,4.999999993993635,4.103684831152124,9.677419364098148,2.5585691444266856,5.963302760792604,True,0.5761867905236603,23.809523807707833,14.285714282082335
PREMIERBAN,2019-09-23,6.250000000868972,6.160649114714933,6.45161290461473,0.7151973352501277,-6.796116499696043,False,0.2597978802595013,2.9411764644302307,5.882352941946216
PREMIERBAN,2019-11-26,4.4642857088590455,3.3543570279846047,3.636363624670809,0.7155149572311388,2.7522935846098857,True,0.5444910032561028,-5.12820512908267,-2.564102570245382
PREMIERBAN,2020-08-09,6.060606064886163,9.59494250683287,0.0,0.05933607567000578,5.000000002696452,True,0.532894736985378,2.8571428529920446,3.8095238039893715
PREMIERBAN,2020-08-12,2.9126213676108192,4.44133765681369,9.090909090909104,1.2469433617568861,8.149999989408784,True,0.560526315898546,0.0,3.77358490022987
PREMIERBAN,2020-12-27,4.587155968545432,2.5256358612995347,7.476635515240017,1.0552789613652596,0.9259259246181002,True,0.7522935780362181,6.14035086829194,7.0175438606272715
PREMIERBAN,2021-01-03,4.545454550707395,4.64844962532168,7.476635515240017,1.2123630548391326,-1.7857142832821693,True,0.7798165137710975,10.434782604754728,1.7391304322834902
PREMIERBAN,2021-01-04,6.086956524046021,4.408501011937514,8.41121495315999,1.6255288915138277,2.678571436273143,True,0.9724770642651213,2.459016389855543,-4.9180327901306935
PREMIERBAN,2021-03-14,4.1666666715218845,5.49647484544324,9.999999997688766,0.9828596383771135,7.142857144478568,True,0.8098591547328848,10.39999996485422,-4.539999996841346
PREMIERBAN,2021-05-05,8.256880736831283,3.143345047656287,3.7735848968200503,0.31098642247566366,-9.865384578113998,True,0.7262048189377683,4.23728811580563,5.932203346093984
PREMIERBAN,2021-08-03,3.676470580563356,2.659870692721277,6.153846064284029,1.0752991808591756,7.086614117508845,True,0.9815812009847492,6.382978760875964,4.964539064191943
PREMIERBAN,2021-10-07,3.4722222148087782,2.8328936867126098,6.382978760875964,1.0595752909546703,-2.7027027437317335,True,0.8936082468205299,-2.684563721104894,-3.355704691062332
PREMIERBAN,2021-11-16,4.081632676044714,4.8118311773396165,4.929577436639549,0.8287243096590435,0.6849315379151707,True,0.9645360829724448,-1.3071895237932003,-3.921568648667189
PREMIERBAN,2021-11-18,6.535947696253576,6.26031317003104,9.859154956553752,1.4429605332204858,6.9930069745024195,True,0.9279490618169524,-4.90797546323817,-11.042944774149381
PREMIERBAN,2022-03-21,5.625000031872072,4.691948330454923,8.78378377730552,0.9836688580780958,1.9108280365116144,True,0.8810694538350546,-1.7751479385166882,-4.1420118798624
PREMIERBAN,2022-08-03,2.985074600523497,4.345546572403863,5.51181101695704,1.308077124272164,1.515151501578288,True,0.43599999830665986,-4.347826049700694,-2.1739130637996187
PREMIERBAN,2023-01-03,3.007518852295214,5.435641797219406,3.8759690000000013,1.3729378809030088,3.1007751666666623,True,0.34451901528119344,-1.4598540798923731,-2.9197080813176
PREMIERBAN,2024-01-08,4.580152671755722,6.594055146139244,3.1007751937984525,0.9996864195269877,2.3437499999999916,True,0.8095238095238093,-1.459854014598535,1.4598540145985481
PREMIERBAN,2024-02-11,5.755395683453229,7.453041993306788,5.970149253731335,0.9252001688044251,3.731343283582089,True,1.0,-6.802721088435375,-6.802721088435375
PREMIERBAN,2024-07-04,6.4516129032258025,3.4854742429547443,6.6666666666666625,1.3991659285594746,-8.823529411764692,False,0.6689189189189189,-2.020202020202031,7.070707070707064
PREMIERBAN,2024-08-08,9.278350515463922,5.3740876717984065,8.602150537634397,1.0211874667791132,4.301075268817189,False,0.7162162162162161,0.0,-5.660377358490563
PREMIERBAN,2025-06-24,2.9850746268656745,2.0394860683378453,7.462686567164178,0.4514946956463698,-18.292682926829258,False,0.07843137254901968,8.695652173913038,5.797101449275354
PREMIERBAN,2025-07-07,5.633802816901413,2.211453177422325,7.462686567164178,1.0876318127326352,-6.578947368421052,False,0.19607843137254904,-1.3333333333333286,2.6666666666666687
PREMIERBAN,2025-07-30,2.77777777777778,2.770220744785373,8.450704225352121,2.9964005890432355,5.882352941176476,False,0.1764705882352942,-4.054054054054063,-8.108108108108116
PREMIERCEM,2021-12-28,3.840000000000009,2.3660352155971216,5.090311986863713,0.9244353204560772,1.2965964343598007,False,0.12532637075718026,2.465331278890592,-2.00308166409862
PREMIERCEM,2022-02-24,3.430531732418525,2.24290732344182,3.28719723183392,0.8015707792610364,-8.33333333333334,False,0.07971014492753616,-8.126036484245438,-4.311774461028183
PREMIERCEM,2022-06-02,5.274261603375527,9.690597131654037,8.387096774193544,2.896049972207618,-12.222222222222225,False,0.06551059730250479,-5.811623246492983,-6.212424849699402
PREMIERCEM,2022-07-03,4.059829059829072,3.0546095191078506,7.795100222717149,0.7856863370806393,-6.212424849699402,False,0.07102803738317764,-5.749486652977421,-6.160164271047227
PREMIERCEM,2022-08-17,3.54767184035477,3.4383223616499303,7.6404494382022445,0.8001554409564802,-5.2521008403361344,False,0.06340579710144927,5.99571734475374,-0.8565310492505476
PREMIERCEM,2022-08-31,5.567451820128467,3.788331875860597,8.685968819599106,1.5877903210962085,6.136363636363643,False,0.11050724637681149,-5.476673427991878,-8.722109533468554
PREMIERCEM,2023-04-25,7.627118644067784,20.51467542816996,9.8876404494382,16.729088577478986,6.067415730337085,True,0.49032258064516093,1.574803149606308,12.992125984251974
PREMIERCEM,2023-07-13,4.000000000000005,2.7280940437620167,4.379562043795631,0.5962020365675584,-5.660377358490561,True,0.6698564593301438,8.21678321678321,18.006993006993003
PREMIERCEM,2023-07-16,3.321678321678319,5.601985195388865,7.664233576642341,0.8128091681374154,0.0,True,0.7607655502392346,2.030456852791871,16.92047377326564
PREMIERCEM,2023-07-19,7.952622673434849,10.65517647693718,9.489051094890517,1.7120859402278246,8.043875685557584,True,0.9581395348837206,2.507836990595625,1.0971786833855846
PREMIERCEM,2024-01-16,3.1775700934579496,6.715801455003484,9.84251968503937,1.721801896402655,1.711026615969579,False,0.40839694656488557,5.978260869565212,4.710144927536222
PREMIERCEM,2024-01-17,2.717391304347826,3.409747353468394,9.84251968503937,2.363794009588249,4.15094339622642,True,0.4656488549618321,0.3527336860670119,2.6455026455026456
PREMIERCEM,2024-03-21,6.920415224913495,4.4668457798075165,5.755395683453229,0.6485241405739737,1.048951048951039,True,0.6603053435114502,0.32362459546926026,-0.9708737864077579
PREMIERCEM,2025-08-28,3.512396694214882,3.522492188593014,7.407407407407404,1.1975231526783636,2.3255813953488405,False,0.7126600284495022,-1.996007984031936,-3.1936127744511005
PREMIERCEM,2026-02-02,2.989130434782613,3.034907260666186,8.287292817679557,2.7402853117816273,-6.361323155216285,False,0.6015873015873016,1.3192612137203166,-0.2638522427440671
PREMIERLEA,2019-01-03,3.2967032967033045,2.0961954802867804,9.523809523809511,0.8548440565619305,4.597701149425292,False,0.1205007824537557,30.851063829787233,26.595744680851062
PREMIERLEA,2021-05-03,6.666666666666672,6.064763116662771,9.999999999999993,0.7669327901139285,1.6949152542372818,False,0.36000000000000015,20.312499999999996,23.4375
PREMIERLEA,2022-07-06,3.030303030303033,3.126092330282882,8.064516129032258,0.8946992134535877,-1.4925373134328437,False,0.09302325581395347,2.941176470588238,17.647058823529417
PREMIERLEA,2023-05-29,2.941176470588238,9.749549940672143,2.941176470588238,3.8687053853178903,0.0,True,0.3448275862068965,-2.85714285714286,-1.4285714285714235
PREMIERLEA,2024-01-10,8.823529411764714,9.928000016518494,2.941176470588238,0.9333414752462742,0.0,True,0.4,-9.459459459459461,-12.162162162162167
PRIME1ICBA,2019-09-30,4.1666666666666705,2.8956660559159095,8.888888888888896,0.8110994400954811,-5.8823529411764675,False,0.17857142857142858,0.0,-8.000000000000007
PRIME1ICBA,2020-06-14,4.0000000000000036,2.3949574006856222,5.9999999999999964,0.11282121982493724,-10.714285714285708,True,0.34375000000000017,-3.8461538461538494,1.9230769230769162
PRIME1ICBA,2020-08-06,9.25925925925926,5.578116082216962,7.843137254901968,1.0788354566787954,1.8867924528301987,True,0.5625000000000002,22.033898305084744,15.254237288135583
PRIME1ICBA,2020-09-21,4.477611940298504,3.3504657532700097,7.6923076923076925,0.22777942692442404,-10.666666666666664,True,0.763157894736842,0.0,2.85714285714286
PRIME1ICBA,2021-10-10,3.9999999999999973,2.9399328814371892,6.756756756756756,0.41689156240337744,-6.25,True,0.75,-10.256410256410255,-8.974358974358978
PRIME1ICBA,2022-01-18,2.6666666666666687,3.140780745051016,6.944444444444445,1.7616100279615154,4.166666666666664,True,0.7187500000000001,0.0,0.0
PRIME1ICBA,2022-01-25,4.054054054054052,5.544267603965088,5.479452054794526,1.8316056015398101,8.823529411764714,True,0.7187500000000001,1.298701298701294,-3.896103896103894
PRIME1ICBA,2023-12-27,8.974358974358978,11.641650974228885,3.896103896103894,80.68209822321374,1.298701298701294,True,1.0,-7.05882352941176,-22.35294117647059
PRIME1ICBA,2024-04-16,8.47457627118644,6.273409614392332,8.771929824561402,0.7480638386097647,-11.940298507462684,False,0.1555555555555556,-10.937500000000004,-6.250000000000005
PRIMEBANK,2019-12-29,3.4285714285714364,12.034009770190254,7.017543859649118,0.28103581450671944,-6.417112299465237,False,0.46296296296296324,-11.049723756906078,-5.524861878453039
PRIMEBANK,2020-08-09,4.794520547945213,2.913363669146477,3.5211267605633805,12.46495877111499,2.8169014084507067,False,0.30303030303030315,4.575163398692805,13.071895424836603
PRIMEBANK,2020-08-10,3.2679738562091507,3.105014028802857,9.859154929577468,12.728053929870752,7.746478873239447,False,0.3787878787878789,4.430379746835438,10.126582278481
PRIMEBANK,2021-01-05,6.748466257668698,3.604938799972973,8.024691358024697,2.471491032163292,-6.321839080459759,True,0.6212121212121211,-0.5747126436781487,-5.74712643678161
PRIMEBANK,2021-04-01,4.605263157894744,3.750222968364724,4.6979865771812035,0.9400164650815246,1.3333333333333286,False,0.5,7.547169811320761,-0.6289308176100606
PRIMEBANK,2021-08-17,3.070175438596488,3.2268447352319973,5.909090909090913,1.1219152932072791,0.4405286343612398,True,0.6739130434782609,-2.9787234042553163,-1.276595744680854
PRIMEBANK,2021-10-10,3.6199095022624306,2.6821423077216604,5.529953917050688,0.8184121992887865,-5.957446808510633,True,0.6249999999999999,-4.366812227074236,-3.493449781659377
PRIMEBANK,2021-11-16,3.1250000000000133,4.1800070900694815,4.109589041095901,0.6143985442854356,0.0,True,0.6397058823529412,-4.329004329004329,-3.463203463203466
PRIMEBANK,2022-03-28,3.1674208144796343,3.0904054620526185,8.612440191387563,2.48758805581184,2.7906976744186114,True,0.6060606060606061,-3.5087719298245648,-8.771929824561402
PRIMEBANK,2023-04-27,2.9850746268656607,2.4851888210143342,3.499999999999996,1.0469788389069157,0.0,True,0.511627906976744,-9.17874396135265,-8.212560386473426
PRIMEBANK,2023-08-07,3.061224489795907,6.7601056420488925,3.589743589743586,0.7377089844724734,-1.0101010101010066,True,0.5555555555555557,0.9900990099009866,-1.4851485148514887
PRIMEBANK,2023-10-25,6.43564356435644,18.12038211276119,4.020100502512566,0.40383210806044867,1.507537688442215,True,0.9642857142857137,-0.9302325581395315,-4.651162790697675
PRIMEBANK,2023-10-26,4.186046511627901,18.466685599405704,8.000000000000007,2.0982301473474907,8.040201005025132,True,0.8780487804878048,-5.803571428571416,-8.035714285714274
PRIMEBANK,2024-01-23,4.1284403669724705,7.30603203877121,7.511737089201867,0.8677433961936709,3.3175355450236927,True,0.8666666666666664,1.3215859030837036,-3.0837004405286312
PRIMEBANK,2024-08-07,2.8037383177570163,3.632689322190121,9.852216748768472,1.5586219996860764,1.904761904761898,True,0.9166666666666666,-0.909090909090906,6.363636363636357
PRIMEBANK,2024-08-08,8.63636363636363,6.614117460338454,9.852216748768472,1.9192701527774432,5.769230769230766,True,0.9958333333333332,-6.2761506276150625,-2.0920502092050213
PRIMEBANK,2024-08-29,4.366812227074236,6.766085289861139,8.796296296296289,1.2225444286594422,9.04761904761904,True,0.956,2.510460251046031,-1.673640167364011
PRIMEBANK,2025-02-02,4.938271604938269,5.822189847657642,4.219409282700422,1.2742887959199742,1.250000000000003,True,0.9922178988326849,-1.9607843137254901,-3.137254901960787
PRIMEBANK,2025-06-26,3.1531531531531503,2.0723799637405693,4.651162790697675,0.8325794938203874,1.8348623853210944,False,0.8807692307692307,9.606986899563331,23.144104803493455
PRIMEBANK,2025-07-03,6.0606060606060534,6.11442007764519,7.906976744186044,2.8431167202899275,5.000000000000006,True,0.9423076923076923,6.122448979591836,15.91836734693877
PRIMEBANK,2026-01-04,4.436860068259388,2.387959718991632,4.225352112676067,1.0850339404011833,2.447552447552445,True,0.9870967741935485,0.32679738562090804,8.496732026143796
PRIMEBANK,2026-02-01,7.096774193548397,2.2736851013413446,4.304635761589407,2.1472576184604617,5.802047781569963,True,0.9736070381231672,1.807228915662633,-3.012048192771084
PRIMEFIN,2019-03-27,4.12371134020619,3.042444544908804,7.608695652173925,1.0960630714996813,6.5934065934065895,True,0.5624999999999998,-6.930693069306924,-11.881188118811876
PRIMEFIN,2021-09-27,6.748466257668698,2.1671068723706837,8.387096774193553,0.577549420868604,-1.2121212121212077,True,0.9489795918367346,-1.7241379310344664,-3.4482758620689538
PRIMEFIN,2021-12-07,6.097560975609757,2.610698156394288,8.227848101265826,0.7449844413963922,2.499999999999991,True,0.7265625,-6.896551724137928,-5.17241379310344
PRIMEFIN,2022-01-05,3.125,2.030670787742373,7.1428571428571415,0.6331242600193275,-2.439024390243894,True,0.6451612903225807,-5.454545454545457,-8.484848484848486
PRIMEFIN,2022-02-08,4.545454545454552,3.2231677960422167,5.369127516778517,0.8301370137410997,-3.749999999999998,True,0.6129032258064518,-9.316770186335415,-19.254658385093173
PRIMEFIN,2023-07-04,2.6086956521739193,2.289671434534288,1.7391304347826024,0.8576450856514247,0.0,True,0.32142857142857156,-2.542372881355938,-2.542372881355938
PRIMEFIN,2023-07-10,2.6086956521739193,10.139584598420523,5.217391304347823,2.6889552062321416,0.0,True,0.32142857142857156,-2.542372881355938,-2.542372881355938
PRIMEINSUR,2019-09-15,12.745098039215694,4.103732488468952,7.537688442211056,0.7379037904479535,-0.4878048780487874,True,0.7876712328767123,3.0434782608695623,-5.217391304347823
PRIMEINSUR,2021-12-02,2.6365348399246678,2.4994706094841868,5.675146771037179,0.893195413555488,0.0,True,0.6085972850678734,31.19266055045872,51.192660550458726
PRIMEINSUR,2021-12-05,9.908256880733942,12.031654062363616,7.632093933463794,1.047306533165512,2.0599250936329616,True,0.7307692307692307,16.69449081803006,35.7262103505843
PRIMEINSUR,2022-01-26,7.098381070983814,2.118615537584668,7.373868046571802,0.4776166836620204,4.01554404145077,True,0.948051948051948,6.62790697674419,1.3953488372093057
PRIMEINSUR,2022-04-13,2.600472813238774,4.324487086487004,8.756345177664983,0.7066935380750632,8.04597701149425,True,0.7819650067294751,-5.069124423963125,-7.142857142857147
PRIMELIFE,2019-05-26,10.22044088176353,2.6895111707783608,6.147540983606558,8.29358405629012,-6.026365348399252,True,0.38323353293413176,2.181818181818187,-1.8181818181818181
PRIMELIFE,2020-12-22,3.159851301115247,2.1352668933575454,9.21052631578947,0.21722856403742793,1.5094339622641455,True,0.5535714285714286,-4.504504504504505,-2.8828828828828854
PRIMELIFE,2021-08-19,3.1948881789137267,3.15341728347592,8.514190317195327,0.7351302118138315,2.1207177814029436,True,0.3532934131736526,10.371517027863783,15.170278637770917
PRIMELIFE,2022-08-25,4.7358834244080175,4.317231395576738,4.936014625228511,1.0574393818811634,1.6666666666666639,False,0.11335012594458438,0.695652173913041,-3.3043478260869543
PRIMELIFE,2023-09-17,7.33082706766917,2.5614434092825005,9.108159392789368,1.9131711901979482,-1.115241635687722,False,0.14621409921671022,-7.705779334500873,-7.705779334500873
PRIMELIFE,2023-09-18,4.378283712784588,5.747722934392112,9.677419354838698,2.0870367638870904,3.4420289855072435,False,0.21148825065274157,-11.577181208053688,-11.577181208053688
PRIMETEX,2019-06-10,5.454545454545454,6.455147984854894,6.106870229007639,0.8272381167138929,-1.7857142857142856,False,0.19758064516129029,10.689655172413797,6.206896551724141
PRIMETEX,2021-08-05,5.240174672489096,4.224738224316487,7.373271889400929,0.5982915611975266,-3.3755274261603407,True,0.9158878504672898,8.29875518672199,7.883817427385886
PRIMETEX,2022-03-29,2.702702702702714,2.105543311468184,8.943089430894306,0.6547402168907208,0.7782101167315147,True,0.6949152542372882,-5.639097744360902,-3.3834586466165497
PRIMETEX,2022-05-08,4.3137254901960835,2.3798146232995654,9.090909090909088,0.7805723000836176,-2.298850574712649,True,0.6949152542372882,-6.015037593984967,-1.8796992481203008
PRIMETEX,2022-06-13,4.5112781954887184,8.550859817152809,5.511811023622056,0.8508038226760399,2.307692307692313,True,0.7254901960784315,17.26618705035971,41.72661870503596
PRIMETEX,2022-08-16,8.980582524271833,3.200206244192483,3.883495145631054,0.7574025443790897,6.459948320413436,True,0.9850187265917604,-8.24053452115812,-8.24053452115812
PROGRESLIF,2020-07-09,3.571428578254284,4.389393539457104,6.007751931085111,29.284280463169097,0.38759689534131153,True,0.4694300518386319,-1.397949680270375,14.725069882818023
PROGRESLIF,2020-07-12,4.380242287773523,6.384725253624103,6.007751931085111,29.723206222363473,3.9728682198842415,True,0.5181347147849339,-5.178571407174747,10.446428635793994
PROGRESLIF,2021-05-27,9.918107370336662,8.206657744120385,9.980620155038757,138.7551342432091,6.492248062015507,True,0.6547169810252249,5.298013245033117,5.877483443708616
PROGRESLIF,2021-09-09,7.848324514991174,2.558392810434343,9.908256880733942,1.079266215563007,7.8972407231208495,True,0.5345504180015201,-5.478331970564189,-14.963205233033522
PROVATIINS,2020-07-06,5.213270142442901,9.383304292729289,9.793814470294407,3.9930089176576353,8.762886580529274,False,0.33714285689835105,18.018018028463597,56.306306352124416
PROVATIINS,2021-03-23,9.483960945505734,4.267138354285695,8.380681813767318,1.2474882524582642,-4.527296943536446,True,0.7199074073375048,36.687898098247565,105.53248408873893
PROVATIINS,2022-08-28,3.859060402684559,2.12900948356578,3.395585738539898,1.0036801181285864,2.758620689655175,False,0.03174603174603171,-4.846526655896607,-4.846526655896607
PROVATIINS,2023-05-21,2.5466893039049237,8.40595320912636,3.056027164685916,327.0857611400763,0.0,True,0.045531197301854905,-2.4834437086092715,-2.4834437086092715
PROVATIINS,2023-05-28,5.263157894736844,11.781458018831682,7.300509337860789,328.150289574274,0.0,True,0.07846715328467148,-5.000000000000003,-5.000000000000003
PROVATIINS,2023-09-18,4.482225656877885,7.155155310067332,9.847198641765711,52.86980201290139,9.847198641765711,True,0.9062499999999994,-9.615384615384606,-10.207100591715964
PROVATIINS,2024-12-23,3.151862464183385,3.281343787532963,7.878787878787883,0.47314676560632973,2.3460410557184668,True,0.6,6.388888888888881,4.444444444444448
PROVATIINS,2025-03-13,5.6074766355140095,4.249416760282583,9.740259740259729,0.470568833534265,-5.029585798816556,True,0.6360225140712946,-7.079646017699111,-6.784660766961643
PROVATIINS,2025-04-20,3.8834951456310773,2.1175578708704967,5.519480519480517,0.6810653633355962,-3.7383177570093546,False,0.7213483146067416,2.1806853582554386,-10.280373831775702
PROVATIINS,2025-04-24,4.444444444444439,5.170911119058385,8.116883116883105,1.0183077286418756,-5.120481927710852,False,0.7477272727272727,-5.167173252279634,-14.589665653495432
PROVATIINS,2026-01-18,4.45205479452055,5.427576874821453,8.571428571428566,1.3468969382097957,2.4561403508771904,False,0.7721518987341772,8.19672131147541,7.2131147540983696
PTL,2019-01-01,13.962063730355428,3.114221048753054,8.196721315498538,0.610661216331601,3.4536891761220976,True,0.9942174992817465,1.886792451263109,-2.031930333407276
PTL,2019-06-13,4.1118421001237,4.040957193637197,4.65890182945903,0.9360214197940058,-5.443234826903605,True,0.6952341393603454,-4.581358610080267,-5.845181684905479
PTL,2019-07-04,4.319999998183449,3.6589029319433797,7.903780073458925,1.491596876136771,1.9575856414175548,True,0.7441437123799517,-11.04294478667606,-11.349693237856952
PTL,2019-10-03,3.157894742126039,4.622757092771975,8.888888896895674,0.9786130929619965,-1.2131715867485204,False,0.45043645798125875,-9.693877550523865,-13.605442188125604
PTL,2019-12-11,4.372623572778264,4.473353912954985,6.250000005126956,0.9334113173507708,7.77067669764869,False,0.43739033660780835,7.46812385184687,2.367941696527216
PTL,2020-07-12,3.245436118825836,4.538584252272086,4.089979561475148,4.809861261911181,0.8179959080005446,False,0.3944223108953032,3.5363457669126617,8.055009812726516
PTL,2020-07-14,9.108527140064464,21.75568201640091,6.339468297740471,6.223263807247738,5.521472389739912,True,0.6095617530497136,-3.019538189999659,-4.085257547884819
PTL,2020-09-29,9.926470582629346,11.003249487709883,6.30975142823795,0.8147212191783518,-0.7299270054811059,True,0.7490039840137458,5.351170572966189,7.3578595312440545
PTL,2021-03-08,4.49897750511248,10.690563265212504,2.24948875255624,1.3747270381427437,0.0,False,0.4304421767857144,-4.305283757338557,-4.305283757338557
PTL,2021-04-25,3.6674816625916873,4.627509973663707,8.620689655172413,2.13806713705386,-16.359918200409,False,0.11972789107142849,7.547169811320761,4.2452830188679345
PTL,2021-04-29,2.669902912621345,2.1047164829240437,9.725685785536156,2.6088346498515014,-15.746421267893652,False,0.11615646249999988,8.983451536643036,21.040189125295523
PTL,2021-05-02,9.929078014184405,4.1630912374510425,8.229426433915204,2.7114693122481563,-13.496932515337425,False,0.2661564625,-2.3655913978494656,8.172043010752681
PTL,2021-07-13,8.955223880597009,2.383880997156806,8.128544423440461,0.555960329806547,0.9416195856873822,True,0.6790952464499829,-4.280821917808219,-5.136986301369864
PTL,2021-08-24,2.8469750889679615,2.698208488950226,4.72727272727273,0.8740100372115537,-2.5996533795493932,True,0.6568298285335898,5.017301038062294,16.089965397923873
PTL,2021-08-26,2.7826086956521765,2.389986828986472,6.909090909090904,1.064866152729233,2.6785714285714284,True,0.7050715673524413,2.030456852791871,17.08967851099831
PTL,2021-08-29,4.230118443316413,4.0721969239471045,8.181818181818182,1.2283780100347788,7.650273224043722,True,0.7978441420040783,0.4870129870129824,15.259740259740257
PTL,2021-11-22,6.742857142857149,2.9292695201693473,9.401709401709388,0.8812449581684245,3.5502958579881656,True,0.9708561020036431,2.5695931477515965,-1.391862955032132
PTL,2022-05-08,8.947368421052628,2.724901006420059,6.438356164383566,1.1593442543478196,-15.461624026696336,True,0.6197387518142234,-6.763285024154583,-7.971014492753617
PTL,2022-06-19,4.887714663143993,3.3067925466816104,6.929347826086969,1.0131408990030075,8.920863309352523,False,0.5487804878048782,-1.7632241813602085,-0.6297229219143576
PTL,2022-07-12,4.225352112676071,2.742741699172984,6.052631578947361,1.1094340697728744,3.1704095112285224,False,0.5097690941385435,-4.2997542997543,-5.405405405405412
PTL,2022-07-17,4.055766793409364,2.3144222246456367,9.342105263157888,1.3197439499848311,6.910569105691068,False,0.5204991087344027,-5.6029232643118085,0.7308160779537254
PTL,2022-08-16,5.754475703324808,3.8244108245713697,2.9870129870129833,1.0467005005738108,-0.8871989860583052,False,0.5165441176470589,-3.9903264812575534,-6.89238210399033
PTL,2022-08-21,4.573547589616797,3.7018232047528326,8.051948051948056,1.4220089133506968,0.49689440993789524,False,0.548148148148148,-8.156028368794317,-8.98345153664302
PTL,2023-05-17,3.6363636363636327,4.699123858690784,2.5974025974025974,271.9743250373696,0.0,True,0.6804123711340205,-3.5087719298245577,-3.5087719298245577
PTL,2024-04-16,3.795811518324596,7.761234809483054,9.436619718309863,1.3142878954464017,3.804347826086972,True,0.8756476683937822,-3.1525851197982346,-0.2522068095838624
PTL,2024-05-09,5.541237113402077,4.442765330150955,8.799999999999992,0.9996901187263761,6.740027510316357,True,0.902777777777778,-11.5995115995116,-13.064713064713068
PTL,2024-07-04,2.6950354609929157,3.7273946113250904,7.320644216691069,0.7986433941953364,-2.892561983471067,False,0.46296296296296324,-11.187845303867414,-18.09392265193371
PTL,2025-02-12,2.9288702928870416,3.497810211928993,8.968609865470851,0.7060190465918829,6.458797327394207,False,0.5857142857142857,-1.8292682926829382,-4.674796747967488
PTL,2025-07-13,3.2482598607888593,2.875279842609732,9.898477157360402,2.002391122971021,3.6057692307692304,False,0.606267029972752,7.191011235955062,5.617977528089887
PTL,2025-08-24,9.915611814345999,4.867830929856805,9.555555555555548,0.534303333462268,1.282051282051285,True,0.8027734976887518,14.011516314779266,9.021113243761988
PTL,2025-10-05,3.62694300518135,2.0228707688674126,9.174311926605505,0.4117415883192016,2.1164021164021087,True,0.9836065573770492,-11.499999999999998,-18.166666666666664
PTL,2026-01-19,3.1809145129224685,2.6682707924782543,6.5306122448979655,0.7779689753254442,0.3992015968063787,True,0.8508196721311475,-3.468208092485544,-1.1560693641618525
PTL,2026-02-25,4.52830188679245,4.767619460315422,7.630522088353422,1.3794285745996675,4.3307086614173285,True,0.9081967213114754,-2.346570397111908,-1.985559566787006
PUBALIBANK,2019-01-20,4.9999999999999964,2.526249911719034,8.438818565400844,1.4694226770706798,-2.439024390243908,True,0.6038751342282696,-1.5873015873015817,0.0
PUBALIBANK,2019-05-05,2.9787234042553163,2.00170764400213,7.079646017699106,0.7270538220199072,-2.083333333333333,False,0.6029411764705882,1.6528925619834798,4.545454545454551
PUBALIBANK,2019-06-12,3.5433070866141816,2.5125387057578488,4.938271604938269,0.8988428486066068,6.2761506276150625,True,0.9117647058823533,-3.041825095057037,-5.7034220532319395
PUBALIBANK,2019-10-21,4.201680672268907,14.396252063571628,5.726872246696039,0.8503452801152731,1.276595744680854,True,0.5531914893617025,-1.6129032258064602,-4.032258064516129
PUBALIBANK,2020-01-06,2.510460251046031,9.974239640078222,6.086956521739125,0.46896852611775375,-4.016064257028113,True,0.4893617021276598,-1.632653061224484,-0.816326530612242
PUBALIBANK,2020-12-13,3.333333333333336,2.1273730582746366,6.493506493506493,0.5216335713583546,-2.439024390243908,True,0.7500000000000001,-2.8225806451612874,0.40322580645160433
PUBALIBANK,2020-12-23,2.904564315352694,10.58081656443684,5.042016806722685,0.9265940828002831,0.8368200836820203,True,0.7500000000000001,0.40322580645160433,4.032258064516129
PUBALIBANK,2021-04-13,3.0303030303030267,3.8969013497021243,9.999999999999996,1.0739241421971566,-4.938271604938269,True,0.6103896103896104,2.941176470588232,6.302521008403361
PUBALIBANK,2021-06-30,4.838709677419352,3.469458066105026,6.382978723404255,0.8609423100188561,-6.0606060606060534,True,0.8333333333333331,-4.615384615384613,-5.38461538461538
PUBALIBANK,2021-08-17,5.241935483870971,4.438332038740525,4.132231404958678,0.9001898414192355,2.4793388429752126,True,0.8412698412698413,-4.980842911877397,-3.8314176245210727
PUBALIBANK,2021-10-28,7.8125,7.476371199557084,3.5856573705179224,0.8568433468784082,0.7874015748031609,True,0.9180327868852459,-0.7246376811594305,-2.898550724637684
PUBALIBANK,2021-11-16,4.72727272727273,5.049244581389293,8.46153846153846,1.0124216424628398,7.8431372549019605,True,0.9714285714285715,-7.986111111111113,-5.55555555555556
PUBALIBANK,2022-03-16,2.693602693602696,2.2302703403010833,8.333333333333323,1.0945397727801267,5.319148936170213,True,0.9444444444444444,-5.245901639344267,-13.770491803278686
PUBALIBANK,2022-06-30,3.124999999999989,5.806195794011837,8.097165991902834,0.7815795757685727,4.0650406504065035,False,0.4177215189873415,-3.409090909090904,-2.272727272727265
PUBALIBANK,2022-08-28,2.6515151515151625,2.735770425920443,3.1007751937984525,1.8906092187580519,1.9305019305019304,True,0.5063291139240508,3.321033210332098,2.9520295202951923
PUBALIBANK,2022-09-18,2.5830258302583,2.660332053570282,6.319702602230494,0.419913756782064,3.8314176245210727,True,0.5949367088607596,-1.438848920863317,-0.35971223021583243
PUBALIBANK,2024-01-28,3.321033210332098,4.216409993421715,5.617977528089887,1.1093108689384417,3.041825095057037,True,0.7187500000000003,7.142857142857142,6.0714285714285685
PUBALIBANK,2024-03-04,2.65780730897009,3.094196563694747,9.818181818181817,1.217331042022232,7.885304659498218,True,0.9811320754716979,-3.2362459546925573,-5.825242718446593
PUBALIBANK,2024-10-24,9.63855421686748,45.69445516632338,4.471544715447146,0.24525896789136997,-3.861003861003861,True,0.8666666666666667,0.3663003663003585,1.0989010989011014
PUBALIBANK,2024-12-17,2.9090909090909114,2.8128208012106093,3.6764705882352944,0.5297480822768904,-2.482269503546097,True,0.8984126984126984,5.6537102473498155,2.120141342756176
PUBALIBANK,2025-05-04,3.284671532846723,2.278889272847877,6.3670411985018704,1.6897219155623346,-5.841924398625439,True,0.9278688524590164,-1.0600706713780943,-14.840989399293283
PUBALIBANK,2025-07-23,4.214559386973172,4.410166037177299,4.3307086614173285,1.886268987279519,4.400000000000006,False,0.8918032786885246,10.294117647058826,5.514705882352941
PUBALIBANK,2025-07-31,9.45454545454546,14.060596358031894,9.84251968503937,2.5316238885470845,8.267716535433077,True,0.9868852459016394,0.9966777408637779,-1.3289036544850568
PURABIGEN,2019-11-18,7.792207781263291,7.30947651494468,9.655172399390253,1.2336877411956837,1.986754964041479,True,0.6739130429160446,11.445783117616125,3.6144578266156113
PURABIGEN,2021-12-23,5.128205120756073,5.972098904098415,8.446866491284368,0.9328402049742129,-0.5102040887377728,True,0.5782450464134508,-1.7073170720678124,-7.317073173182618
PURABIGEN,2022-02-07,2.5906735577089264,2.409783242175656,5.121293788341407,0.811463205795031,-1.5306122399377873,False,0.5386170642324857,-8.585858576400367,-20.202020199655653
PURABIGEN,2022-03-30,4.093567247939526,4.608412148026629,6.382978719407613,0.6523335618153023,-1.4409221806210366,False,0.4253942580844562,-7.865168561756724,-8.988764054046202
PURABIGEN,2022-11-02,9.774436071592518,30.488420640876214,2.2641509362093286,1.499384219824349,0.3773584958462002,False,0.18994413382425643,-4.452054786789262,-7.191780817568956
PURABIGEN,2022-12-22,3.773584919594157,5.137666059901399,7.924528296166599,0.4496700809635777,-1.8518518398422459,False,0.10059171616746615,0.7272726998968668,7.999999998501817
PURABIGEN,2022-12-26,3.272727243172232,2.855906362452764,8.745247154096477,0.9294978639478814,1.8518518779903972,False,0.1538461535648612,-3.169014056795527,3.8732394551366305
PURABIGEN,2023-01-15,3.321033219027509,3.328051167903174,7.434944266671279,1.2348348964315492,1.4981273230526493,False,0.13664596273689286,3.214285722431126,-3.5714285845663225
PURABIGEN,2023-03-06,5.836575877201765,5.33743614522174,6.451612911264306,0.9830696418906705,-8.865248240420502,False,0.20000000017166655,-6.985294101915275,-7.352941165889924
PURABIGEN,2023-05-17,3.308823537904145,8.927487994236893,9.523809492668185,6.497551997793718,7.936507924181156,True,0.27500000034333333,7.829181493748812,-3.9145907652018095
PURABIGEN,2023-09-03,2.755905511811035,2.1179260782144462,4.365079365079371,0.42457558174188764,-6.22939067831483,False,0.21255102064271253,17.624521072796924,6.89655172413792
PURABIGEN,2023-09-05,3.8314176245210727,4.023162319828849,5.9523809523809526,0.7479003381441511,-2.2436363774999863,True,0.3176530614236475,10.3321033210332,1.1070110701106906
PURABIGEN,2023-12-13,2.7343749999999973,3.1997777756458508,2.777777777777775,0.9686474862943933,-3.0303030303030196,False,0.23357142879889947,0.0,8.745247148288977
PURABIGEN,2024-01-14,3.296703296703291,4.027062163969475,8.235294117647065,1.7059254236721042,6.2256809338521455,True,0.43326530628267584,-0.7092198581560258,3.191489361702135
PURABIGEN,2024-05-13,11.5702479338843,17.58549214952988,9.051724137931041,0.8466771513527052,-9.022556390977451,True,0.36565769804655296,-11.85185185185185,-19.259259259259256
PURABIGEN,2025-08-25,4.444444444444448,4.49403665623603,8.139534883720943,1.0619072552318845,-1.6393442622950858,True,0.6861313868613139,9.042553191489358,-1.0638297872340388
PURABIGEN,2025-09-08,5.128205128205128,2.666159812634691,9.39226519337016,1.813614733054742,9.550561797752804,True,0.8232931726907631,-9.268292682926822,7.804878048780495
PURABIGEN,2025-09-24,4.210526315789478,3.0194175236609415,9.189189189189186,0.4630962867038422,2.7027027027027026,True,0.8181818181818182,6.060606060606057,7.575757575757576
PURABIGEN,2026-01-18,3.0456852791878246,4.331979221114252,6.806282722513074,1.5088205428393269,0.5102040816326422,True,0.8638297872340426,5.4187192118226495,7.389162561576354
QUASEMIND,2019-12-22,9.032258076971896,6.645252615436538,7.931034480761006,0.42031135726635,6.164383546127317,True,0.43934426219349626,8.579881651014496,27.51479290869106
QUASEMIND,2020-08-03,4.2735042775951655,3.216523280111629,2.865329505566452,0.6527036402480231,0.5730659011132861,True,0.582733813139848,-0.5464480860207983,6.830601089604038
QUASEMIND,2020-08-06,7.202216077761854,4.788411258493586,7.73638968007242,1.0827922010306614,3.438395406679738,True,0.6582733815028339,-5.167958670142031,6.9767441816296945
QUASEMIND,2020-11-01,3.713527870519044,2.521603931128472,8.493150678547567,0.7094140457547868,-4.071246835722475,True,0.6726618706788599,21.38107416258921,20.843989763639694
QUASEMIND,2020-11-09,9.831460674157302,5.764889585209212,9.89041096492551,1.140753624135891,-5.367088609990712,True,0.7429856116305543,12.276214833759584,27.10997442455243
QUASEMIND,2021-03-01,4.712041884816746,3.358087242847184,8.100558659217894,0.5839883730121043,-11.574074074074073,True,0.49167927380830867,-1.750000000000007,-5.9999999999999964
QUASEMIND,2021-05-02,5.370843989769824,3.8213656437309336,5.851063829787222,1.1784293506193388,3.9893617021276593,True,0.5268065267238008,0.7281553398058184,5.582524271844653
QUASEMIND,2021-07-18,6.498951781970638,3.578749090524623,7.760532150776053,0.5347414192487535,3.92156862745099,True,0.8977604673707653,13.976377952755909,9.645669291338594
QUASEMIND,2022-02-20,5.1172707889125775,4.165396705585599,6.8736141906873645,0.8926506351366246,-6.200000000000003,False,0.46557377049180326,-7.910750507099388,4.259634888438137
QUASEMIND,2022-08-17,3.0716723549488005,4.274236177185749,5.308219178082195,1.2447514613337627,-6.2399999999999975,True,0.5909090909090909,1.4900662251655605,3.3112582781456954
QUASEMIND,2022-08-21,7.615894039735102,7.354247243225989,5.308219178082195,1.5907794621602833,-1.4681892332789537,True,0.7517482517482519,-4.461538461538459,-2.7692307692307647
QUASEMIND,2022-09-05,5.475040257648951,3.7467207318811857,8.637873754152828,1.7366104604150205,3.3277870216306153,True,0.7692307692307694,-3.969465648854964,-10.076335877862599
QUASEMIND,2024-07-02,4.310344827586207,2.9835807831950207,7.121661721068244,1.1194686406620935,-4.65753424657535,False,0.07182320441988933,-0.550964187327812,-1.1019283746556436
QUASEMIND,2025-02-18,4.166666666666664,2.132021476433873,9.191176470588236,0.454020748178662,6.66666666666667,False,0.631578947368421,1.6666666666666667,7.666666666666658
QUASEMIND,2025-07-10,4.6875,3.2848984371374135,6.493506493506482,1.6125905365143818,1.9108280254777117,True,0.7158119658119658,17.61194029850746,29.253731343283572
QUASEMIND,2025-07-13,9.850746268656708,12.121314455174334,8.360128617363348,1.7771656089266252,7.028753993610221,True,0.7863247863247863,4.347826086956526,14.130434782608706
QUASEMIND,2026-02-05,3.816793893129771,5.610475983116223,8.91891891891891,1.565633088514923,-5.072463768115946,True,0.8326530612244898,4.411764705882364,-9.313725490196072
QUEENSOUTH,2019-04-30,4.166666685416675,2.092342783629017,6.818181840681818,0.9287487054499832,-10.2040816507955,False,0.08372641525462216,3.272727282938174,2.5454545485963553
QUEENSOUTH,2019-05-02,9.818181805614548,7.628077295561412,6.818181840681818,1.1163819467276714,-6.462585036075237,False,0.14162679414050067,-5.298013257798341,-5.960264880602615
QUEENSOUTH,2020-07-30,2.8571428612991157,5.735425147293147,3.3333333663333344,21.915544704657325,2.083333329208341,True,0.4180790960869098,6.349206364920635,26.587301591230155
QUEENSOUTH,2020-08-06,3.7500000123750086,2.6040398467504833,6.666666683166665,22.730980022542575,0.0,True,0.4011299437151777,14.859437729352107,27.30923692863017
QUEENSOUTH,2020-08-12,5.555555563412697,3.5484260351238035,7.500000024749999,3.060013936017165,4.999999999999998,True,0.49717514138324226,23.684210513387416,17.669172949624627
QUEENSOUTH,2020-12-02,5.394190862846717,2.3187990272920285,7.578124985679326,0.6032455054713994,-6.374100712845294,True,0.5441807910749707,3.9370078781077553,4.7244094450678915
QUEENSOUTH,2020-12-29,4.761904757747545,2.2811594121547123,7.630522054999123,1.1751273165898677,1.204819264866699,True,0.6051977402843933,-2.272727291666661,-8.712121208333334
QUEENSOUTH,2021-01-03,3.5019455336189775,2.2181296904788166,7.630522054999123,1.257859123837954,6.639004128355233,True,0.6174011299920406,-3.383458654389732,-9.774436075922893
QUEENSOUTH,2022-01-16,2.857142857142854,2.1316055047422062,7.916666666666661,1.3650527601097662,-2.777777777777775,False,0.49801324519907025,40.476190476190474,13.88888888888889
QUEENSOUTH,2022-01-25,9.756097560975602,8.056906022615014,8.750000000000007,1.7081779559134571,4.23728813559322,True,0.6291390729875884,17.407407407407405,-8.148148148148145
QUEENSOUTH,2022-05-08,6.4102564102564115,2.7150209379934145,7.1428571428571495,0.6889298222702157,-3.7037037037037126,False,0.35647000508547927,-5.622489959839352,-4.016064257028113
QUEENSOUTH,2022-06-15,2.500000000000006,2.180661929058506,3.3898305084745637,0.8643481420042823,0.41841004184101016,False,0.20394736842105268,-1.62601626016261,1.6260162601625958
QUEENSOUTH,2022-06-30,4.958677685950411,5.006433766546704,7.29613733905579,0.7624301350669385,-0.4115226337448618,False,0.2565789473684209,-3.543307086614168,1.1811023622047274
QUEENSOUTH,2022-08-30,4.477611940298504,2.162657657639325,8.627450980392155,0.864696996474166,9.387755102040819,True,0.42763157894736836,-7.142857142857142,-11.428571428571425
QUEENSOUTH,2024-07-04,4.999999999999995,3.3084998719715166,8.333333333333345,0.8739502721581947,4.477611940298504,False,0.14159292035398227,-9.523809523809515,8.843537414965992
QUEENSOUTH,2025-01-23,4.580152671755722,7.746719074895021,8.661417322834657,1.0072895525681944,-2.9629629629629655,False,0.5879828326180258,3.649635036496351,2.919708029197083
QUEENSOUTH,2025-02-06,4.411764705882351,7.254368789351386,9.848484848484855,3.2269197133096164,0.0,True,0.6094420600858369,-0.7042253521126736,-2.8169014084506943
QUEENSOUTH,2025-08-19,3.7593984962406015,2.718736144689181,7.142857142857145,0.6173498631919786,1.5267175572519165,True,0.7885714285714286,2.898550724637671,-1.4492753623188481
QUEENSOUTH,2026-02-15,4.3478260869565215,3.2534520206787527,8.33333333333332,1.076576512682814,2.678571428571435,False,0.8,-4.9999999999999964,-1.6666666666666607
QUEENSOUTH,2026-02-26,3.5087719298245648,3.7790889165749104,9.909909909909906,1.5933680445514773,3.63636363636364,False,0.7866666666666667,2.542372881355923,-5.932203389830517
QUEENSOUTH,2026-03-02,6.140350877192976,4.088369886541325,9.909909909909906,1.5588475295314477,2.7027027027027093,True,0.8066666666666666,-1.6528925619834651,-8.264462809917356
RAHIMAFOOD,2022-01-19,3.959810874704502,2.748659021344899,8.068006182380223,1.0213711515712007,-6.467661691542298,True,0.8538238141335915,-4.576463899943156,-0.5400795906765304
RAHIMAFOOD,2022-08-21,8.71319080274304,6.20327933978265,6.857383256205305,1.1338269425046401,-4.690503652441374,False,0.2964071856287425,-2.894248608534327,-7.384044526901672
RAHIMAFOOD,2022-10-12,4.373423044575263,2.2217267050776437,5.174589819099711,0.44218379968744354,-0.5437055625261326,False,0.16886227544910173,-1.2892828364222355,-4.2304593070104755
RAHIMAFOOD,2022-10-17,7.536466774716355,7.296132045259857,6.815313420277668,0.9752691388919589,0.8994276369583063,False,0.27185628742514956,-10.437076111529763,-10.437076111529763
RAHIMAFOOD,2023-07-03,5.129274395329434,2.686908526807274,6.647034076567107,0.5148731212430075,-10.52238805970149,True,0.32467532467532473,-5.196350654502179,-5.593018643395476
RAHIMAFOOD,2023-08-03,2.8606456885982836,5.928296602845366,4.922170803533874,0.7030894977222056,1.2412081092263136,True,0.34316770186335394,-5.562177195073501,-5.4827175208581584
RAHIMAFOOD,2025-03-02,3.7394451145958914,2.3681089486332305,6.71641791044775,1.1076761293526043,2.8535980148883517,False,0.4242723236309818,-5.348837209302319,-9.418604651162784
RAKCERAMIC,2019-02-07,3.90625,2.8722430945868775,9.424083769633492,0.976430971628044,-8.133971291866025,True,0.812972715324537,1.754385964912288,-13.283208020050118
RAKCERAMIC,2019-08-21,10.491803278688534,13.537520062079109,7.266435986159175,1.9359444628933438,4.0955631399317385,False,0.39716312056737596,-10.97922848664689,-12.462908011869443
RAKCERAMIC,2020-02-12,2.6490066225165587,2.9839934039844307,7.796610169491528,1.2254873244044298,8.63309352517985,True,0.32121212121212117,-5.16129032258065,-10.322580645161288
RAKCERAMIC,2020-08-09,3.4615384615384563,4.355901351918457,2.69230769230769,10.149140173611412,0.0,False,0.3358778625954197,4.46096654275094,4.832713754646843
RAKCERAMIC,2020-08-13,2.9629629629629655,2.766556961762477,5.38461538461538,10.421897810349185,3.8461538461538463,False,0.40458015267175573,1.0791366906474844,1.4388489208633042
RAKCERAMIC,2020-08-16,5.035971223021578,2.609227622604297,7.6923076923076925,10.362166923889266,6.923076923076926,True,0.5114503816793892,-4.109589041095888,0.6849315068493127
RAKCERAMIC,2020-09-14,4.255319148936168,2.6994364468849454,4.7619047619047645,0.874755241540423,1.4388489208633042,True,0.5267175572519083,-6.1224489795918275,-10.544217687074823
RAKCERAMIC,2020-12-27,3.4351145038168025,2.42861657733661,5.38461538461538,1.7116588889278872,0.7692307692307665,False,0.351145038167939,5.904059040590397,10.701107011070105
RAKCERAMIC,2021-01-05,3.6764705882352944,4.182769349927889,5.000000000000003,1.782021544735257,3.816793893129771,True,0.4351145038167938,-2.127659574468078,-1.773049645390071
RAKCERAMIC,2021-04-05,4.887218045112771,3.817702916535079,2.69230769230769,1.8156391676186652,-0.37453183520598454,True,0.4122137404580151,11.827956989247316,20.788530465949837
RAKCERAMIC,2021-04-06,8.960573476702509,9.219840892615867,8.076923076923084,2.0536148707528583,5.283018867924523,True,0.6030534351145036,7.236842105263168,8.88157894736843
RAKCERAMIC,2021-06-10,9.785932721712525,7.391519974019058,8.552631578947373,0.5978027815800189,-2.9673590504451037,True,1.0,-2.506963788300832,1.1142061281337008
RAKCERAMIC,2021-07-19,3.7634408602150495,2.458478435069763,9.941520467836252,0.6466557561812925,6.2857142857142945,True,0.9843750000000003,14.248704663212436,18.91191709844559
RAKCERAMIC,2022-05-08,5.373831775700945,2.0852655612589555,9.828009828009828,0.8487633099917099,-5.518763796909493,False,0.4693877551020409,-5.5432372505543235,3.54767184035477
RAKCERAMIC,2024-06-27,5.13833992094862,3.5232199560332194,8.47457627118644,1.0947133561936098,-0.39370078740156644,False,0.6200466200466201,1.8796992481203008,-6.390977443609033
RAKCERAMIC,2025-02-12,9.442060085836907,12.098456371064497,7.239819004524876,1.6619574276796736,6.8807339449541285,True,0.5985915492957746,-10.196078431372554,-11.76470588235294
RAKCERAMIC,2025-04-08,2.6548672566371585,2.364039650738387,5.855855855855859,0.8379772369180165,-0.4405286343612241,False,0.6480446927374302,-8.620689655172415,-11.206896551724128
RAKCERAMIC,2025-04-09,3.0172413793103416,4.200456938833807,4.954954954954961,0.9879760154360305,2.2026431718061676,False,0.6675977653631285,-12.970711297071121,-13.807531380753128
RAKCERAMIC,2025-08-26,3.63636363636364,4.883500924605984,6.0747663551401905,0.5358014218521939,-1.7857142857142794,True,0.6705882352941177,11.403508771929815,8.333333333333327
RAKCERAMIC,2025-08-28,3.0973451327433597,2.2760568158875785,8.837209302325574,1.0421469482663572,2.7272727272727337,True,0.6852941176470588,7.7253218884120205,9.442060085836907
RAKCERAMIC,2025-08-31,6.866952789699561,7.294735760753394,9.30232558139535,1.255817379115101,5.909090909090913,True,0.7955271565495207,-1.6064257028112392,1.6064257028112534
RAKCERAMIC,2026-01-04,2.7272727272727337,2.9255393472328612,9.345794392523366,1.540289357000565,-4.3478260869565215,True,0.8248175182481753,3.982300884955746,4.424778761061947
RAKCERAMIC,2026-01-07,4.385964912280701,4.812034540341133,7.009345794392524,1.7102969721526922,1.3333333333333366,True,0.8686131386861314,-2.1008403361344534,0.0
RAKCERAMIC,2026-02-15,5.857740585774067,6.012678414441926,4.741379310344834,1.189560046105481,5.752212389380517,True,0.9233576642335767,-7.114624505928855,-9.090909090909093
RANFOUNDRY,2019-03-11,5.714285714285714,4.12239373832044,9.986945169712802,1.4433090329474085,9.223300970873796,True,0.6644844517184942,-1.9219219219219152,-7.387387387387394
RANFOUNDRY,2022-03-27,5.607966457023054,3.3069777812124976,7.725788900979319,0.5133988951749805,-8.44529750479846,True,0.7313167259786477,6.501240694789079,-2.729528535980149
RANFOUNDRY,2023-05-11,3.262839879154082,4.214773681398366,9.225806451612911,1.3967413748702902,3.115264797507788,True,0.2581423401688782,-2.3405500292568755,-3.393797542422476
RDFOOD,2019-01-28,3.726708076600043,2.767651212752268,7.051282067565329,1.0336809740733952,4.545454535971086,True,0.4360576923128907,-9.580838349850834,-8.98203596500986
RDFOOD,2019-05-02,4.827586198746253,4.664595182621805,6.338028134489676,0.8648562877652882,-2.027027064187373,False,0.28461538394997027,-3.947368424761069,-3.2894736285837936
RDFOOD,2019-05-19,4.109589045115395,2.7072520723387203,8.391608396845813,0.9722839828425393,2.0979020617639046,False,0.28461538394997027,-3.947368424761069,-3.2894736285837936
RDFOOD,2019-08-21,5.263157886260386,4.192582145149409,8.870967761438612,0.7383420740955209,-0.7462687235197041,False,0.25925925865640703,-6.428571396878577,-14.285714274785711
RDFOOD,2020-07-30,3.389830485033037,14.603289317726052,0.0,0.2819486991727805,0.0,False,0.3469246712031664,6.557377088927716,2.459016418798714
RDFOOD,2020-08-06,3.3333333956666746,2.833498555098015,7.627118634544676,3.171910726769505,1.6949152425165186,True,0.3759502426219492,1.6129032138657649,4.838709641597295
RDFOOD,2020-08-09,4.032257993535377,3.8237421738609925,7.627118634544676,3.408282785930446,5.08474581399024,True,0.4485141667279937,-2.3255813401838803,6.201550424986486
RDFOOD,2020-09-03,7.199999990860804,2.607435009706171,7.317073160618684,0.5357198673480774,0.8064515658038469,True,0.5210780923143423,2.985074606415683,3.7313432960793085
RDFOOD,2020-12-02,5.645161207401142,5.010036104116904,7.499999991500005,0.5201637556974317,-3.124999977587891,True,0.4775397366664723,26.137404628296718,33.92366417325331
RDFOOD,2021-11-15,3.0476190476190506,3.462059095485488,9.542743538767406,1.1924992886053793,4.5816733067729025,True,0.9443620178000268,-7.024029574861375,-2.5878003696857643
RDFOOD,2021-12-30,3.9292730844793713,2.318732955348516,8.0,0.7409799139787907,1.1928429423459275,True,0.9127035529330487,7.561436672967864,15.122873345935728
RDFOOD,2022-01-19,3.208556149732615,2.3604286403080197,9.636363636363631,1.6040265921659693,9.784735812133071,True,0.9447004608294931,2.7633851468048385,6.390328151986188
RDFOOD,2022-05-11,4.753521126760569,72.56113599420333,5.026929982046673,1.0215827161475581,-3.0716723549488125,True,0.9144254278728606,-28.57142857142857,-22.184873949579835
RDFOOD,2023-03-09,5.9139784946236436,14.746758596193223,5.801104972375675,55.06923027486057,2.7624309392265194,False,0.15107913669064735,13.197969543147217,11.167512690355327
RDFOOD,2023-06-05,3.0303030303030303,3.835561168065887,9.935205183585317,1.0177554826292186,3.340292275574116,True,0.5703971119133574,-1.7647058823529385,0.3921568627451036
RDFOOD,2023-07-16,7.991803278688536,3.089582694893717,8.471074380165293,0.5089032990068276,-3.937007874015748,True,0.8373205741626795,-4.364326375711583,-0.5692599620493439
RDFOOD,2023-11-07,5.2054794520547905,3.9967521647826754,1.9337016574585517,0.638664778144927,0.5509641873278316,False,0.08365019011406828,-4.427083333333322,-0.2604166666666704
RDFOOD,2023-11-08,3.385416666666678,3.61643216992914,8.287292817679557,0.9948471734912981,5.7851239669421535,False,0.13307984790874527,-7.556675062972292,-4.282115869017639
RDFOOD,2024-01-11,3.0219780219780263,3.9109913582255675,2.2099447513812076,0.49796569725489165,-2.1505376344086136,False,0.0494296577946767,-3.7333333333333294,5.066666666666663
RDFOOD,2024-05-09,5.73770491803279,7.139689706726443,9.883720930232554,2.190753723039447,7.964601769911512,False,0.24444444444444455,-15.762273901808788,-17.571059431524557
RDFOOD,2024-07-04,4.088050314465411,2.2894084973816233,9.897610921501714,0.9223877594586852,-2.1538461538461515,False,0.11445783132530121,-6.042296072507552,6.042296072507552
RDFOOD,2025-02-05,9.70873786407767,7.031295012735208,9.644670050761432,0.9643357406569883,-3.738317757009333,False,0.518348623853211,18.141592920353972,18.141592920353972
RDFOOD,2025-07-03,3.947368421052625,4.55333784749932,7.9812206572769915,1.1322669466015605,0.4405286343612398,True,0.6139896373056994,2.5316455696202596,0.0
RDFOOD,2025-08-20,3.305785123966945,5.458861448330763,8.407079646017692,0.9442626878705644,0.8333333333333304,True,0.6476683937823834,6.400000000000006,4.0
RDFOOD,2026-02-15,4.368932038834944,4.466334504576524,7.772020725388601,0.7492959075384038,3.517587939698507,False,0.7312925170068028,-3.720930232558143,-9.767441860465123
RDFOOD,2026-02-22,3.3492822966507316,2.9771068271882606,8.542713567839211,1.6465712522398555,2.450980392156863,False,0.7346938775510204,-15.74074074074075,-6.944444444444444
REGENTTEX,2019-01-27,3.846153835798818,2.2164161934385223,7.894736820290861,1.1798854273929753,0.6451613226638887,False,0.1723880601122591,-3.70370369410151,-2.469135796067673
REGENTTEX,2019-02-12,3.6809816512100517,3.9457662626903574,7.142857089285719,0.796273214639247,4.487179441444777,False,0.2272388066612072,-3.550295910192215,-13.01775150502433
REGENTTEX,2019-06-10,4.0816326428571434,4.7929051992588345,4.92957749082523,0.5402091239371354,-2.000000029399997,False,0.1906523200677108,3.921568618031527,-3.267973814045884
REGENTTEX,2019-06-13,2.6315789400969534,4.595152397677981,9.85915498165046,1.15763801180958,7.801418456616868,False,0.2118359115158678,3.846153835798818,-10.897435901750493
REGENTTEX,2020-08-09,8.860759493670876,5.9483550450314535,7.6923076923077,20.899767937005805,1.282051282051289,False,0.21050119323704009,6.976744186046507,11.627906976744185
REGENTTEX,2022-02-13,3.883495145631054,2.4847286836925933,8.333333333333341,0.9100692452499436,3.000000000000007,False,0.3644859813084112,-3.738317757009333,-2.8037383177569994
REGENTTEX,2022-07-07,3.2258064516128915,4.607681996301485,8.988764044943807,1.0997149519879883,-1.0638297872340388,False,0.15053763440860218,3.1250000000000075,12.50000000000001
REGENTTEX,2022-07-12,6.2499999999999964,5.9115983635322165,8.988764044943807,1.4845291675744856,3.2258064516128915,False,0.2150537634408602,-2.9411764705882253,0.0
REGENTTEX,2022-08-04,5.0,5.220074432219228,7.216494845360836,1.1352598626937627,6.382978723404251,True,0.2473118279569893,2.857142857142864,-3.809523809523813
RELIANCE1,2019-07-04,9.375000000000004,18.207651691337198,5.319148936170213,1.7136364946971814,3.2258064516128915,True,0.7999999999999998,-5.714285714285711,-11.428571428571422
RELIANCE1,2020-02-11,7.594936708860754,4.313055827951172,3.8461538461538445,0.7016028815433503,1.282051282051289,False,0.2608695652173913,5.88235294117647,-2.35294117647058
RELIANCE1,2021-07-15,3.0534351145038197,3.545570709387929,7.936507936507936,1.7864450208549432,0.7692307692307665,True,0.7297297297297297,1.481481481481476,-2.9629629629629655
RELIANCE1,2021-07-18,3.7037037037037033,5.463520303613981,7.936507936507936,2.1154209803849113,4.651162790697672,True,0.7972972972972973,-3.571428571428571,-6.428571428571431
RELIANCE1,2022-02-23,4.424778761061947,2.3335307088444814,3.63636363636364,0.9272367465173422,-0.8771929824561372,False,0.375,-5.932203389830517,-4.23728813559322
RELIANCE1,2022-03-13,7.1428571428571495,7.663659817618699,4.62962962962963,0.8726892249213927,-0.8849557522124019,True,0.4249999999999998,-4.9999999999999964,-5.833333333333327
RELIANCE1,2022-08-11,4.545454545454546,2.2609369752940944,6.60377358490567,2.531059515435594,-0.9009009009008978,True,0.2857142857142857,-3.4782608695652204,-6.086956521739125
RELIANCE1,2023-05-29,4.0000000000000036,5.109845723405513,4.040404040404043,8.41083119236205,1.0101010101010066,False,0.20833333333333331,-4.8076923076923075,-4.8076923076923075
RELIANCE1,2024-05-06,2.631578947368424,3.3682547829398852,8.108108108108103,0.8763749695321362,-3.797468354430389,True,0.7600000000000001,35.25641025641027,26.923076923076934
RELIANCE1,2024-05-14,8.917197452229313,3.7921479351690497,8.108108108108103,1.567338403875656,1.2903225806451568,True,0.9600000000000004,18.12865497076022,9.941520467836252
RELIANCINS,2021-04-29,4.225352112676067,5.528823825833456,7.564575645756447,1.3524301847348694,6.566604127579738,True,0.6486486486486488,4.7297297297297245,41.722972972972975
RELIANCINS,2023-09-07,4.589707927677325,7.810853793815621,9.701492537313433,0.7004864590409707,-1.5068493150684854,True,0.7951807228915665,9.175531914893606,-8.776595744680863
RELIANCINS,2023-12-13,4.296296296296305,2.7750725081720486,5.597579425113469,0.5985405802681029,-10.714285714285708,True,0.4477611940298509,-2.6988636363636442,2.414772727272711
RELIANCINS,2024-01-01,5.255474452554736,2.833145523627906,5.722891566265056,0.7335076863006951,-0.14577259475217832,True,0.4985074626865669,-1.2482662968099745,-5.686546463245485
RELIANCINS,2025-08-25,5.3484602917341935,4.689364236853241,9.773123909249566,0.5876968060400865,5.650684931506857,True,0.82382762991128,2.61538461538462,-3.538461538461534
REPUBLIC,2019-05-19,8.982035917733953,4.51761066246859,9.493670877480263,0.7435364055709528,1.2121212519940048,False,0.10909090897407252,13.736263767892451,30.769230801240553
REPUBLIC,2021-11-17,4.158415853213308,3.206737870818097,9.456740445289336,0.6445762757057822,-1.7509727614357287,False,0.49377142874370916,-7.604562750075167,-4.372623572909194
REPUBLIC,2021-12-23,2.7184466023158653,3.4279345956142064,7.128309584786126,0.9950154492601857,-0.5791505716724958,False,0.46634969318082603,-1.1342155070517648,-8.128544428995474
REPUBLIC,2022-04-24,5.463182897115787,2.3589975337705287,8.5213032672174,0.7515646749956751,-3.4403669783927446,False,0.1873619629624099,2.2522522562789105,4.054054051369602
REPUBLIC,2022-08-28,2.9333333403520045,4.239173793865668,8.241758220361376,1.629027590454632,3.591160197116996,False,0.10844706723604902,-4.663212423816743,-5.699481851331586
REPUBLIC,2023-07-06,3.3232628398791584,2.6404634223976506,8.282208588957042,0.41309790026599486,-6.232294617563728,True,0.3050458714896686,9.0643274853801,17.543859649122805
REPUBLIC,2023-09-03,3.932584269662917,2.478324782458918,9.329446064139951,0.3480558930024619,-11.881188118811876,True,0.4313725490196078,34.32432432432434,50.54054054054055
REPUBLIC,2023-12-13,5.623471882640597,2.6295527355743693,8.69565217391304,0.7075186186630397,-13.163481953290876,True,0.40894568690095856,-6.944444444444444,5.555555555555552
REPUBLIC,2025-02-23,5.576208178438662,4.137741861700938,5.660377358490567,1.2740478335528576,-4.2704626334519675,False,0.5978947368421053,-1.7605633802816902,0.35211267605634305
REPUBLIC,2026-01-18,6.666666666666661,5.627227068731503,8.856088560885603,1.7268105701403953,2.1505376344086073,True,0.8150134048257373,13.486842105263165,13.486842105263165
RINGSHINE,2022-01-03,9.278350515463922,2.5312826687549568,7.446808510638291,0.7181037743067403,-1.0204081632653206,True,0.5462962962962962,-2.830188679245273,-8.490566037735853
RINGSHINE,2022-08-01,3.030303030303019,3.0913697577674446,6.185567010309293,1.0916868110934226,-2.9411764705882253,True,0.24285714285714274,-3.9215686274509665,-2.9411764705882253
RINGSHINE,2022-08-31,3.030303030303019,2.383398550776511,4.0816326530612095,1.0282152379902918,2.0618556701031037,True,0.24285714285714274,-3.9215686274509665,-3.9215686274509665
RNSPIN,2019-06-16,7.936507936507936,3.1353598179425006,8.620689655172415,0.5651007158679539,4.9999999999999964,False,0.23114956750998122,-4.411764705882351,-19.11764705882353
RNSPIN,2019-08-20,8.000000000000007,2.4546426909651333,8.000000000000007,0.6166641058689759,-3.8461538461538494,False,0.08333333333333341,-3.703703703703707,-7.407407407407414
RNSPIN,2022-07-07,3.174603174603177,2.1265723195044255,4.918032786885258,0.877671332844133,-1.5625000000000084,False,0.45454545454545453,-1.538461538461533,-3.0769230769230793
RNSPIN,2022-07-12,6.153846153846159,4.330013520567312,6.557377049180333,1.0360320489094506,1.5624999999999944,True,0.5238095238095238,-8.69565217391305,-7.246376811594203
RNSPIN,2022-08-31,3.2258064516129057,2.7610318037772186,3.2258064516129057,1.3782425207778009,1.6393442622950907,False,0.30303030303030315,-3.1250000000000027,-3.1250000000000027
RNSPIN,2024-08-07,6.060606060606066,2.2270780100779977,9.999999999999993,0.3650573230032424,4.761904761904759,False,0.4431818181818181,-4.285714285714283,-1.4285714285714235
ROBI,2022-06-30,5.244755244755245,4.043447420726875,4.577464788732398,0.8954821241888842,-2.054794520547938,False,0.09714285714285731,7.973421926910294,-0.33222591362126713
ROBI,2022-07-03,9.966777408637874,7.660829692970635,9.154929577464795,1.2125095428751749,2.0338983050847506,False,0.26857142857142874,-3.6253776435045406,-9.36555891238671
ROBI,2024-04-21,5.511811023622056,2.319935116481346,9.881422924901186,0.9137186349265726,-15.333333333333337,False,0.7905604719764012,-5.597014925373134,-17.16417910447762
ROBI,2024-06-26,9.859154929577455,4.284510331326707,8.3743842364532,0.7812666945818889,-3.1818181818181785,False,0.6902654867256637,2.1367521367521367,2.56410256410257
ROBI,2024-08-06,10.000000000000004,2.2700498476685067,8.968609865470851,0.8109022706423052,-1.2875536480686725,False,0.7463126843657818,21.73913043478261,16.205533596837938
ROBI,2024-12-03,3.4615384615384563,2.7531617122648733,6.349206349206354,0.5922325119166526,-4.7619047619047645,True,0.7493036211699164,3.345724907063205,7.434944237918216
ROBI,2024-12-18,4.5112781954887184,6.5758939482697585,6.5637065637065755,1.2433241810085636,1.5267175572519165,True,0.7743732590529249,3.956834532374093,2.517985611510789
ROBI,2025-08-31,3.971119133574012,4.328222948249065,5.617977528089887,0.6790871105418212,1.8382352941176472,True,0.8022284122562675,6.250000000000003,0.3472222222222148
ROBI,2026-02-15,5.211726384364814,3.899331854894892,4.040404040404038,1.1628160388238369,5.498281786941573,True,0.9758308157099697,-0.928792569659434,-1.8575851393188791
ROBI,2026-02-26,3.785488958990534,4.468562826713767,8.27814569536425,1.912427554005621,5.666666666666664,True,0.987987987987988,-3.3434650455926986,-13.373860182370818
RSRMSTEEL,2019-05-02,5.36912751677852,3.439526896995634,7.816091954022985,0.6402024200812723,-8.775510204081627,False,0.11803278688524595,-1.0615711252653928,-1.4861995753715558
RSRMSTEEL,2019-05-05,3.3970276008492597,2.429167258308237,9.88505747126436,0.9522704680029236,-3.4836065573770405,False,0.17049180327868863,-1.6427104722792696,-3.490759753593435
RSRMSTEEL,2019-06-10,3.404255319148939,2.3969628976753414,6.666666666666667,0.5827029066935527,-3.490759753593435,False,0.16721311475409842,-5.555555555555562,-6.172839506172839
RSRMSTEEL,2020-01-26,5.737704918032796,3.1825050554966743,8.81057268722467,0.9047170298135508,2.5210084033613356,False,0.0906432748538012,-11.240310077519387,18.21705426356589
RSRMSTEEL,2020-02-12,4.25531914893617,2.656111603456239,7.488986784140966,0.8950059911052038,-0.423728813559328,False,0.05263157894736844,18.367346938775512,6.122448979591836
RSRMSTEEL,2020-02-13,9.795918367346932,5.206455924781944,9.25110132158591,1.0605912846584993,7.45614035087719,False,0.12280701754385961,6.319702602230494,-8.178438661710034
RSRMSTEEL,2020-08-06,9.958506224066383,9.99185503847434,7.423580786026214,9.049505749881034,5.240174672489096,False,0.22950819672131148,6.0377358490566095,5.283018867924523
RSRMSTEEL,2020-09-16,9.473684210526313,5.106170270456632,7.4074074074074066,0.878938529464835,3.6363636363636362,True,0.4163701067615658,-12.820512820512823,-19.230769230769234
RSRMSTEEL,2020-12-10,5.12820512820514,6.2118317447320965,4.366812227074236,1.1332121060956253,-6.024096385542169,False,0.29824561403508776,3.2520325203251916,9.756097560975602
RSRMSTEEL,2020-12-27,4.526748971193407,2.6761218768699755,8.085106382978717,1.602835439469325,6.11353711790394,True,0.3806451612903225,6.2992125984252025,-3.543307086614168
RSRMSTEEL,2021-01-11,7.142857142857145,2.188461116481611,7.0247933884297495,1.177632760342243,7.692307692307695,True,0.5172413793103449,-9.25925925925926,-15.18518518518519
RSRMSTEEL,2021-06-07,11.45833333333333,4.850204939207109,7.02702702702703,1.0594386205298447,-5.8823529411764675,False,0.22900763358778622,4.672897196261683,11.214953271028048
RSRMSTEEL,2021-09-26,2.923976608187134,2.1290413341021712,7.878787878787883,0.4908178425987607,8.227848101265826,True,0.9130434782608698,-13.352272727272736,-32.38636363636364
RSRMSTEEL,2022-07-06,3.3519553072625783,3.1178762630900683,5.88235294117647,0.6597633017714573,-4.278074866310164,False,0.1159420289855072,-6.486486486486482,-7.5675675675675595
RSRMSTEEL,2022-08-23,9.999999999999996,10.35564094916879,2.35294117647058,1.1088846310761347,-3.409090909090917,False,0.12560386473429944,18.181818181818194,13.903743315508029
RSRMSTEEL,2022-08-24,2.6737967914438503,11.233600960336364,9.999999999999996,2.04492914783673,6.857142857142853,False,0.1497584541062801,16.145833333333343,17.187500000000007
RSRMSTEEL,2022-11-02,9.248554913294784,2.212081609890648,9.999999999999996,0.5494173068148649,-22.072072072072064,False,0.2641509433962262,-10.052910052910047,-10.052910052910047
RSRMSTEEL,2023-03-06,4.761904761904765,4.366186217234034,4.938271604938276,2.046165249605198,-6.1452513966480335,False,0.1612903225806452,-7.386363636363639,-7.386363636363639
RSRMSTEEL,2023-04-26,3.592814371257494,5.029732317701646,3.6809815950920117,0.8631068760625904,1.2121212121212077,False,0.1290322580645161,2.312138728323691,24.855491329479772
RSRMSTEEL,2023-11-12,6.024096385542168,6.660723456622642,2.453987730061341,0.8031033882712004,1.2195121951219685,False,0.16867469879518096,15.909090909090892,17.61363636363635
RUNNERAUTO,2020-11-09,2.536997885835101,2.3777865708128965,9.978308026030373,0.9024510787329421,-9.213051823416514,False,0.1559934318555008,-3.9175257731958735,1.2371134020618586
RUNNERAUTO,2020-12-27,6.066536203522507,2.807220610535405,7.708333333333339,1.0122195806697512,8.492569002123142,True,0.4245810055865923,1.4760147601475961,-1.8450184501845017
RUNNERAUTO,2021-05-30,3.2315978456014314,5.261334634417704,9.803921568627452,2.550005566230809,9.001956947162428,True,0.7708333333333334,18.26086956521739,10.260869565217389
RUNNERAUTO,2021-08-24,2.635658914728687,4.880532821833584,4.7095761381475665,1.0932366751164002,-1.2251148545176067,True,0.705263157894737,1.3595166163141865,-4.682779456193355
RUNNERAUTO,2021-09-06,5.287009063444108,4.765553531371023,6.562500000000004,1.8349172931278794,0.9146341463414766,True,0.8280701754385967,-7.317073170731719,-6.886657101865132
RUNNERAUTO,2022-02-02,3.717472118959108,2.1340838761015,6.153846153846159,0.623755647182055,1.5094339622641455,False,0.3309608540925267,-4.659498207885295,-10.75268817204301
RUNNERAUTO,2022-06-29,3.6608863198458548,5.960766275435375,9.418837675350709,4.235366996641398,2.1653543307086642,False,0.2701754385964911,-7.249070631970259,-9.85130111524163
RUNNERAUTO,2022-08-22,3.292181069958851,2.2661548834164584,7.438016528925623,0.8089295113373913,-0.6134969325153317,False,0.16141732283464574,0.0,-3.585657370517937
RUNNERAUTO,2022-09-22,4.462474645030432,2.252036552787134,8.471074380165293,0.7003120137227572,0.817995910020447,False,0.24545454545454548,-6.019417475728158,-6.019417475728158
RUNNERAUTO,2025-04-08,2.631578947368418,2.7143069231224315,9.486166007905132,0.821550351002494,-3.2727272727272676,True,0.7319034852546917,11.355311355311347,-5.860805860805866
RUNNERAUTO,2025-04-09,2.930402930402933,6.231817616602966,9.486166007905132,1.0439912690416548,-1.086956521739133,True,0.7533512064343164,5.693950177935935,-8.185053380782922
RUNNERAUTO,2025-07-02,4.400000000000006,2.6367299369720167,9.166666666666663,0.7361076601358034,-1.5748031496062938,False,0.7587209302325583,10.727969348658993,5.747126436781609
RUNNERAUTO,2025-10-28,3.0821917808219252,6.235412179913629,8.602150537634417,0.8180612680202971,-7.006369426751591,True,0.86,39.20265780730896,46.84385382059801
RUPALIBANK,2019-01-06,3.374233131262605,2.753510979852818,6.883531816288942,1.2904748865620923,1.874999988385321,False,0.1663156395075968,17.507418412840785,9.792284873285812
RUPALIBANK,2019-01-08,9.939759041030735,4.083888371285156,9.26517572102587,1.7900010028698414,3.1638418178372865,True,0.3021915471414606,5.205479429231145,1.9178082172410102
RUPALIBANK,2019-08-07,5.24691357062738,2.763792350441783,2.812500017641179,1.1549389085508117,-5.813953474718492,False,0.27697368409513834,-4.692082093585874,-9.9706744694349
RUPALIBANK,2019-11-11,3.9426523327760976,2.1449739843306683,8.27067669680375,0.9645155218024868,-4.45205481781267,False,0.1643835614438127,0.0,-2.7586206600369763
RUPALIBANK,2019-11-26,4.693140778577012,3.6215476677018836,7.72058827108527,0.9624415364879682,-1.4234875488890388,False,0.1643835614438127,-2.7586206600369763,0.0
RUPALIBANK,2019-12-01,3.082191761477614,2.9958104532225276,9.191176469981604,1.121653723759918,7.749077482983183,False,0.23972602726566636,-5.647840522025616,1.6611295828435315
RUPALIBANK,2020-02-11,7.77027024645085,2.6246483030765577,6.185567010706774,0.8092834305202228,2.77777778643537,False,0.3630136985406531,-3.134796230857056,-20.689655151795073
RUPALIBANK,2020-11-02,3.5842294022122037,2.8144469305853494,7.037037060431278,0.518595816197083,-4.452054808206036,True,0.49235215436559643,-2.7681660985630088,-3.114186860883371
RUPALIBANK,2020-11-03,2.768166098562995,2.0785156575637744,7.407407432032912,0.7704701599828419,-3.344481579121261,True,0.5538918468622622,-1.6835016885896072,-5.050505065768808
RUPALIBANK,2020-11-17,3.9145907598353658,3.325110713630467,9.124087580181692,1.1762267202344976,-0.7067137831602375,True,0.5678461019797522,-3.4246575447738814,0.0
RUPALIBANK,2020-12-13,4.095563114184908,2.7741517245443696,8.000000026112009,1.257919767428076,4.270462647093128,True,0.6780177962115372,-5.573770473470139,0.32786885354453255
RUPALIBANK,2021-01-05,7.216494829063666,6.9768405750168965,6.428571449179578,0.8953162310862423,4.301075282654633,True,0.7373410166945032,-4.807692287291044,-8.65384614589312
RUPALIBANK,2021-08-17,8.459214504489744,4.289692378021884,8.766233754943913,1.0866224532618545,0.8587257457935921,True,0.935638297999956,-4.45682450992311,12.813370469580473
RUPALIBANK,2022-01-11,6.325301206207352,8.121368496491028,8.860759495305246,0.9144075609052974,-3.2069970770053207,True,0.7062995412266043,-2.8328611986421555,-4.249291797963223
RUPALIBANK,2023-10-29,5.514705882352941,4.671484763010081,7.00389105058366,0.8620178338321413,2.6415094339622613,True,0.2653697654461302,-10.80139372822299,-10.452961672473867
RUPALIBANK,2023-12-13,2.661596958174902,3.918411834718895,5.490196078431367,0.9267994779017297,3.137254901960787,False,0.13662013670988507,16.666666666666664,43.33333333333334
RUPALIBANK,2023-12-21,3.358208955223875,3.0153025252282206,9.338521400778218,1.5309128014386377,5.098039215686277,True,0.18963468971892716,35.37906137184116,45.126353790613734
RUPALIBANK,2024-07-28,8.550185873605951,5.07178744445048,9.803921568627452,1.669815447780643,8.032128514056225,False,0.6417582417582417,-2.3972602739726003,0.3424657534246624
RUPALIBANK,2025-01-30,3.539823008849545,2.0959544053069235,6.787330316742081,0.5926954552396959,1.8018018018018116,False,0.5142857142857142,-3.4188034188034067,0.4273504273504335
RUPALIBANK,2025-02-25,4.366812227074236,4.674583692515477,4.8888888888888955,0.8472616105151257,3.1531531531531503,False,0.5252747252747253,-3.765690376569032,-9.20502092050209
RUPALIBANK,2025-05-06,5.75916230366491,4.49956108249671,9.574468085106387,0.8292888755415646,-11.574074074074073,False,0.6139817629179332,-10.396039603960386,-13.861386138613865
RUPALIBANK,2025-07-02,9.770114942528753,3.6206009034446556,7.185628742514965,1.0037180295435126,-4.3956043956043995,False,0.5987460815047023,17.80104712041884,25.65445026178009
RUPALIBANK,2025-09-15,9.954751131221716,9.306528764177783,8.0188679245283,0.9426479627209648,-2.2123893805309733,True,0.7838709677419355,-10.2880658436214,-18.51851851851852
RUPALIINS,2019-05-19,8.965517241379315,4.90474416507028,7.69230769230769,0.6665958405688535,-7.05128205128205,False,0.13636363636363644,17.088607594936704,24.683544303797458
RUPALIINS,2022-03-30,3.0985915492957785,4.1827913792810785,5.763688760806916,0.5524022958471992,-4.569892473118287,False,0.3416370106761566,-9.836065573770496,-9.836065573770496
RUPALIINS,2022-10-13,2.9090909090909114,2.72421613190864,0.7272727272727246,0.12202958024132704,-1.7857142857142856,False,0.08627450980392154,-1.4134275618374632,-2.826855123674914
RUPALIINS,2022-11-02,5.338078291814946,6.7259915420676135,5.454545454545454,2.719494301199422,2.181818181818187,False,0.13725490196078433,-7.094594594594598,-7.094594594594598
RUPALIINS,2023-01-15,7.782101167315175,10.18587692103302,9.881422924901186,10.69577424372679,-6.545454545454548,False,0.11764705882352933,6.498194945848377,0.3610108303249149
RUPALIINS,2023-03-06,2.9739776951672887,2.47613974647004,8.98437499999999,0.5835864575568024,-6.920415224913495,False,0.14999999999999994,-5.415162454873646,-5.415162454873646
RUPALIINS,2023-05-17,3.2727272727272676,5.375315506357659,8.015267175572523,3.356309425232922,4.961832061068705,True,0.2479999999999999,5.633802816901413,-4.577464788732385
RUPALIINS,2023-07-16,5.474452554744526,2.2880684822101487,7.4074074074074066,0.4562636149167333,-1.438848920863317,True,0.4390243902439022,9.688581314878896,0.3460207612456797
RUPALIINS,2023-07-19,5.902777777777775,5.92489143995647,9.25925925925926,1.0084829798062984,6.273062730627303,True,0.6341463414634146,-0.6557377049180304,-4.918032786885246
RUPALIINS,2023-09-05,2.7210884353741522,4.037403100130696,6.382978723404258,0.7217552723652538,-2.970297029702977,True,0.597560975609756,15.231788079470194,0.3311258278145743
RUPALIINS,2023-09-10,9.900990099009888,18.5377668693981,9.57446808510638,1.3544537318502397,3.0612244897959258,True,0.9756097560975606,-3.0030030030030033,-15.91591591591591
RUPALIINS,2023-12-13,2.5830258302583,3.9711909020839697,7.22433460076045,0.8623126704211732,-3.558718861209964,False,0.20491803278688525,-2.158273381294969,20.143884892086323
RUPALIINS,2024-01-01,8.823529411764714,10.43954722882215,4.868913857677906,0.925186382767798,3.030303030303033,True,0.3524590163934427,13.513513513513512,16.216216216216207
RUPALIINS,2024-05-13,4.633204633204644,5.126832320306215,9.486166007905132,1.797743706265491,-14.80263157894737,False,0.12328767123287677,-14.391143911439123,-21.77121771217713
RUPALIINS,2025-01-19,4.1284403669724705,7.448027032173095,7.142857142857142,0.9760260316103894,-5.217391304347823,False,0.568922305764411,-5.726872246696039,-6.1674008810572625
RUPALIINS,2025-02-23,3.3492822966507316,2.852580415182218,5.26315789473685,0.6860120035214499,-5.000000000000006,False,0.5413533834586467,-3.240740740740754,-1.3888888888888922
RUPALIINS,2025-03-16,3.240740740740737,4.822682127511133,4.8076923076923075,0.7096754092582979,0.9345794392523498,False,0.6076294277929155,-3.139013452914795,-4.035874439461893
RUPALIINS,2025-05-21,4.040404040404043,4.780819041985007,9.743589743589737,0.8907614385283651,-8.333333333333336,False,0.7030716723549488,-13.106796116504867,-10.67961165048545
RUPALIINS,2025-07-02,3.7837837837837798,2.78235761894091,8.938547486033528,1.2818035236217526,-6.565656565656569,False,0.6552901023890785,10.937500000000009,16.145833333333343
RUPALIINS,2025-08-20,7.042253521126761,2.748697552671981,8.737864077669888,0.3695905635156914,-0.9302325581395315,True,0.7781569965870307,4.8245614035087625,6.140350877192976
RUPALIINS,2026-01-13,2.8169014084506943,3.048228623857241,7.177033492822966,1.4442238576951834,-2.739726027397251,True,0.8202247191011236,11.872146118721469,10.958904109589051
RUPALIINS,2026-01-14,3.1963470319634832,4.52497004551714,7.655502392344504,1.697658404933851,-1.3513513513513546,True,0.8464419475655431,8.407079646017692,8.849557522123893
RUPALIINS,2026-01-18,3.63636363636364,3.8390819616832244,8.095238095238091,2.0351674256411707,0.9174311926605472,True,0.853932584269663,4.385964912280701,4.8245614035087625
RUPALIINS,2026-01-19,3.947368421052625,6.393136859679289,8.490566037735853,2.2501039062724963,7.042253521126761,True,0.8876404494382022,0.8438818565400814,-1.2658227848101298
RUPALILIFE,2019-11-07,7.940446650124076,4.2966127862954115,5.370843989769824,0.9692986714364717,-3.12500000000001,False,0.08285714285714281,16.55172413793104,1.3793103448275894
RUPALILIFE,2020-07-16,4.2821158690176215,2.548942108185511,8.184143222506382,58.696640481614395,1.5345268542199524,False,0.1384615384615385,18.84057971014494,26.570048309178745
RUPALILIFE,2020-07-20,4.086538461538451,3.692595966973888,8.69565217391304,59.102307460758425,6.3938618925831205,False,0.17094017094017094,11.316397228637427,13.856812933025406
RUPALILIFE,2020-09-13,7.2874493927125545,2.0541381550742037,9.684210526315793,0.49215624860640234,-9.854014598540143,True,0.5502793296089387,26.41509433962264,22.641509433962266
RUPALILIFE,2022-01-04,9.936908517350165,7.985536681328162,7.92580101180439,1.473929094481821,0.47543581616481323,True,0.5351562500000001,8.464849354375884,3.29985652797704
RUPALILIFE,2022-09-06,4.22535211267605,2.8817587660208472,9.365079365079373,2.1311457312122672,-4.769001490312959,False,0.24458204334365302,4.804804804804809,12.762762762762764
RUPALILIFE,2023-11-15,2.64650283553875,3.37606101221268,4.666666666666671,0.7919441576267335,-1.1214953271028065,False,0.20559210526315788,-10.405156537753221,-2.1178637200736623
RUPALILIFE,2025-02-03,6.859592711682751,3.962057158054543,7.511210762331842,0.6919956687682827,-7.98816568047338,False,0.4747619047619048,-4.212637913741226,-6.2186559679037146
RUPALILIFE,2025-04-09,2.678571428571435,3.496390932058133,7.126436781609198,1.2965226682424162,-4.171122994652412,False,0.4380952380952381,-13.152173913043471,-17.717391304347824
RUPALILIFE,2025-06-29,3.216783216783213,3.6872747504557113,8.088235294117647,1.0890378354416987,-2.054794520547945,False,0.3514285714285714,12.330623306233074,13.27913279132791
RUPALILIFE,2025-07-02,3.0261348005502104,2.958500332878779,9.051094890510953,1.3152682233226722,-0.6830601092896175,False,0.3566666666666667,10.680907877169558,12.149532710280365
RUPALILIFE,2025-08-20,3.1914893617021316,2.080455924436677,8.571428571428575,1.042221083174327,2.669902912621345,False,0.5135294117647059,8.934707903780065,28.293241695303557
RUPALILIFE,2025-08-24,4.267589388696658,2.696225145326102,8.21428571428572,1.0303335121100583,4.583835946924001,True,0.531764705882353,27.212389380530965,14.93362831858407
RUPALILIFE,2025-08-25,3.8716814159292032,2.1222265599779884,9.404761904761912,1.1884030716442204,6.729634002361279,True,0.5523529411764706,25.02662406815761,9.371671991480294
RUPALILIFE,2026-01-21,5.9880239520958085,4.303572432499455,7.780612244897951,1.0783583031347304,8.723958333333337,True,0.6704545454545454,-3.615819209039551,1.5819209039548088
SAFKOSPINN,2019-02-12,2.7777777777777777,4.283505839064358,7.428571428571433,0.41210366687850364,-1.098901098901095,True,0.4120253159762618,11.891891891891888,7.5675675675675595
SAFKOSPINN,2019-02-17,3.1914893617021165,2.114735979708234,7.999999999999992,0.9284943760502689,2.73224043715847,True,0.5293670881682645,17.5257731958763,-1.0309278350515427
SAFKOSPINN,2019-06-10,9.696969696969706,14.518694979425911,6.329113924050632,0.48832116602617787,-3.5087719298245696,False,0.2755102040816328,2.7624309392265194,-7.182320441988955
SAFKOSPINN,2019-10-15,9.375,3.1641702061112884,4.458598726114645,1.3623652203690138,-3.0303030303030303,False,0.2666666666666667,-37.71428571428571,-38.285714285714285
SAFKOSPINN,2021-01-03,4.385964912280701,3.839858268577713,7.1428571428571495,1.1590712322692283,1.7857142857142954,True,0.37614678899082576,0.0,-5.88235294117648
SAFKOSPINN,2022-01-16,5.645161290322575,2.757547541024711,8.264462809917356,1.1347270555699354,2.904564315352694,True,0.6335877862595422,0.38167938931298256,-3.4351145038167887
SAFKOSPINN,2022-04-07,3.603603603603607,2.704977241078579,5.855855855855859,0.5185887182027664,3.7383177570093498,False,0.5114503816793894,-1.7391304347826024,-6.086956521739125
SAFKOSPINN,2023-07-03,6.16113744075828,15.051459028208438,9.793814432989704,18.656683385471524,8.76288659793816,False,0.24475524475524468,-13.392857142857142,-13.392857142857142
SAFKOSPINN,2025-02-23,8.602150537634397,2.9886187435486105,7.77777777777777,0.7883569564642239,4.494382022471914,False,0.5,29.7029702970297,25.742574257425737
SAIFPOWER,2019-08-06,10.071942419414112,3.88227208827032,8.955223859545558,2.286688224926577,-13.664596242101002,False,0.1544833132756904,0.6535948039856435,-5.22875815737537
SAIFPOWER,2020-07-28,3.076923069467456,16.30697003231508,1.538461534733728,0.836963332492156,0.0,False,0.3116883110507674,13.432835867676538,8.20895524376253
SAIFPOWER,2020-07-29,3.7313433139897496,3.081224021573878,4.615384604201185,1.9200018804336012,3.076923069467456,False,0.37662337653482875,15.827338087650746,6.474820164535995
SAIFPOWER,2020-11-05,9.420289871613106,4.543044244951482,9.848484864755507,1.0649675097360285,-3.4965035242310107,True,0.5324675320602125,-6.622516540173678,-1.258278139156183
SAIFPOWER,2020-12-09,10.000000000000002,5.2305079264572605,8.750000027187497,0.8103000430822241,-3.921568618031527,True,0.6714285712142857,-2.5974025974025996,38.311688311688314
SAIFPOWER,2021-12-12,4.716981132075472,2.5380176018642127,5.6511056511056434,0.5532335199740424,-3.416856492027335,True,0.8717131474205807,-14.864864864864868,-4.7297297297297325
SAIFPOWER,2022-05-08,6.376811594202906,4.121043507555824,9.439528023598829,1.0554147953363597,-8.48806366047746,False,0.6180124223602484,-16.076294277929158,-9.536784741144414
SAIFPOWER,2022-06-16,9.148264984227136,4.205458490718832,9.967845659163991,0.7664477369558438,1.6025641025641029,False,0.46863468634686356,-6.069364161849715,-8.959537572254339
SAIFPOWER,2022-09-27,5.27859237536656,4.598398005057907,8.049535603715176,0.7976340222098173,2.4024024024024158,False,0.34825870646766166,-10.863509749303619,-16.991643454038993
SAIFPOWER,2022-11-03,4.040404040404038,3.1739721411691355,1.0101010101010124,0.0951931200500383,-14.4092219020173,False,0.1,-3.8834951456310653,-3.8834951456310653
SAIFPOWER,2025-02-02,8.47457627118644,2.342048699911555,8.47457627118644,0.7842053877093461,-10.606060606060595,False,0.430976430976431,-6.250000000000005,-3.1250000000000027
SAIFPOWER,2026-02-09,8.163265306122437,5.739932296562127,8.695652173913052,1.3401201313257958,0.0,False,0.15789473684210525,22.641509433962266,28.30188679245283
SAIHAMCOT,2019-06-10,3.2388663967611366,2.127649100998191,7.883817427385886,0.6362173132249686,-6.083650190114074,True,0.6373056994818653,-1.9607843137254901,-4.705882352941174
SAIHAMCOT,2020-07-30,3.7267080745341477,9.320698504591478,1.8633540372670632,77.18434702934066,0.0,False,0.23972602739726026,-1.1976047904191574,-3.5928143712574725
SAIHAMCOT,2020-08-09,6.097560975609757,5.381464113605414,5.590062111801233,78.31495389802066,1.8633540372670632,False,0.28767123287671226,-5.74712643678161,-6.321839080459759
SAIHAMCOT,2020-08-16,4.907975460122704,2.5524338507292157,9.937888198757749,3.7239232569265726,1.242236024844716,False,0.267123287671233,-5.263157894736854,-4.678362573099419
SAIHAMCOT,2020-09-17,4.907975460122704,7.9478036261069365,4.347826086956517,1.6243189633170807,0.6172839506172928,False,0.267123287671233,-5.847953216374268,-5.847953216374268
SAIHAMCOT,2020-10-07,3.7267080745341477,2.1754329927005522,4.347826086956517,0.638308686070826,-1.2269938650306704,False,0.23972602739726026,-3.5928143712574725,-3.5928143712574725
SAIHAMCOT,2021-08-05,6.486486486486482,4.115892544545914,5.5865921787709505,0.7549461310290422,-0.5376344086021582,True,0.9425287356321839,6.0913705583756315,7.614213197969544
SAIHAMCOT,2021-09-28,5.6701030927835125,2.6284097388315826,8.51063829787233,0.49993243436923784,-3.000000000000007,True,0.8823529411764707,-2.4390243902439024,-12.195121951219512
SAIHAMCOT,2021-10-11,3.030303030303019,3.15745568716869,9.375000000000004,0.8716773929617064,-0.9999999999999963,True,0.872549019607843,-10.294117647058814,-7.843137254901951
SAIHAMCOT,2022-01-20,4.216867469879514,5.359172080372247,5.624999999999991,1.3525977809071006,4.402515723270447,True,0.5686274509803922,0.5780346820809125,-3.468208092485557
SAIHAMCOT,2022-04-28,5.806451612903216,8.481885193605299,6.122448979591839,0.6187810506254221,-3.125,False,0.480392156862745,-3.658536585365841,0.6097560975609843
SAIHAMCOT,2022-06-28,3.0487804878048785,4.502066682109227,6.962025316455682,1.2577811182010894,-0.6060606060606146,False,0.31428571428571417,1.1834319526627388,-4.733727810650871
SAIHAMCOT,2022-07-12,4.117647058823525,2.4301199813639545,8.641975308641989,2.0114780514470785,3.6585365853658622,True,0.42857142857142855,-6.214689265536712,-3.9548022598870016
SAIHAMCOT,2022-08-30,3.409090909090897,2.6683500028160396,5.952380952380952,1.097523192345091,7.97546012269939,True,0.5,-9.340659340659336,-9.890109890109894
SAIHAMCOT,2022-11-03,3.0303030303030303,8.13687619747172,3.0487804878048785,3.530086008148757,0.6097560975609843,True,0.38333333333333347,-3.5294117647058907,-3.5294117647058907
SAIHAMCOT,2024-07-04,5.109489051094899,2.457244624310346,6.106870229007639,0.8803903562181231,-2.142857142857148,False,0.34782608695652184,-6.250000000000003,15.277777777777784
SAIHAMCOT,2025-02-20,3.3333333333333335,3.3120854671504403,6.122448979591839,1.0787589704025136,1.3513513513513467,True,0.7451923076923077,-4.5161290322580605,-3.225806451612903
SAIHAMCOT,2025-06-16,3.968253968253968,3.586255352107948,6.666666666666672,0.8505853824734743,-2.3255813953488427,False,0.6298076923076923,3.816793893129771,6.106870229007639
SAIHAMCOT,2025-06-26,3.1007751937984525,3.0319755907088157,8.196721311475411,1.4640895098935576,0.0,False,0.639423076923077,3.7593984962406015,2.255639097744353
SAIHAMCOT,2025-06-30,3.816793893129771,3.806726434430833,9.836065573770501,1.6151406156381438,4.799999999999997,False,0.6538461538461539,2.205882352941182,5.14705882352942
SAIHAMCOT,2025-12-17,3.2085561497326283,2.3451235886057726,9.142857142857151,0.8597156245476925,8.09248554913294,True,0.9897435897435898,3.1088082901554293,-1.5544041450777237
SAIHAMTEX,2020-07-23,3.6734693877550963,39.57812473114579,3.2653061224489828,36.90468029015095,0.0,False,0.14596273291925463,6.2992125984252025,2.362204724409455
SAIHAMTEX,2020-07-29,3.2653061224489828,3.4583037939725045,6.5306122448979655,8.809048274417862,0.0,False,0.14285714285714288,5.928853754940711,1.9762845849802373
SAIHAMTEX,2020-07-30,8.300395256916987,3.8928749919122847,6.5306122448979655,9.154638243123285,3.2653061224489828,False,0.20807453416149063,-4.014598540145978,-5.474452554744526
SAIHAMTEX,2020-09-06,4.46096654275094,2.1448691837027503,7.48031496062993,0.7854844627640956,2.2813688212927676,False,0.24915824915824925,-3.558718861209964,-9.252669039145912
SAIHAMTEX,2021-08-05,2.966101694915251,4.048755091438211,5.240174672489096,0.571054572401833,-0.8403361344537785,True,0.6083333333333334,3.292181069958851,5.761316872427978
SAIHAMTEX,2021-09-07,3.212851405622493,2.6977585688824224,7.46887966804978,0.8106231084779492,5.5084745762711735,True,0.725,-7.00389105058366,-7.3929961089494105
SAIHAMTEX,2022-01-27,2.57510729613733,2.6375382072481,8.29493087557604,1.0496087162528531,5.429864253393662,True,0.6969696969696969,-3.347280334728022,-8.78661087866108
SAIHAMTEX,2022-08-29,5.577689243027883,3.0378760932826756,5.737704918032796,0.7643800536112024,1.6194331983805754,True,0.9506172839506174,-7.547169811320755,-7.924528301886798
SAIHAMTEX,2022-08-30,3.7735849056603774,2.221365515435017,9.426229508196725,1.0114213645687267,8.606557377049187,True,0.8877551020408162,-10.909090909090908,-11.272727272727277
SAIHAMTEX,2023-07-05,3.409090909090897,4.1088432398401995,5.681818181818182,6.710846036090599,0.0,False,0.06306306306306299,-3.296703296703285,-3.296703296703285
SAIHAMTEX,2024-07-04,3.5211267605633805,2.362397052883363,5.925925925925931,0.8351683808149455,-5.3333333333333375,False,0.24999999999999975,-4.761904761904757,21.768707482993193
SAIHAMTEX,2024-08-06,10.000000000000002,3.31448727328629,9.352517985611502,0.7967217630902382,2.1897810218978155,False,0.3846153846153845,25.324675324675326,22.727272727272716
SAIHAMTEX,2024-12-10,9.740259740259729,6.398179287108747,8.219178082191789,0.8595369775287584,4.761904761904769,True,0.8047619047619047,-7.692307692307687,-11.24260355029585
SAIHAMTEX,2025-01-23,3.4013605442176873,2.185069737946564,8.275862068965512,0.7614505615636192,-5.16129032258065,False,0.7238095238095238,0.0,1.3157894736842175
SAIHAMTEX,2025-06-30,3.1007751937984525,2.349307657685485,9.917355371900834,1.3417654313773366,3.200000000000003,False,0.6333333333333334,13.533834586466156,11.278195488721805
SAIHAMTEX,2025-08-24,2.5974025974025996,2.2363380819744862,8.219178082191789,1.3679935529861065,9.219858156028375,True,0.7523809523809524,7.594936708860754,-0.6329113924050722
SAIHAMTEX,2025-10-28,3.378378378378378,2.377862005105863,9.589041095890414,0.4468677813272726,-9.202453987730062,True,0.8793103448275863,-3.9215686274509896,-1.9607843137254948
SAIHAMTEX,2025-12-17,3.9215686274509776,5.437808193888005,7.638888888888887,1.0018712149713054,5.51724137931035,True,0.9137931034482759,20.754716981132066,28.930817610062892
SAIHAMTEX,2026-02-09,3.6866359447004644,2.841403010231025,9.405940594059418,0.8294431601872277,7.425742574257425,True,0.9911894273127754,-1.3333333333333366,-10.222222222222225
SALAMCRST,2019-01-06,7.500000000000005,6.093638519034522,8.778625954198477,0.9482365694822616,1.0830324909747318,False,0.2653061224489798,-6.976744186046516,-7.308970099667783
SALAMCRST,2019-02-17,10.638297872340425,9.726632208950093,5.14705882352942,0.4770194078740193,-0.35335689045936897,True,0.3401360544217687,-8.333333333333327,-14.1025641025641
SALAMCRST,2019-05-02,4.669260700389103,2.613575649585291,7.171314741035845,0.7759154002033901,-4.460966542750927,False,0.13043478260869554,-3.717472118959108,-2.602230483271373
SALAMCRST,2019-08-06,7.500000000000003,4.874939466981119,9.565217391304346,0.9437948485671874,-9.090909090909086,False,0.18817204301075272,-2.3255813953488427,-8.527131782945734
SALAMCRST,2020-02-12,3.921568627450984,3.5272891945578575,7.216494845360836,1.4428290220991176,6.806282722513074,False,0.21764705882352936,13.207547169811324,-3.3018867924528266
SALAMCRST,2020-07-30,2.6455026455026456,3.0428579581121955,3.7634408602150495,2.642527306212476,1.6129032258064364,False,0.2695652173913042,12.371134020618568,9.793814432989704
SALAMCRST,2020-08-06,6.701030927835055,4.896296387537025,7.526881720430099,3.1950058008349926,4.301075268817189,False,0.3826086956521738,4.347826086956532,11.111111111111114
SALAMCRST,2020-09-03,7.906976744186044,4.216947716014005,7.281553398058252,0.6510124695835318,9.693877551020401,True,0.5999999999999999,3.0172413793103416,-4.7413793103448185
SALAMCRST,2021-03-02,5.025125628140704,2.052750901889832,7.179487179487172,0.6745083686470938,-10.762331838565032,True,0.4791666666666666,-1.4354066985645797,-6.220095693779891
SALAMCRST,2021-04-21,3.0456852791878246,2.207908222495594,9.625668449197864,0.7706593379385602,-1.5000000000000036,False,0.41666666666666674,0.49261083743841316,7.881773399014767
SALAMCRST,2021-05-06,3.921568627450984,2.131096013617679,7.920792079207928,1.845933873793363,5.699481865284963,True,0.5104166666666666,2.358490566037736,42.45283018867924
SALAMCRST,2021-05-09,4.2452830188679345,3.7033314875299945,7.920792079207928,1.932776085650192,8.717948717948715,True,0.6041666666666669,3.1674208144796343,49.77375565610859
SALAMCRST,2021-08-02,9.999999999999991,5.56424769504593,9.090909090909092,0.5237687823811019,-3.7900874635568433,True,0.9672131147540983,-9.090909090909085,-5.2341597796143216
SALAMCRST,2021-08-25,5.309734513274349,2.484399182780264,8.256880733944941,0.62900899736937,4.953560371517033,True,0.9095744680851066,3.0812324929971826,-1.6806722689075668
SALAMCRST,2021-09-07,5.142857142857134,3.3546861547270215,9.036144578313252,0.8634134649381278,-0.28490028490028896,True,0.9629629629629628,-5.978260869565206,3.2608695652173996
SALAMCRST,2022-05-09,4.761904761904759,7.567433365869586,9.012875536480678,1.0273230590767721,0.3984063745019835,False,0.3548387096774193,24.62121212121212,14.015151515151528
SALAMCRST,2022-08-10,5.014749262536881,2.4435995663953185,7.668711656441718,1.1124727926025895,3.987730061349684,True,0.7272727272727274,2.528089887640445,4.494382022471914
SALAMCRST,2022-09-12,8.602150537634397,3.7513083259247035,8.262108262108256,0.6604454412756778,4.494382022471914,True,0.9723756906077348,-3.7128712871287126,-13.118811881188112
SALVOCHEM,2019-05-02,8.441558441558435,4.977608505578954,9.459459459459449,0.8625179096341281,-8.333333333333336,False,0.1377419352758376,-4.790419161676641,-8.383233532934124
SALVOCHEM,2019-06-11,3.8216560509554234,6.100630488052874,5.298013245033117,1.0652069603405316,-1.8750000000000044,False,0.11064516107879298,-5.521472392638039,-5.521472392638039
SALVOCHEM,2019-06-27,9.740259740259729,7.514663559900681,5.921052631578962,1.3875453811575442,-0.6451612903225784,False,0.15129032237435994,-12.426035502958568,-8.875739644970404
SALVOCHEM,2019-08-21,3.3333333333333335,2.1714949905494185,5.555555555555548,0.5912245656313071,0.671140939597313,False,0.16237113400666908,-12.258064516129034,-12.903225806451612
SALVOCHEM,2019-10-10,4.5112781954887184,5.511225786851205,7.874015748031496,0.949902949782022,-4.316546762589925,False,0.10524286817757193,-11.510791366906473,-35.97122302158273
SALVOCHEM,2020-02-16,10.0,15.087920291862503,9.375000000000004,1.31928917935729,3.0927835051546464,False,0.2844827586206896,7.27272727272728,-8.181818181818185
SALVOCHEM,2020-12-09,6.944444444444445,5.92272222236052,9.352517985611502,1.1756536100731136,6.66666666666667,True,0.7857142857142857,-9.740259740259742,4.545454545454552
SALVOCHEM,2021-03-02,5.737704918032796,2.142312806911506,6.666666666666672,0.7861103619737417,-10.294117647058826,False,0.48888888888888893,0.0,-10.077519379844967
SALVOCHEM,2021-03-11,8.661417322834657,4.380223776428677,9.917355371900834,1.0282784521021426,-0.7812500000000111,True,0.588888888888889,-13.768115942028988,-18.840579710144937
SALVOCHEM,2021-05-06,4.201680672268907,3.1221364930922046,9.401709401709414,1.9361121865970006,1.7094017094017186,False,0.43333333333333335,30.64516129032257,88.70967741935483
SALVOCHEM,2021-05-09,3.2258064516129057,2.8622669119888617,9.401709401709414,2.111181847585631,5.0847457627118615,False,0.47777777777777786,39.0625,79.68749999999999
SALVOCHEM,2022-01-18,6.0728744939271255,4.9432527285293935,9.543568464730278,1.2574324666722911,-1.7892644135188838,True,0.7857142857142857,-5.7251908396946565,15.648854961832068
SALVOCHEM,2022-02-10,6.060606060606066,2.770824294850405,9.278350515463918,1.2308140933170306,9.090909090909088,True,0.8533834586466166,-0.3571428571428622,-0.8928571428571428
SALVOCHEM,2022-04-17,3.2015065913370915,4.417448485752706,7.157057654075549,0.6063127156576792,-1.8484288354898335,True,0.8308270676691729,1.2773722627737278,9.671532846715337
SALVOCHEM,2022-05-08,3.783783783783786,2.776449353064819,5.492424242424254,1.1716985557441277,4.716981132075472,True,0.8823529411764707,6.076388888888888,11.979166666666664
SALVOCHEM,2022-12-13,5.555555555555555,10.958671657435126,3.8834951456310773,732.4210902570846,1.9417475728155387,True,0.8491379310344828,-7.0676691729323355,-7.0676691729323355
SALVOCHEM,2025-02-26,4.938271604938269,2.317561808860216,7.826086956521743,1.4695128894652907,7.522123893805306,False,0.3893129770992366,-6.666666666666663,-5.88235294117647
SAMATALETH,2021-09-02,9.978308026030373,2.855182808403731,8.771929824561402,0.8300067749690028,6.712962962962959,False,0.4363143631436315,4.339250493096639,-8.185404339250505
SAMATALETH,2022-03-28,3.3942558746736404,2.373632949675348,7.702702702702706,0.49253139925126915,-7.376058041112464,False,0.20000000000000004,-5.808080808080819,-10.227272727272737
SAMATALETH,2025-07-10,6.884057971014487,2.523592317714661,8.022388059701486,1.1139281182497418,6.976744186046514,True,0.9866220735785953,15.084745762711874,45.423728813559315
SAMATALETH,2026-02-18,4.086265607264481,2.4013036973860284,9.299655568312296,0.6639756010498628,-5.472103004291855,True,0.7209119496855346,-7.524536532170126,-9.160305343511457
SAMORITA,2021-03-16,2.5196850296883913,6.358740098495093,8.085808575857346,5.193505665818472,4.785478546062063,True,0.39423076915245947,-6.912442385929833,-6.912442385929833
SAMORITA,2021-06-09,3.5881435231829935,2.477322230712648,6.403940873806688,1.0423146277760142,4.227642274132467,True,0.435897435973373,0.45180722936099504,3.463855419302843
SAMORITA,2021-06-10,4.367469878024858,2.8888027370188056,9.852216739145568,1.2160367567060568,7.269789991531628,True,0.5288461538675112,-4.617604616666663,3.174603166666661
SAMORITA,2021-07-13,4.0756914048390875,3.8124186648352567,8.268330735168936,0.6130640441755182,3.463855419302843,True,0.46581196544915615,4.0559440710812344,9.370629386105442
SAMORITA,2021-09-02,5.405405411029947,2.6540718608478615,5.1315789525675175,0.3462135033652808,5.570652174510058,True,0.9102564101678176,25.763125765054305,14.652014652376257
SAMORITA,2021-11-30,3.7621359308695643,2.5949110267292084,8.280254765168161,0.555585894387159,-5.396096441938266,True,0.5366379311154899,12.748538001236486,7.017543852776234
SAMORITA,2022-01-16,9.927611166895069,4.426589789323114,8.21309656317724,0.880277190331304,1.4690451181153867,True,0.9849137930042012,-4.703668852165232,-3.104421441125202
SAMORITA,2022-08-17,5.2287581804933945,6.817843838667076,9.027777781119793,1.1976043987486296,-2.173913055358336,False,0.24137931045719377,2.1118012394734107,9.937888189133142
SAMORITA,2023-05-11,5.291723208955227,8.040516402399803,4.748603350624975,1.249750435728523,1.0973936941466624,True,0.486053412701497,0.38659793425344696,1.8041237073579877
SAMORITA,2023-05-28,2.8241335044204328,2.175153436038978,9.793103441244229,1.4843501337934808,5.986394557660233,True,0.5639465876755063,-2.247191016173621,-7.865168542874789
SAMORITA,2023-07-09,3.727506417594063,3.1951357571978565,7.7975376325442936,0.6764068378031253,3.18302386981544,True,0.5549050632106354,-2.2304832628119273,-4.832713747451428
SAMORITA,2023-10-01,5.039787791442981,6.524820416662088,4.619565215969837,1.2360687886573825,0.6675567503426993,True,0.6409638554596894,-6.313131319444448,36.2373737361111
SAMORITA,2023-10-29,28.740157482758782,23.71388217058701,8.819538671641796,1.0129264643966063,1.464713715105115,True,0.8317073171340272,1.3251783873868626,-15.392456680232257
SAMORITA,2024-01-03,4.779874213836474,2.3658362182015007,7.953063885267267,0.496293979875725,-10.491299899478179,True,0.5262857144040054,11.044417767106847,-7.563025210084031
SAMORITA,2024-01-16,9.941520467836257,4.43290338305029,9.355246523388123,1.2133377801228482,0.2344665885111405,True,0.750476190628644,-17.872340425531913,-18.19148936170212
SAMORITA,2024-04-09,3.867403314917123,2.028591772522269,9.69609261939219,0.6238475600699918,-6.095979247730207,False,0.3402343751179963,-8.90957446808511,-5.319148936170213
SAMORITA,2024-05-26,6.547619047619034,2.5436526168751676,9.701492537313433,1.1506729844253971,-1.8978102189780979,False,0.18663793102211823,-6.284916201117319,-3.631284916201109
SAMORITA,2024-07-04,3.1609195402298895,2.0959285610545977,6.983655274888563,1.044148231998737,0.7235890014471781,False,0.19571275459715168,-3.4818941504178276,-5.849582172701954
SAMORITA,2024-07-09,4.070556309362279,5.089616367506468,9.17030567685589,1.6136679730957422,5.28571428571429,True,0.31125401935932573,-10.691003911342897,-16.55801825293351
SAMORITA,2024-09-03,6.25,2.7948241448138207,8.252427184466034,0.37735966816616917,-6.705539358600575,False,0.1558704453756823,4.26470588235295,-5.44117647058824
SAMORITA,2025-02-04,2.6929982046678633,4.734532901758069,9.90476190476191,1.7754636797638728,9.21568627450981,False,0.5777777777777778,-4.370629370629371,-1.0489510489510514
SAMORITA,2025-04-09,4.576271186440683,4.823722186165396,6.761565836298927,0.9340477310312949,1.5490533562822695,True,0.7751256281407036,-1.2965964343598124,-10.858995137763374
SAMORITA,2025-07-10,4.310344827586207,2.411588666348315,7.956600361663664,0.9484834283239729,6.422018348623854,True,0.7658227848101266,5.619834710743799,15.537190082644637
SANDHANINS,2019-04-02,5.5045871559633,3.722440283282609,7.843137254901968,0.5169981092495373,-14.509803921568626,False,0.1897810218978103,-8.695652173913043,-10.000000000000004
SANDHANINS,2019-05-26,7.9812206572769915,5.292526218276092,9.090909090909093,0.8584112546087695,7.575757575757576,False,0.29299363057324845,3.913043478260864,2.6086956521739193
SANDHANINS,2019-11-18,7.906976744186044,3.4045239853520357,7.729468599033823,0.5883350324808129,6.43564356435644,True,0.3057324840764331,-4.7413793103448185,-8.620689655172415
SANDHANINS,2020-02-16,2.690582959641246,2.1958068016587036,8.0188679245283,0.7634560167659399,3.240740740740737,True,0.286624203821656,-5.24017467248908,-21.39737991266375
SANDHANINS,2020-02-17,6.550218340611353,5.93996548949257,8.962264150943406,0.9010192070303974,3.1531531531531503,True,0.3821656050955413,-10.655737704918025,-30.737704918032787
SANDHANINS,2020-07-20,6.701030927835055,6.402526269599354,9.44444444444444,3.5909830773056415,7.77777777777777,False,0.4166666666666667,13.043478260869563,21.256038647343008
SANDHANINS,2022-01-04,5.865102639296187,6.868631535499498,5.810397553516815,1.2019167841374663,1.1869436201780372,True,0.541958041958042,5.540166204986149,-1.3850415512465373
SANDHANINS,2022-08-25,5.818181818181823,3.954444951223512,9.29368029739777,0.8444078846604803,2.61194029850746,False,0.1611111111111112,2.7491408934707806,-7.560137457044683
SANDHANINS,2022-11-03,5.860805860805853,8.988393574544775,3.345724907063205,1.7147962042642306,1.4869888475836512,False,0.20610687022900762,-4.152249134948095,-6.228373702422136
SANDHANINS,2023-01-12,2.602230483271386,7.159504357959174,4.089219330855024,1.5452858241527359,-0.3703703703703756,False,0.10687022900763377,11.956521739130425,-0.7246376811594305
SANDHANINS,2023-01-18,3.1802120141342707,7.180514770708153,6.691449814126398,3.090643052376824,5.20446096654276,True,0.2290076335877863,-0.6849315068493127,-7.876712328767126
SANDHANINS,2023-03-06,3.321033210332098,3.7370255647006,3.345724907063205,0.4795340128160479,-7.508532423208189,False,0.2045454545454546,-3.9285714285714333,-3.9285714285714333
SANDHANINS,2023-05-18,3.3088235294117725,10.06327568623123,2.602230483271386,7.6967374887288384,1.115241635687735,True,0.25675675675675697,18.5053380782918,3.558718861209964
SANDHANINS,2023-05-25,9.67741935483872,9.90424234155613,7.434944237918216,6.204038945772519,3.717472118959108,True,0.5945945945945947,12.74509803921568,-0.3267973856209197
SANDHANINS,2023-09-17,3.9855072463768035,4.206967868088067,4.46096654275094,1.3692728278391455,1.8450184501845017,True,0.20689655172413796,-5.2264808362369335,-6.271777003484323
SANDHANINS,2023-09-19,5.9649122807017525,5.457346706448115,8.148148148148145,1.9273852129202396,4.395604395604393,True,0.3793103448275862,-10.927152317880799,-10.927152317880799
SANDHANINS,2024-01-11,2.9739776951672887,4.714923788634676,7.063197026022314,2.328188350355223,0.0,False,0.0919540229885058,18.41155234657039,15.884476534296038
SANDHANINS,2024-01-14,9.747292418772561,13.190524950270914,7.063197026022314,2.799679234938422,2.9739776951672887,True,0.4022988505747125,6.249999999999996,6.90789473684211
SANDHANINS,2025-02-19,3.1088082901554293,5.465760222102648,6.7708333333333375,1.1616652551412363,-3.0150753768844116,False,0.5685714285714285,18.09045226130654,9.547738693467348
SANDHANINS,2025-02-23,9.595959595959588,9.492791602898732,4.687500000000011,1.8006215550756455,-0.9999999999999963,True,0.62,10.59907834101383,-0.4608294930875478
SANDHANINS,2026-01-05,4.102564102564106,3.6349234269367767,7.02702702702703,0.6993776495652193,-1.0152284263959355,False,0.7355072463768115,0.49261083743841316,2.463054187192118
SAPORTL,2019-02-18,2.8880866218613566,2.2509661632519533,7.307692314934903,0.4357514977081857,-7.666666662926672,True,0.5473684211897617,-7.719298227530924,-13.684210520288087
SAPORTL,2019-08-06,9.70873789580544,6.399112062880731,7.000000001020005,0.7381427691302871,-10.043668119742193,False,0.2666666670192592,-2.654867282598469,-11.946902681427671
SAPORTL,2019-10-28,3.804347826388235,2.7828977778523694,7.428571403591841,0.7365591924484559,-5.154639140025508,False,0.10666666662133338,6.282722467794195,-1.0471204647021783
SAPORTL,2020-08-03,9.195402292786351,3.5883705589899817,6.024096406270872,2.1391159774237885,4.819277137305855,True,0.3800000003467999,5.789473670648203,12.631578966581728
SAPORTL,2021-06-10,5.555555555555555,4.248377680441803,7.8431372549019605,1.298660180061473,6.719367588932804,True,0.6197813122028267,-2.4561403508771904,-5.614035087719303
SAPORTL,2021-07-15,5.14705882352942,2.2835575657434877,9.541984732824428,0.5699345520320136,-5.882352941176468,True,0.6248508947067891,10.48951048951049,6.2937062937062835
SAPORTL,2021-07-26,7.746478873239447,5.738621205501886,9.022556390977437,0.905342965138359,-1.0452961672473893,True,0.7262425447860353,-2.2875816993464144,-1.9607843137254948
SAPORTL,2021-09-07,3.1948881789137267,2.070843126474759,7.407407407407406,0.7504150678035545,-1.5723270440251573,True,0.7870203160318956,-9.287925696594417,-4.0247678018575765
SAPORTL,2021-09-28,6.825938566552901,2.5986674282838416,6.206896551724141,0.4766471956728665,-2.333333333333331,True,0.7294582392837594,-0.6389776357827454,-11.182108626198083
SAPORTL,2021-10-03,6.6666666666666705,4.621859239317725,9.999999999999995,0.8869809596327907,3.9603960396039577,True,0.861851015804473,-12.202380952380956,-16.36904761904762
SAPORTL,2022-01-05,5.098039215686277,3.667609650292219,7.08333333333333,1.2184721712455713,-1.544401544401539,False,0.347517730496454,1.4925373134328304,8.58208955223881
SAPORTL,2022-02-02,6.2043795620438065,4.857291928776506,8.46153846153846,0.8832324854900679,7.450980392156857,True,0.5106382978723406,-1.0309278350515487,-8.247422680412377
SAPORTL,2022-04-28,9.747292418772561,22.672370395843995,6.766917293233071,0.670165280432881,-4.152249134948095,True,0.6475409836065571,-9.539473684210522,0.0
SAPORTL,2023-01-29,5.466237942122173,3.3254517600452256,6.90789473684211,1.4218884579068187,3.6666666666666714,True,0.4545454545454544,-4.268292682926825,-8.231707317073159
SAPORTL,2023-04-25,5.7046979865771785,5.52841707327417,3.103448275862064,0.7713074740625228,-1.65016501650165,False,0.3267973856209151,-7.619047619047614,-4.444444444444439
SAPORTL,2024-01-14,5.109489051094899,10.794596717219713,1.4705882352941255,1.0886613013890127,0.7352941176470562,True,0.21052631578947392,-9.722222222222223,7.638888888888887
SAPORTL,2024-04-28,7.782101167315175,2.0422531253145584,9.411764705882348,0.7985702244636488,-6.884057971014499,True,0.26829268292682906,6.498194945848377,-5.415162454873646
SAPORTL,2024-07-04,3.396226415094334,3.090268623393526,9.917355371900834,1.0446977805945388,2.7131782945736407,False,0.3368421052631577,-8.394160583941595,-10.583941605839412
SAPORTL,2025-01-20,9.900990099009901,3.43489023428636,8.585858585858581,0.9889310743944979,-12.173913043478263,False,0.6587537091988129,1.8018018018018116,0.0
SAPORTL,2025-03-20,6.8181818181818175,8.63137032585631,4.62962962962963,0.5890997028244767,-1.345291479820631,True,0.7679738562091503,-3.404255319148939,1.7021276595744619
SAPORTL,2025-04-28,2.57510729613733,2.3948484231164486,6.8181818181818175,0.8018918483115243,5.909090909090913,True,0.7861842105263158,-11.715481171548106,-11.29707112970711
SAPORTL,2025-05-04,2.56410256410257,3.4187802488884773,9.999999999999996,0.949276792592029,0.8620689655172384,True,0.7894736842105263,-12.083333333333329,-12.916666666666673
SAPORTL,2025-07-14,2.666666666666673,3.2478049355597336,7.009345794392524,1.4883648428513496,7.655502392344504,True,0.7857142857142858,1.2987012987012863,2.597402597402588
SAPORTL,2025-08-04,3.813559322033892,3.4611688877554605,4.761904761904753,1.4266286717990249,7.27272727272728,True,0.8333333333333334,-0.40816326530612823,27.3469387755102
SAPORTL,2026-02-17,3.3783783783783785,3.118423739069315,8.353221957040573,1.0363579013719644,3.7383177570093498,True,0.936734693877551,3.70370370370371,8.061002178649245
SBACBANK,2025-01-02,2.6666666666666687,3.7729835337632145,6.756756756756756,0.7054103867024234,-3.8461538461538445,False,0.5539568345323741,2.5974025974025996,11.688311688311682
SBACBANK,2025-01-06,3.797468354430366,3.869817849304645,6.756756756756756,1.013723822165105,0.0,False,0.5899280575539567,-1.219512195121947,4.87804878048781
SBACBANK,2026-01-04,4.838709677419352,4.454669817186917,5.0847457627118615,0.6566642547302317,6.896551724137938,False,0.6632653061224489,-1.538461538461533,0.0
SBACBANK,2026-02-10,2.9850746268656745,4.207237437438489,9.677419354838705,0.9358132683375219,9.836065573770501,False,0.7040816326530612,4.347826086956519,-1.4492753623188481
SEAPEARL,2021-09-05,8.31353919239905,3.3839101277037913,8.14814814814814,0.8138330322333898,2.184466019417472,False,0.2243186582809225,-3.070175438596488,14.473684210526319
SEAPEARL,2021-09-23,5.116279069767449,2.4910478979205357,8.31353919239905,0.6799811389816006,2.8708133971291936,False,0.1322505800464038,12.610619469026538,-5.752212389380533
SEAPEARL,2021-09-29,9.36073059360731,3.1542041264743355,9.026128266033247,0.9009105612258359,6.310679611650471,False,0.19489559164733178,-3.1315240083507305,-9.185803757828808
SEAPEARL,2022-01-02,3.1250000000000133,3.1801650053431203,8.433734939759036,0.4691986703769702,2.5171624713958676,False,0.1896551724137932,-4.761904761904768,-0.8658008658008781
SEAPEARL,2022-02-15,4.415011037527594,4.14754758358681,7.674943566591436,1.3401618736691447,4.3778801843317945,False,0.21674876847290636,-7.610993657505275,-4.439746300211405
SEAPEARL,2022-03-29,3.63636363636364,2.481299750620215,4.090909090909085,0.593762766042162,0.4566210045662165,False,0.17487684729064046,7.45614035087719,8.771929824561402
SEAPEARL,2022-07-05,2.947845804988656,2.619590106585009,7.6009501187648345,0.9741702506423755,0.45558086560365113,True,0.2593984962406015,-3.0837004405286312,6.1674008810572785
SEAPEARL,2022-08-01,2.832244008714606,2.321901404347827,9.767441860465123,0.5729470227112794,4.555808656036446,True,0.5000000000000002,20.338983050847446,24.364406779661017
SEAPEARL,2023-04-24,5.561385099685217,2.3176549136723104,9.73548861131521,0.8697937832127769,-8.570514870482896,True,0.9084876004191408,-23.823724320742215,-25.84493041749503
SEAPEARL,2024-04-21,3.33716915995396,3.1171606398205047,9.56416464891042,0.919347827578946,-9.195402298850572,False,0.03495899870522225,3.1180400890868567,-0.3340757238307318
SEAPEARL,2024-05-02,2.8108108108108047,3.2976990769747196,7.861271676300574,1.6549440538475744,2.209944751381215,False,0.0578334052654294,-4.521556256572027,-5.993690851735004
SEAPEARL,2024-06-23,3.9153439153439185,2.5796557596237797,7.20620842572062,1.2730567458992996,7.021517553793888,False,0.10436432637571157,-6.0081466395112075,-23.217922606924642
SEAPEARL,2025-02-25,9.846153846153854,8.03156861801267,5.483870967741945,0.8343281412009695,5.863192182410426,False,0.3272227314390468,5.882352941176454,15.126050420168061
SEAPEARL,2026-02-15,8.777429467084653,3.9403416478181326,7.999999999999995,0.9288756050203236,-0.31250000000000444,False,0.5623987034035657,-4.610951008645537,9.798270893371754
SEMLFBSLGF,2020-07-21,6.410256410256422,4.487262916408269,8.974358974358978,4.0711525139260285,0.0,False,0.04326923076923078,3.614457831325288,28.915662650602393
SEMLFBSLGF,2021-03-29,2.5641025641025665,6.060557149898505,2.5641025641025665,0.51161418256153,0.0,False,0.18987341772151897,-6.25,-1.2499999999999956
SEMLFBSLGF,2021-04-07,2.5641025641025665,2.8893316607755364,6.410256410256422,1.2051208152168127,0.0,False,0.18987341772151897,2.499999999999991,14.999999999999991
SEMLFBSLGF,2021-05-04,7.594936708860754,4.736644481854938,7.6923076923077,1.2463897967648847,1.282051282051289,False,0.2531645569620253,5.88235294117647,15.294117647058833
SEMLFBSLGF,2021-06-23,5.05050505050505,2.1748810312390674,7.216494845360836,0.8324600129908436,8.791208791208799,True,0.4366197183098592,5.769230769230766,21.153846153846146
SEMLFBSLGF,2021-12-30,3.6585365853658622,2.5567199100432587,9.876543209876552,0.8699020301281679,-5.74712643678161,False,0.18181818181818182,0.0,-3.5294117647058907
SEMLFBSLGF,2022-01-03,3.5294117647058907,3.581448815854594,7.407407407407403,1.0336111714888179,-3.409090909090917,False,0.22727272727272738,-4.545454545454549,-5.681818181818182
SEMLFBSLGF,2022-03-06,3.6585365853658622,3.6483367407334595,6.17283950617284,0.7316725227067156,-1.2048192771084507,False,0.18181818181818182,7.05882352941176,9.41176470588236
SEMLFBSLGF,2022-08-08,3.5294117647058907,3.8936962200689385,7.3170731707317245,1.697911099563609,-1.1627906976744147,True,0.19047619047619063,12.499999999999995,-4.545454545454549
SEMLFBSLGF,2022-08-11,11.363636363636363,21.556092910072927,5.952380952380952,2.304623771229523,3.5294117647058907,True,0.34920634920634935,-1.0204081632653206,-14.285714285714288
SEMLFBSLGF,2024-07-07,9.25925925925926,7.169413309072663,5.769230769230766,1.070899388157988,-8.47457627118644,False,0.17073170731707318,-6.7796610169491585,10.169491525423723
SEMLFBSLGF,2025-10-14,3.7735849056603805,3.500374821633469,7.843137254901968,1.1457234557996916,0.0,True,0.7638888888888888,-5.4545454545454515,-18.181818181818183
SEMLFBSLGF,2026-02-15,5.769230769230766,3.7603041012992957,8.163265306122437,0.9550842373726784,6.122448979591832,True,0.7638888888888888,-7.27272727272728,-5.4545454545454515
SEMLIBBLSF,2020-07-12,3.124999999999989,9.737329271449926,9.999999999999993,1.8762025449893287,6.666666666666672,False,0.12499999999999997,-4.545454545454543,1.5151515151515234
SEMLIBBLSF,2020-09-21,9.859154929577468,3.347927973769318,8.571428571428566,0.6693251944581832,-1.3888888888888962,True,0.21874999999999997,5.1282051282051215,0.0
SEMLIBBLSF,2021-07-15,5.426356589147281,3.8870392631110153,9.836065573770501,0.7518887663648284,-4.444444444444442,True,0.8085106382978723,-6.6176470588235325,-13.970588235294121
SEMLIBBLSF,2022-03-06,4.761904761904765,4.791512172736131,8.536585365853671,0.7383463140651175,-6.6666666666666625,False,0.1269841269841271,5.681818181818182,7.954545454545446
SEMLIBBLSF,2023-12-20,9.302325581395356,56.5043759219843,3.5294117647058907,59.94950965988179,1.17647058823529,True,0.736842105263158,-9.574468085106387,-13.82978723404256
SEMLIBBLSF,2024-04-16,4.054054054054052,4.198293074681991,6.944444444444445,0.3878661645694103,-3.896103896103894,False,0.19230769230769226,-6.493506493506493,-6.493506493506493
SEMLIBBLSF,2025-05-04,7.352941176470589,15.443570078692918,7.6923076923076925,0.8440896011230418,3.030303030303033,True,0.9125,-8.219178082191776,-8.219178082191776
SEMLIBBLSF,2025-07-23,2.941176470588238,2.899812884573792,5.882352941176476,1.5707853934352827,1.4925373134328304,True,0.875,0.0,-8.571428571428566
SEMLIBBLSF,2025-07-31,2.85714285714286,2.0136539948974295,4.411764705882351,1.412695346405944,4.477611940298504,True,0.9,-11.111111111111107,-6.944444444444445
SEMLLECMF,2019-01-06,2.898550724637671,2.2664865873554025,4.5454545454545565,1.1638578307667113,4.5454545454545565,False,0.16666666666666652,9.859154929577468,1.4084507042253596
SEMLLECMF,2019-05-05,2.898550724637671,3.4375842872275393,4.5454545454545565,1.8487262998512168,0.0,False,0.16666666666666652,-2.8169014084506943,0.0
SEMLLECMF,2019-06-25,8.108108108108103,16.96031298103885,8.695652173913038,2.091341747246143,5.71428571428572,True,0.38095238095238093,12.5,56.25
SEMLLECMF,2020-02-11,9.25925925925926,3.5525957361982714,7.547169811320761,0.9929481259727468,-1.818181818181812,False,0.09302325581395357,8.47457627118644,-1.6949152542372972
SEMLLECMF,2020-07-21,5.660377358490563,4.090326897223672,5.660377358490563,1.6803782058333312,0.0,False,0.09999999999999994,3.5714285714285747,12.500000000000004
SEMLLECMF,2020-08-06,3.448275862068969,4.664264370734238,9.433962264150944,1.9849251875324778,9.433962264150944,False,0.14444444444444443,4.9999999999999964,33.33333333333333
SEMLLECMF,2022-01-03,5.434782608695652,3.8104631872278008,6.741573033707861,1.200737897018977,-4.1666666666666705,False,0.4583333333333332,-3.0927835051546286,-2.0618556701030855
SEMLLECMF,2022-01-11,5.376344086021505,4.434893942494536,8.888888888888896,1.7107781389054626,-3.124999999999989,False,0.4722222222222223,-6.122448979591851,-10.20408163265306
SEMLLECMF,2022-01-30,3.2608695652173996,2.0007907472014703,6.521739130434799,0.7191539264433959,2.2222222222222143,False,0.4305555555555555,-6.315789473684206,-9.473684210526319
SEMLLECMF,2022-03-06,5.681818181818182,6.635933657662726,5.952380952380952,1.3659798721324783,-4.347826086956506,False,0.40277777777777785,13.978494623655902,22.580645161290317
SEMLLECMF,2024-04-16,9.333333333333323,6.312520015743331,8.450704225352121,0.34597060690957615,-7.407407407407403,False,0.4999999999999998,4.87804878048781,3.6585365853658622
SEMLLECMF,2024-08-08,9.090909090909099,2.9534151409808596,9.677419354838705,0.6384315430229242,1.538461538461533,False,0.2631578947368421,-12.500000000000005,-11.111111111111107
SEMLLECMF,2024-12-04,8.333333333333332,8.511735774360023,8.620689655172415,0.4429110608092606,-6.250000000000005,False,0.6701030927835052,-7.6923076923076925,-4.615384615384613
SEMLLECMF,2025-01-07,3.2258064516129057,2.269820268112615,5.0847457627118615,0.5833535120728001,-4.615384615384613,False,0.6597938144329898,-1.5625000000000084,3.124999999999989
SEMLLECMF,2025-01-23,3.124999999999989,5.149319427013643,6.349206349206354,1.5304047441969657,4.918032786885258,False,0.6804123711340206,0.0,-3.0303030303030196
SEMLLECMF,2025-02-23,7.8125,3.5864618857564916,3.124999999999989,0.5198355717343677,-3.0303030303030196,True,0.7113402061855671,-7.246376811594203,13.043478260869556
SEMLLECMF,2025-10-09,4.054054054054052,2.5295452824415814,8.695652173913038,0.6962558310621267,-1.3333333333333286,False,0.5310344827586208,-3.896103896103894,-3.896103896103894
SHAHJABANK,2019-01-06,3.8610038595818685,3.387237026929127,7.518796982842059,0.7895602675060374,8.326996242526073,True,0.7170940179774165,-1.8587360588204376,-5.947955397090491
SHAHJABANK,2019-03-06,4.081632653061218,3.5393717818798844,4.149377592950425,0.5366722111428879,0.0,True,0.5854700854030161,-5.098039196982682,-4.705882324885799
SHAHJABANK,2020-08-12,8.762886566558665,4.8262255368943325,6.7708332886669,4.807780905907409,1.0416666734436486,False,0.46358024730703307,-2.3696682354776994,3.317535540432528
SHAHJABANK,2020-11-18,3.3333333279258346,9.384388003919433,5.445544563082732,0.9185244900656698,1.4492753996863563,True,0.5550632915557334,0.46082946993666346,-0.46082952226733154
SHAHJABANK,2020-12-28,4.545454575955527,2.6752028114744957,4.672897228496976,0.8529062307010834,0.9174311988731941,True,0.7278481018962935,-3.9130434786902035,-6.521739147607937
SHAHJABANK,2021-01-05,2.690582978137833,7.114428202006628,7.476635565595154,1.666110439169755,3.240740736603059,True,0.7145569618266229,-3.056768554621099,-8.296943212601777
SHAHJABANK,2021-03-23,3.3980582473428416,2.235834635841173,6.862745088215906,1.098160692188708,0.0,True,0.5922330105214095,-3.3802816700169243,-2.3943661784858787
SHAHJABANK,2021-03-28,3.3333333279258346,5.258742799181367,6.862745088215906,1.4554079429213842,1.9417475856602022,True,0.6549663940661041,-2.2580645125840593,-3.709677413530943
SHAHJABANK,2021-05-19,3.4313725435622127,5.152441308913477,6.060606050674939,0.6663476814888686,3.5532994865336662,True,0.7263256172693812,-5.213270134163756,-4.739336485603417
SHAHJABANK,2021-05-27,5.418719203162061,7.6137997003449165,8.5858585717895,1.46436745954463,0.9950248740157369,True,0.775728156410112,-6.074766345930106,-6.542056064847804
SHAHJABANK,2021-08-16,4.7169811248565,2.051883109055821,6.435643554019585,0.7930793768416118,5.472636807086572,True,0.7806267807619675,-1.8018017991685005,-1.3513513493763796
SHAHJABANK,2021-10-28,3.791469188482737,3.4472442679891,7.499999987833124,0.9372025161338664,-1.8604651134715062,True,0.6848874604645546,-1.3698630116691617,3.196347027228061
SHAHJABANK,2021-11-16,4.147465431586885,7.890097893408949,5.314009653506607,0.6549888630549492,4.83091786682419,True,0.8424437302322773,-1.3274336264128876,-2.2123893773548127
SHAHJABANK,2024-03-31,2.512562814070352,2.5608318963161554,6.989247311827941,1.6772583804255696,4.73684210526315,True,0.9749999999999996,-0.9803921568627416,-3.4313725490196045
SHAHJABANK,2024-08-08,4.945054945054957,23.334373510705927,7.344632768361587,0.8038082069882192,1.1111111111111072,True,0.9138755980861245,0.0,-0.5235602094240912
SHAHJABANK,2024-11-14,3.888888888888885,2.2167373319289427,7.38636363636362,2.534897088469175,-0.5524861878453117,True,0.8904761904761904,-4.278074866310164,-3.7433155080213867
SHAHJABANK,2025-07-07,4.761904761904765,2.5580622801166606,7.547169811320761,1.6508671293290966,1.2048192771084292,False,0.8380952380952381,1.7045454545454382,6.249999999999988
SHAHJABANK,2026-02-15,5.0279329608938665,3.171302176659848,7.05882352941176,1.726008787115457,5.9171597633136095,True,0.9591836734693877,-2.6595744680851063,-4.255319148936174
SHASHADNIM,2019-08-20,6.410256421129191,8.55620309195659,5.277044864398736,1.1860018477240597,-0.7633587687751334,False,0.16785865622804835,-4.33734942044376,-12.048192790288866
SHASHADNIM,2020-09-06,9.745762708093947,5.079334763837571,6.98689954569896,1.221579532319907,0.8547008523997291,False,0.28214285733973216,-3.0888031212042195,-6.177606201867896
SHASHADNIM,2021-01-07,3.240740740740737,3.719262754693927,4.16666666666666,1.5925195122882978,0.0,False,0.37653973516269246,-3.139013452914795,-3.139013452914795
SHASHADNIM,2021-08-10,3.6900369003690034,4.61669261501311,10.0,0.6608500195794124,6.692913385826784,True,0.8983050847457628,1.0676156583629792,13.879003558718855
SHASHADNIM,2021-09-06,8.602150537634417,3.6777288979547422,6.884057971014487,0.8503833849333619,4.104477611940291,True,0.9770992366412213,0.6600660066006577,5.280528052805273
SHASHADNIM,2022-01-05,5.263157894736845,3.060322231027662,9.91379310344828,0.8397826821109678,-1.984126984126984,True,0.5182926829268293,5.38461538461538,5.769230769230769
SHASHADNIM,2022-01-16,2.7667984189723294,2.836600128821914,7.786885245901648,2.079118391512793,1.2000000000000028,True,0.5182926829268293,6.153846153846159,1.538461538461533
SHASHADNIM,2022-01-19,4.580152671755722,3.754179675707037,9.311740890688263,2.3560209658120823,8.713692946058082,True,0.6036585365853658,0.36496350364964025,-6.569343065693421
SHASHADNIM,2022-04-21,3.8461538461538463,2.24421373452114,8.943089430894306,0.536952491138514,-0.38314176245211273,True,0.5792682926829269,4.074074074074079,-0.3703703703703756
SHASHADNIM,2022-08-30,2.758620689655175,2.7067038206194614,9.78260869565217,1.1604242842788453,7.4074074074074066,True,0.6746031746031748,-9.395973154362418,-9.395973154362418
SHASHADNIM,2024-04-21,6.787330316742081,10.05759470013377,7.906976744186044,0.6137582333866576,-3.913043478260864,False,0.3693693693693694,4.23728813559322,-4.23728813559322
SHASHADNIM,2025-01-29,2.717391304347826,3.5331059060960164,6.857142857142853,0.7410077583505739,-1.0752688172043163,False,0.7,-0.5291005291005179,2.116402116402128
SHASHADNIM,2025-05-29,5.294117647058815,3.233443377638986,6.748466257668698,1.1202203356998117,-1.7341040462427786,False,0.6911196911196911,-4.469273743016744,-0.5586592178770831
SHASHADNIM,2025-08-03,2.7472527472527473,2.9942201824222496,8.045977011494266,1.2557190654481838,3.999999999999996,True,0.7632653061224489,0.0,10.160427807486643
SHASHADNIM,2025-08-19,3.7433155080213867,2.170103035495044,7.103825136612025,0.810358958580774,3.888888888888885,True,0.7918367346938775,7.731958762886598,1.0309278350515612
SHASHADNIM,2025-08-24,3.703703703703719,2.2262558008550575,8.19672131147541,0.9311030649136391,6.179775280898864,True,0.8,6.632653061224475,5.10204081632653
SHASHADNIM,2026-01-06,2.5157232704402537,4.052139377881807,8.666666666666671,1.270224992938061,-1.242236024844727,False,0.7375565610859728,-0.6134969325153461,7.97546012269939
SHASHADNIM,2026-02-03,10.000000000000009,12.299841723012463,6.535947712418301,1.1193310939617478,0.6289308176100606,False,0.7963800904977376,0.0,0.568181818181806
SHEPHERD,2019-07-18,4.70588235294118,3.515748882802364,8.761329305135947,0.45995075415110664,-2.857142857142857,True,0.48792270531400966,-0.5617977528089967,-4.494382022471914
SHEPHERD,2019-07-28,3.7037037037036953,4.052370419720186,9.667673716012072,0.9226121729435939,-0.566572237960328,True,0.5025380710659897,-3.8461538461538423,-8.241758241758241
SHEPHERD,2020-08-03,3.947368421052641,4.871451038226532,3.9735099337748316,9.620180947837982,0.6622516556291367,False,0.13565891472868216,5.69620253164556,4.430379746835438
SHEPHERD,2020-08-06,2.6490066225165587,5.828161335235681,6.622516556291402,11.022145207953741,0.0,False,0.12403100775193796,12.903225806451612,9.032258064516121
SHEPHERD,2020-08-09,4.5161290322580605,4.062117778340837,6.622516556291402,11.574262637405372,2.6490066225165587,False,0.15116279069767435,4.938271604938276,4.938271604938276
SHEPHERD,2020-08-16,9.433962264150932,4.975019077301137,9.27152317880795,10.673769124160973,5.298013245033117,False,0.19767441860465107,-2.873563218390805,-2.2988505747126355
SHEPHERD,2021-09-06,9.78260869565218,3.0262162339079994,4.999999999999992,0.7642326780199105,1.6574585635358958,True,1.0,0.0,0.4950495049505021
SHEPHERD,2022-03-10,7.168458781362008,4.590765268197042,7.169811320754711,0.5860919819967096,-5.743243243243253,True,0.748062015503876,-9.364548494983268,-4.013377926421403
SHEPHERD,2024-09-25,2.77777777777778,7.0220876650119095,8.63309352517985,0.8013426531857426,5.109489051094899,False,0.20161290322580647,-2.0270270270270316,-12.162162162162167
SHEPHERD,2025-01-19,4.255319148936168,2.4341262714219676,7.194244604316546,0.6205202270209331,-9.615384615384617,True,0.6124999999999999,4.761904761904769,13.60544217687075
SHEPHERD,2025-06-18,3.550295857988174,3.1181939404831622,8.695652173913034,0.964529162676023,4.968944099378864,True,0.9020618556701031,9.142857142857151,9.142857142857151
SHEPHERD,2025-06-30,3.3519553072625783,2.347952621759339,9.580838323353301,2.0484309761120882,6.547619047619034,True,0.9536082474226805,1.0810810810810774,0.0
SHURWID,2019-01-02,8.247422680412365,2.06777155122389,9.999999999999998,0.542959247367084,7.777777777777784,True,0.9844924812066513,1.5873015873015872,6.349206349206349
SHURWID,2019-06-26,8.57142857142858,3.1120408364270777,9.584664536741203,1.1565567754801276,-8.163265306122442,True,0.7218045112781956,-7.6023391812865535,-4.385964912280701
SHURWID,2020-09-13,6.1674008810572785,2.3552809556654024,7.692307692307689,0.6653678212372839,-1.3043478260869596,False,0.3483146067415731,-9.958506224066397,-9.958506224066397
SHURWID,2022-06-12,7.106598984771585,3.464775093350846,7.936507936507938,0.7413844185767575,-2.4752475247524752,True,0.5777777777777778,6.6350710900473855,-2.8436018957346034
SHURWID,2023-04-04,3.597122302158273,3.2356977031310072,2.8776978417266212,0.7472679098385546,0.0,False,0.06185567010309275,-3.4722222222222223,8.333333333333329
SHURWID,2023-04-25,6.4748201438848945,7.993513604086817,2.8776978417266212,0.4323800685933262,0.0,False,0.10309278350515465,16.216216216216207,45.94594594594595
SHURWID,2023-08-27,7.194244604316546,4.515827501845842,1.4388489208633042,0.3949694816369622,-0.7142857142857117,False,0.12790697674418602,-5.369127516778528,-6.7114093959731544
SHURWID,2023-11-12,9.9290780141844,13.459289479089902,2.158273381294956,18.100697730526672,1.4388489208633042,True,0.19767441860465113,-1.2903225806451568,-7.096774193548384
SHURWID,2025-01-06,9.374999999999995,4.287437787087737,8.196721311475411,1.0650022552417266,-9.859154929577455,False,0.0841121495327103,4.285714285714283,14.285714285714285
SHURWID,2025-02-27,8.860759493670876,3.814263453923846,6.493506493506482,1.2444286034183611,1.282051282051289,False,0.2631578947368421,-4.651162790697678,-6.976744186046507
SIBL,2019-04-25,3.2520325264465564,2.433239968168647,4.958677695438499,0.8436941012540912,-4.6511627990454185,False,0.11240130068416478,0.7874015762386107,7.874015762386076
SIBL,2019-05-16,3.8759689992045256,2.3496452070181153,4.838709686453893,1.0828285979572607,5.737704928921483,False,0.26047358839736423,2.238805974017469,1.492537316011646
SIBL,2019-05-19,2.985074632023292,3.1869968005516047,8.870967758498802,1.163583455773605,9.836065592436835,True,0.34061930790424594,-1.4492753647503211,-0.7246376823751606
SIBL,2019-10-31,3.5087719054178907,7.340797360353177,3.571428535991065,1.0577236049313026,-3.38983048569455,False,0.142857142148393,15.254237318065563,17.79661020440982
SIBL,2019-11-03,5.08474577268851,6.5502922050516466,7.142857113325883,1.7674920079592085,0.8547008563921799,False,0.2499999993798436,8.064516144089817,12.903225830543711
SIBL,2020-08-13,9.836065533771173,2.823411630001452,6.7796609884444194,0.6782019964661036,6.750000051610783,True,0.7871794863331502,-1.4925372667687733,1.4925373490448848
SIBL,2020-12-01,3.199999988004803,2.6889465032289466,7.499999995406246,1.1211055498823088,0.0,True,0.5242018538282593,0.7751938170001865,0.7751938170001865
SIBL,2021-01-05,8.396946510277667,5.917288282163094,5.600000045158406,1.1690842224670328,1.550387634000358,True,0.7969924810945584,-2.8169013986088958,-7.746478826764284
SIBL,2021-08-16,2.83687942523012,3.3301951944125925,9.848484864755507,1.0020848257187456,5.22388062391401,True,0.9046950135274069,0.0,3.448275889536264
SIBL,2021-11-16,3.4965035242310107,4.256231933826341,5.000000026249998,0.840086258363284,-1.3793103413317482,True,0.7761194038622188,0.6756756382852482,1.3513513475164358
SIBL,2021-11-21,9.45945943261505,19.676126415111543,7.142857201785708,1.6650606489408486,2.777777844618049,True,1.0,-3.086419777491996,-7.40740738820302
SIBL,2022-01-06,7.333333277800006,4.246648510537898,4.0816326428571434,0.38804716731184835,-4.458598682238635,True,0.7857142854670333,8.695652219281671,3.1055900876316476
SIBL,2024-07-04,2.77777777777778,5.5856189464578465,4.225352112676067,1.2597867755424967,-2.702702702702705,False,0.6065573770491804,-1.3513513513513586,25.67567567567568
SIBL,2024-07-07,2.7027027027026933,5.105665746160666,5.633802816901413,1.799791025197499,1.3698630136986376,False,0.6229508196721312,-2.631578947368412,34.210526315789465
SIBL,2024-08-06,9.859154929577468,3.4149787690732656,8.450704225352121,0.43122779521609866,-2.739726027397263,False,0.639344262295082,32.051282051282065,30.769230769230766
SIBL,2025-02-25,9.574468085106387,6.0099596177716545,5.555555555555555,0.6299947036125011,6.818181818181814,True,0.7518248175182483,-2.9126213592233077,-4.854368932038835
SIBL,2025-05-27,5.952380952380952,2.1510632771721165,8.536585365853671,4.765639102018476,-4.545454545454549,False,0.6496350364963505,-16.853932584269664,-8.988764044943828
SICL,2025-03-11,9.75609756097561,2.2049987722723987,6.372549019607847,0.4376564660672312,-0.4854368932038904,False,0.4174397031539889,1.3333333333333366,11.11111111111111
SICL,2025-07-23,3.3492822966507316,2.0615411509462755,8.612440191387563,1.7566794767151463,5.025125628140704,False,0.6206896551724139,-2.314814814814815,0.0
SICL,2025-07-24,3.7037037037036904,2.8693740979743985,8.612440191387563,1.8133348033886914,7.462686567164178,True,0.6436781609195402,-8.482142857142852,-4.464285714285714
SICL,2025-08-20,5.714285714285711,2.424836930150355,7.920792079207928,0.4649777654217532,-0.47393364928910625,True,0.7231270358306189,7.657657657657654,6.756756756756757
SILCOPHL,2020-11-02,3.765690376569047,5.4988914938279505,7.589285714285728,0.9652427133013944,-3.2388663967611366,False,0.33365949122638544,-6.048387096774193,-7.661290322580654
SILCOPHL,2020-12-03,3.4782608695652204,2.3605812331405,5.803571428571432,0.8871722300945134,-8.730158730158728,False,0.2798434442543878,3.3613445378151288,1.2605042016806753
SILCOPHL,2020-12-06,9.243697478991592,5.798589399771191,9.375000000000007,1.0371224648645267,-2.857142857142854,True,0.3982387475927826,-5.769230769230769,-10.000000000000005
SILCOPHL,2021-03-22,2.5316455696202596,2.516013774890365,9.375000000000007,161.9692757123641,5.803571428571432,True,0.4351145038167939,-6.9958847736625485,-7.818930041152273
SILCOPHL,2021-05-09,4.017857142857153,9.920781392764209,0.8928571428571557,0.4995990029632683,-0.44444444444445075,False,0.3884297520661157,-1.2875536480686725,6.866952789699561
SILCOPHL,2021-05-16,5.531914893617024,7.949418385634867,8.035714285714288,1.7886027807743932,4.910714285714293,True,0.5123966942148761,-4.435483870967747,-1.2096774193548416
SILCOPHL,2021-10-07,4.672897196261682,4.240691053594463,6.289308176100618,1.3764790166293444,-1.8348623853211052,True,0.8175182481751825,-16.071428571428577,-19.04761904761905
SILCOPHL,2022-01-18,3.6734693877550963,2.7518168346458887,7.786885245901648,1.107794383913619,-5.769230769230769,False,0.21897810218978098,-1.5748031496062938,2.362204724409455
SILCOPHL,2022-02-02,3.5999999999999943,3.570789358792161,7.755102040816321,1.0550645981509867,0.0,False,0.2554744525547445,-3.4749034749034693,-8.1081081081081
SILCOPHL,2022-10-12,3.5156249999999947,2.0387505657524443,9.745762711864394,0.7281597173042936,-1.1583011583011473,True,0.3410852713178294,-11.698113207547175,-11.698113207547175
SILCOPHL,2023-05-23,2.56410256410257,2.8987821555263578,4.273504273504273,32.25459991526478,0.0,True,0.13483146067415724,2.083333333333333,1.6666666666666607
SILCOPHL,2023-07-10,2.904564315352694,4.111864391900252,4.62184873949579,0.4267820556237454,-1.632653061224484,True,0.3333333333333333,-5.645161290322589,-5.645161290322589
SILCOPHL,2023-12-12,2.553191489361708,7.424344328764831,5.12820512820514,15.42653484230252,0.4273504273504335,True,0.28000000000000114,-2.9045643153527085,-2.9045643153527085
SILCOPHL,2024-07-02,2.9585798816568047,2.336372515082583,7.738095238095243,0.5264387612890526,-10.582010582010582,False,0.1237113402061855,20.114942528735632,18.965517241379317
SILCOPHL,2024-07-03,9.770114942528753,4.679666695701496,7.738095238095243,0.7314005955356832,-5.434782608695652,False,0.29896907216494867,12.565445026178,8.376963350785328
SILCOPHL,2024-09-23,4.255319148936174,3.6669286653051296,8.426966292134832,0.8174633858766015,5.617977528089887,False,0.3820224719101125,1.5306122448979447,-11.224489795918382
SILCOPHL,2025-02-13,4.402515723270447,8.09953267056944,4.487179487179494,1.2216081217598542,-3.636363636363634,False,0.6945606694560671,0.6024096385542039,-3.012048192771084
SILCOPHL,2025-06-15,2.919708029197083,2.8370360149027185,8.46153846153846,0.9486797591120368,-3.5211267605633805,False,0.5899581589958159,4.255319148936168,8.51063829787235
SILCOPHL,2025-08-18,3.9735099337748316,2.641519532622409,6.666666666666667,1.1212418037670548,-3.2051282051282057,True,0.6977777777777777,3.1847133757961785,2.5477707006369563
SILCOPHL,2025-09-24,6.470588235294127,5.227347916421839,8.917197452229313,0.5479485736985852,6.9182389937106885,True,0.8701923076923077,-16.574585635359124,-23.204419889502766
SILCOPHL,2026-01-18,2.941176470588238,2.4990821441113558,8.208955223880594,1.764961682778243,0.0,False,0.7567567567567568,0.0,4.285714285714283
SILCOPHL,2026-02-15,3.5211267605633805,2.714934147123252,5.797101449275354,0.9133665317668536,1.4285714285714235,True,0.7945945945945946,-2.7210884353741402,-4.761904761904757
SILVAPHL,2020-08-03,4.918032786885238,5.761233320733995,1.092896174863384,0.4267612423945512,0.0,True,0.4296296296296296,13.541666666666675,13.020833333333334
SILVAPHL,2020-08-04,3.64583333333333,5.547121923042413,5.46448087431694,0.9961759530849704,4.918032786885238,True,0.4814814814814814,17.085427135678405,8.542713567839211
SILVAPHL,2020-12-06,4.347826086956526,3.5951884425957346,2.73224043715847,2.5877319093053073,-1.6042780748663141,True,0.5523809523809524,-4.687499999999993,-4.687499999999993
SILVAPHL,2021-01-07,7.103825136612025,4.272496179943902,2.185792349726768,0.9570018056873442,-2.1390374331550728,True,0.5904761904761907,-6.632653061224493,-6.632653061224493
SILVAPHL,2021-04-25,3.0303030303030303,2.6871958816906028,7.6923076923077,1.1862436082633454,-9.836065573770496,False,0.1686746987951808,-1.17647058823529,4.70588235294118
SILVAPHL,2021-05-11,5.952380952380952,3.2852491378818716,8.805031446540882,1.0634957466890573,1.8181818181818226,False,0.2650602409638556,-0.5617977528089967,9.550561797752804
SILVAPHL,2022-01-05,2.6595744680851063,2.446670229513842,9.142857142857151,0.8192886245407763,-3.0927835051546286,False,0.28461538461538466,1.0362694300518096,0.5181347150258957
SILVAPHL,2022-08-30,5.240174672489096,4.359418257086247,7.692307692307689,1.3121444504308397,7.009345794392524,True,0.5945945945945946,-4.979253112033207,-9.128630705394201
SILVAPHL,2022-10-12,4.16666666666666,2.2583072344351662,4.16666666666666,0.5021772526770998,-5.263157894736839,True,0.4504504504504504,-3.999999999999994,-3.999999999999994
SILVAPHL,2023-02-09,4.6082949308755765,15.583837954302117,2.7777777777777675,10.834367587368558,0.46296296296295303,True,0.6024096385542168,-4.845814977973559,-4.845814977973559
SILVAPHL,2025-05-26,4.210526315789478,4.000741954252434,7.608695652173925,0.5085408026159081,-8.653846153846157,False,0.5210526315789474,2.0202020202020132,11.111111111111107
SILVAPHL,2025-08-12,9.25925925925926,8.957043424009672,9.900990099009901,0.7227312807791523,-1.818181818181812,True,0.644808743169399,0.0,15.254237288135583
SILVAPHL,2026-01-19,6.315789473684206,4.787187937045902,5.434782608695652,1.3856618819510402,1.0638297872340388,False,0.7013888888888888,-4.9504950495049505,-1.9801980198019733
SIMTEX,2019-02-05,2.980132450331133,6.434709577257633,8.540925266903908,0.7791722697001162,-1.6286644951140066,True,0.41831275702695225,4.501607717041796,-1.929260450160776
SIMTEX,2019-06-30,2.57510729613733,2.1750526128841385,9.25110132158591,1.4169832747056468,3.555555555555559,False,0.19760157506733464,-13.389121338912133,-17.154811715481163
SIMTEX,2020-07-29,3.4246575342465753,3.159313667363457,7.534246575342464,10.485201352738747,0.0,False,0.23529411764705876,10.596026490066222,3.9735099337748316
SIMTEX,2020-07-30,7.284768211920528,5.989583390480705,7.534246575342464,10.774177883585649,3.4246575342465753,True,0.3161764705882352,-1.2345679012345634,-2.469135802469127
SIMTEX,2020-12-02,5.479452054794526,3.276542318068362,2.739726027397263,0.7025586346158047,-10.429447852760742,False,0.34653465346534656,0.0,12.337662337662339
SIMTEX,2020-12-10,3.9215686274509776,2.0438709583495864,7.534246575342464,1.4109639714665079,0.6578947368421146,True,0.39603960396039606,-1.2578616352201324,6.289308176100618
SIMTEX,2020-12-13,3.1446540880503036,3.319557927424328,9.589041095890414,1.550921401224885,6.000000000000003,True,0.4455445544554454,-1.219512195121947,1.8292682926829311
SIMTEX,2021-04-25,6.451612903225798,4.704331633669683,8.064516129032258,9.925633795998197,-15.068493150684928,False,0.08333333333333323,16.66666666666668,12.121212121212132
SIMTEX,2021-05-02,4.615384615384613,12.185799584636623,8.064516129032258,3.263120666625497,-10.958904109589039,False,0.12499999999999993,12.500000000000009,22.05882352941178
SIMTEX,2022-04-27,6.70731707317074,3.1331526169607504,8.387096774193553,1.1736784137346896,-6.818181818181834,False,0.3863636363636363,-9.142857142857142,-1.7142857142857182
SIMTEX,2022-06-30,4.022988505747143,5.026310520916669,7.272727272727268,0.9973483731688659,1.1627906976744147,True,0.3055555555555556,-0.5524861878453117,-0.5524861878453117
SIMTEX,2023-04-02,2.8169014084507067,4.087320111561543,1.4285714285714235,0.3581200155574026,0.7092198581560258,False,0.0810810810810811,3.4246575342465753,7.534246575342464
SIMTEX,2023-04-06,2.684563758389264,2.664096797807683,9.28571428571429,2.2810059732847408,2.0547945205479503,False,0.14414414414414425,-0.6535947712418394,23.52941176470587
SIMTEX,2023-04-25,4.109589041095888,2.789884974292322,9.090909090909083,2.2874905299695625,4.285714285714283,False,0.13513513513513511,24.34210526315789,44.736842105263165
SIMTEX,2023-04-26,3.289473684210526,2.519562498715649,9.090909090909083,2.300069347618026,8.571428571428566,False,0.18018018018018014,31.84713375796179,33.75796178343949
SIMTEX,2023-08-17,6.639004149377584,2.4827947699349884,7.929515418502206,0.3705494919484057,-5.859375,True,0.8510638297872339,-1.167315175097279,0.3891050583657643
SIMTEX,2023-09-03,8.661417322834657,4.64582810336066,9.426229508196725,1.697951794660543,8.085106382978717,True,0.97887323943662,-12.318840579710152,-12.681159420289854
SIMTEX,2024-07-02,5.882352941176458,2.2550067830578016,7.009345794392524,0.6046919790257073,-9.426229508196709,True,0.5631067961165047,-3.84615384615384,-8.119658119658114
SIMTEX,2025-02-06,5.978260869565226,4.678934194135306,5.714285714285714,1.2337977116069019,2.7932960893854752,False,0.7558139534883721,7.179487179487172,2.564102564102564
SIMTEX,2025-07-07,3.750000000000009,2.3680961096754114,9.523809523809538,1.263083486714895,7.382550335570468,False,0.6613545816733067,-3.012048192771084,1.2048192771084292
SIMTEX,2025-07-30,6.875000000000009,3.480954383289093,6.410256410256422,1.331407005855144,3.225806451612903,False,0.6812749003984064,1.754385964912264,15.204678362573084
SIMTEX,2026-01-29,7.352941176470589,2.8938257281863073,8.457711442786065,0.8027889180254826,-8.928571428571429,True,0.6347826086956522,10.958904109589051,0.913242009132433
SINGERBD,2019-01-09,2.925687536571094,6.828197431856109,7.578558225508307,2.4128858313541577,3.963500224243007,True,0.7637125747456993,-2.1603183627060893,2.046617396247865
SINGERBD,2019-03-03,3.674392312040701,4.433937374579258,5.314846909300992,0.5391046910187435,2.1952628538417165,True,0.8747174301905647,9.86913849509269,-4.307524536532173
SINGERBD,2019-06-12,2.6436781609195372,4.003496793188061,7.238442822384432,0.7825561600631341,5.839416058394157,True,0.6408839781058008,3.023516237402019,9.518477043673013
SINGERBD,2019-06-13,2.51959686450168,3.040024500740906,8.774038461538458,1.1503061978891982,7.460890493381473,True,0.6966088780549006,0.7099945385035562,3.713817586018575
SINGERBD,2019-07-25,4.713444027852176,2.014479925976167,7.323640280021553,0.5215915707236393,1.192411924119235,True,0.8392930118676653,5.319693094629159,3.171355498721222
SINGERBD,2020-08-10,2.508250825082516,7.4217015793636625,3.741496598639456,10.264945587651448,3.061224489795918,False,0.2986698911729143,1.3522215067611036,7.9201545396007615
SINGERBD,2020-08-25,3.0779305828421855,3.171547309588478,6.639839034205236,2.4453347380326194,3.8775510204081556,False,0.32406287787182597,6.480304955527312,13.532401524777626
SINGERBD,2020-08-26,8.068614993646753,3.61710119113638,5.945223780895128,2.020319311055101,7.0748299319727925,True,0.47762998790810146,-0.17636684303349967,1.2933568489124145
SINGERBD,2021-07-19,3.080308030803077,4.250418634448349,4.261363636363636,1.6822727305886018,1.0000000000000062,True,0.968824940047962,-2.6680896478121663,-1.3340448239060831
SINGERBD,2021-09-06,4.05333333333333,2.951493476360033,3.867403314917127,0.9245814545278452,2.17983651226158,True,0.9826839826839825,-1.6401845207585795,-0.25627883136852897
SINOBANGLA,2019-04-18,4.85651214128036,2.9159563402488233,9.090909090909092,0.9493119014812115,-0.8752735229759424,False,0.1597796143250688,9.684210526315793,5.473684210526319
SINOBANGLA,2019-06-11,2.7184466019417446,3.3659131221851575,8.865979381443292,0.5364199789542671,-1.151631477927066,True,0.2929577464788732,10.396975425330814,22.495274102079392
SINOBANGLA,2019-11-06,9.941520467836252,2.0400005563970653,5.159332321699531,0.8975705842967926,-5.914718019257218,True,0.7315436241610739,-3.4574468085106496,7.446808510638291
SINOBANGLA,2019-12-03,7.464788732394362,5.426889075727152,6.647398843930627,1.0491415511735354,4.258443465491933,True,0.7556053811659191,3.1454783748361805,-2.2280471821756263
SINOBANGLA,2020-07-16,6.3394683026584895,12.527508701044562,6.01659751037344,19.133427603154576,1.4522821576763396,False,0.2526539278131634,4.423076923076918,3.269230769230775
SINOBANGLA,2020-07-21,3.7328094302554002,3.740348192602359,9.543568464730278,20.96230476118553,5.601659751037335,False,0.26963906581740965,-3.409090909090904,-2.083333333333323
SINOBANGLA,2020-08-25,7.692307692307695,3.683703693805649,9.941520467836261,1.1992318888138658,4.101562499999989,False,0.3673036093418258,8.188153310104534,-1.7421602787456445
SINOBANGLA,2020-11-17,4.149377593360995,2.7210410382102403,5.186721991701244,0.7395660371536812,-8.36501901140684,False,0.21443736730360938,0.19920318725098468,3.386454183266924
SINOBANGLA,2021-05-11,4.408352668213453,2.8674633384094528,6.28019323671498,1.6991200953539547,-0.6912442396313299,False,0.17132867132867127,-0.22222222222222537,12.222222222222221
SINOBANGLA,2021-06-08,3.448275862068969,2.0643985332231636,7.191011235955062,1.2332377943686863,7.656612529002313,False,0.27622377622377614,11.66666666666667,10.416666666666668
SINOBANGLA,2021-08-22,6.5743944636678275,2.8037400194453865,9.68342644320297,1.187333419251444,9.885931558935352,True,0.7436823104693141,-2.110389610389617,-2.5974025974025996
SINOBANGLA,2022-01-16,5.232558139534875,5.411756478311867,7.66129032258064,1.1268930240024517,-1.526717557251903,True,0.5319999999999999,-6.9981583793738436,-3.4990791896869218
SINOBANGLA,2022-02-20,5.436893203883489,4.046448966679575,4.780876494023902,0.763310224421098,-6.363636363636363,True,0.5319999999999999,-9.02394106813996,-5.893186003683234
SINOBANGLA,2022-06-19,7.578558225508321,7.623149126741694,7.692307692307695,2.2728249157405065,6.706114398422088,True,0.6517857142857144,-3.9518900343642684,-2.4054982817869512
SINOBANGLA,2022-08-10,3.0520646319569043,3.3221513597873233,7.22433460076045,0.9678171146589367,1.0889292196007285,True,0.6160714285714285,20.383275261324034,17.77003484320557
SINOBANGLA,2022-08-16,8.41750841750843,5.407349725980304,9.908256880733942,1.8703452751325649,5.319148936170213,True,0.9285714285714288,4.1925465838509135,5.745341614906814
SINOBANGLA,2023-01-15,3.951890034364256,2.703658248276581,5.8303886925795005,0.684092305589447,-6.730769230769224,True,0.2823275862068966,0.33057851239669894,-5.619834710743799
SINOBANGLA,2023-01-29,5.565217391304353,4.535177175438731,8.173913043478267,1.2715818816376872,-2.2108843537414917,True,0.2866379310344829,-5.930807248764417,-14.168039538714993
SINOBANGLA,2023-03-23,5.152671755725197,8.781014236652123,2.0992366412213768,0.44673262050161144,-3.1423290203327223,False,0.16594827586206903,7.441016333938297,8.166969147005444
SINOBANGLA,2023-03-29,9.869646182495337,6.433068318714362,8.778625954198477,1.5201584077327914,2.0912547528517136,False,0.25000000000000006,0.0,8.47457627118644
SINOBANGLA,2023-04-30,5.263157894736844,2.0900152734260917,8.596491228070173,0.7881621178102318,6.31768953068592,True,0.31465517241379315,8.387096774193553,31.290322580645167
SINOBANGLA,2023-07-18,5.942028985507238,4.060855334658063,8.828006088280056,0.9296536205392425,1.321585903083709,True,0.5094786729857819,3.6935704514363925,-9.986320109439122
SINOBANGLA,2023-10-30,5.64516129032258,2.385048727231712,9.884678747940692,1.0680079063080739,-8.419497784342692,True,0.3293838862559242,-2.9007633587786237,-7.3282442748091565
SINOBANGLA,2023-12-03,4.897314375987376,3.674434567225745,8.04020100502512,0.5313391784997735,-5.2395209580838324,True,0.45820433436532515,-0.9036144578313381,-8.885542168674707
SINOBANGLA,2024-04-30,9.836065573770496,7.389161191541435,9.243697478991587,0.7292643738570721,-8.270676691729316,False,0.09336099585062241,7.213930348258703,0.49751243781093457
SINOBANGLA,2025-05-21,4.960835509138397,4.289683523165771,9.45945945945946,0.6142354603802543,-13.544018058690746,False,0.7760617760617762,-1.243781094527363,-2.7363184079602023
SINOBANGLA,2025-06-26,4.603580562659839,3.7784105268478427,8.51063829787233,1.119345338520548,-2.7363184079602023,True,0.7895752895752896,4.400977995110035,4.645476772616133
SINOBANGLA,2025-06-29,2.9339853300733565,3.798821584666664,9.308510638297872,1.4380035848576487,2.7638190954773907,True,0.8127413127413128,3.5629453681710213,0.4750593824227927
SINOBANGLA,2025-07-17,3.2558139534883686,3.4093667314389635,9.268292682926822,1.9499171823866384,5.91133004926108,True,0.8571428571428572,-5.405405405405403,2.027027027027024
SINOBANGLA,2025-08-10,4.514672686230249,3.410721437818541,7.673860911270973,0.9779561783576767,5.225653206650821,True,0.8938223938223938,3.887688984881219,39.308855291576684
SINOBANGLA,2025-08-24,6.415929203539819,2.516554090444662,9.468822170900697,1.415276198240066,3.6697247706422047,True,0.9285714285714286,34.09563409563409,8.731808731808723
SKICL,2023-01-15,9.965034965034956,8.08865057306825,5.04504504504504,1.1297133351614896,-0.8665511265164645,True,0.4934725848563969,-3.8155802861685193,-9.538950715421304
SKICL,2023-03-06,3.7735849056603774,3.8658885600444206,7.858546168958743,0.970981672994365,-11.519198664440733,True,0.49107142857142844,-15.090909090909085,-15.818181818181824
SKICL,2023-05-15,2.5917926565874794,5.771569956674037,3.4707158351410006,1.7046494943457682,-0.8565310492505476,False,0.15624999999999997,11.578947368421053,0.42105263157895334
SKICL,2023-05-17,6.708595387840662,8.910623452504476,5.856832971800424,2.1554259208148627,3.4707158351410006,False,0.30803571428571414,1.3752455795677856,-8.251473477406671
SKICL,2023-07-16,3.757828810020886,2.0737799419757117,7.46268656716418,1.123202163930805,0.4192872117400329,False,0.24090909090909102,2.6156941649899337,-2.615694164989948
SKICL,2023-07-19,3.28542094455851,2.6612017370749186,7.889125799573566,1.4345226682757026,3.837953091684444,False,0.268181818181818,-0.1988071570576428,-3.9761431411530817
SKICL,2023-07-27,2.8112449799196906,4.443667081312429,9.894736842105269,2.0007638847595137,3.1055900621118013,False,0.3090909090909092,-5.664062500000011,-5.859375
SKICL,2023-09-05,2.6156941649899337,5.501691233707212,6.144067796610166,0.6821573030223803,0.2016129032258093,False,0.24137931034482746,8.431372549019603,-1.5686274509803866
SKICL,2023-09-11,7.370517928286843,17.061758246463434,9.93657505285413,2.4844803474538404,3.9337474120082936,True,0.3842364532019702,-5.009276437847858,-10.018552875695729
SKICL,2023-10-25,5.870445344129552,6.026735487173471,6.315789473684211,0.38339288980115693,-5.18234165067179,True,0.3054187192118224,8.221797323135764,0.9560229445506693
SKICL,2023-12-13,4.030710172744724,4.290999355045011,7.8313253012048305,0.8010080966330164,-7.130124777183601,True,0.39901477832512317,-2.952029520295205,2.5830258302583
SKICL,2024-02-04,5.214152700186214,3.7226791042473355,6.730769230769231,0.7758696384366549,0.7504690431519806,True,0.5123152709359604,-3.5398230088495577,-2.477876106194688
SKICL,2024-07-16,6.962025316455706,2.6912188871905567,9.341825902335453,0.9984495474032393,8.715596330275224,False,0.8112,3.5502958579881603,-0.5917159763313693
SKTRIMS,2020-01-19,2.6258205689277805,2.508215466983127,6.094808126410841,0.8170135614378309,1.7817371937639295,True,0.8323353293413172,7.46268656716418,42.64392324093818
SKTRIMS,2020-01-20,4.904051172707899,2.836218094036336,6.997742663656889,1.01902875261174,3.9911308203991065,True,0.9700598802395209,0.0,31.91056910569106
SKTRIMS,2020-02-10,9.940357852882704,2.8224530107428,8.333333333333332,1.0287113687115894,8.639308855291578,True,1.0,27.848101265822795,13.924050632911397
SKTRIMS,2020-08-16,2.51968503937007,6.109877832629904,9.16398713826367,21.64942527962988,2.0900321543408316,True,0.7396313364055297,-2.150537634408589,-4.454685099846378
SKTRIMS,2021-08-09,6.413301662707828,2.1001544611085503,6.127450980392157,0.6743809883964327,7.9487179487179525,False,0.1727748691099475,-2.901785714285708,0.0
SKTRIMS,2021-09-07,3.6613272311212683,2.5584624854272593,6.474820143884881,0.864212255154418,3.5545023696682465,False,0.18586387434554957,-7.72626931567329,-7.284768211920524
SKTRIMS,2021-09-30,2.7906976744186114,3.3350433090426526,7.692307692307697,0.6356684278185867,2.380952380952381,False,0.202020202020202,-8.823529411764717,-19.23076923076923
SKTRIMS,2022-01-05,6.862745098039221,2.0781278820935953,7.986111111111113,0.516760572705966,4.436860068259388,False,0.16756756756756763,-7.339449541284409,-11.009174311926609
SKTRIMS,2022-02-10,4.513888888888892,3.1013666995290117,5.357142857142857,0.8614375259468259,-5.882352941176473,False,0.10084033613445381,-9.634551495016618,-2.657807308970102
SKTRIMS,2022-07-12,3.8461538461538463,3.288486670954685,8.53658536585365,1.4197123070077127,-1.8867924528301887,False,0.13537117903930138,-6.66666666666667,1.1111111111111138
SKTRIMS,2022-08-07,3.1007751937984525,2.7535562028717893,7.8512396694214965,0.9958871309890194,-1.1494252873563244,False,0.1179039301310045,-1.127819548872183,0.0
SKTRIMS,2023-04-24,4.700854700854707,4.09710129512055,3.879310344827595,4.135712089973124,0.8620689655172384,False,0.3285714285714287,12.6530612244898,12.244897959183673
SKTRIMS,2023-04-25,2.857142857142854,8.070036400284287,6.896551724137938,3.611992687549737,5.603448275862073,True,0.42857142857142855,4.761904761904759,6.7460317460317425
SKTRIMS,2023-06-05,9.67741935483872,2.8882936163672395,9.541984732824428,0.9549162306927759,5.6818181818181825,True,1.0,-6.535947712418301,-7.843137254901968
SKTRIMS,2023-11-13,2.5830258302583,3.7006331366642042,8.17120622568094,0.8381767000310143,3.041825095057037,True,0.509090909090909,-2.8776978417266212,29.136690647482006
SKTRIMS,2025-02-26,3.5211267605633805,4.887765251825636,6.716417910447764,0.7017492435838694,0.7092198581560258,False,0.40163934426229503,-6.1224489795918275,-7.48299319727891
SKTRIMS,2025-06-26,10.000000000000004,2.874121071634388,9.195402298850585,1.0247357205133747,-9.090909090909093,False,0.33788395904436863,3.030303030303019,2.0202020202020132
SONALIANSH,2023-06-25,8.179911442554175,2.756387941237903,7.1428571428571495,0.6431775658792015,-10.398830653581115,True,0.698092187717588,1.378716070659206,17.85868160275744
SONALIANSH,2024-11-03,8.631440761404665,2.389264013457321,6.433949349760443,0.41814340729256044,-5.869632375656472,False,0.432906094690034,-11.601208459214494,-25.800604229607256
SONALIANSH,2025-02-17,4.679552390640905,2.5409921387815158,8.461947844598193,0.9197672410510431,-8.472998137802614,False,0.2899408284023669,-2.964042759961138,-6.75413022351798
SONALIANSH,2025-08-10,5.129561078794298,2.9186279883843778,8.32408435072142,0.9296483016424478,9.496236247828609,False,0.5537604456824513,19.668008048289735,22.43460764587525
SONALIANSH,2026-01-26,2.8695181375203096,3.3149941125959597,4.801786711334447,0.8857463850753249,-2.015915119363401,False,0.7398753894080996,-3.3684210526315814,-7.842105263157897
SONALILIFE,2022-08-17,4.204753199268733,3.3932863586974418,8.030592734225628,1.5213217434180266,3.2075471698113263,False,0.25210084033613445,-2.631578947368421,-1.9298245614035112
SONALILIFE,2022-10-16,2.5735294117647034,2.684690800020971,9.615384615384617,0.705715958310373,-0.7299270072992675,False,0.2608695652173912,2.8673835125448055,2.6881720430107525
SONALILIFE,2023-04-03,2.7906976744186003,2.0090531668335507,6.68789808917198,0.626991974667469,1.25588697017268,True,0.7065637065637063,-6.33484162895927,-1.6591251885369447
SONALILIFE,2023-04-27,4.806201550387588,3.038998265716341,7.3409461663947795,0.6425208003872509,-0.30911901081916976,True,0.7567567567567564,-2.218934911242604,29.7337278106509
SONALILIFE,2023-05-17,3.3873343151693622,4.540727152005516,7.943925233644851,0.8661296651031544,6.259780907668243,True,0.8571428571428571,32.33618233618234,35.754985754985746
SONALILIFE,2023-09-10,5.672009864364992,3.385811363336083,8.333333333333332,0.5750764083791775,-7.840909090909097,True,0.5186289120715352,-2.9171528588098017,-14.352392065344223
SONALILIFE,2023-12-13,3.27044025157232,4.269776539827615,8.981233243967832,0.9603798190910131,3.515625000000004,True,0.4162601626016259,-1.4616321559074161,-2.9232643118148496
SONALILIFE,2023-12-26,2.937420178799486,2.1024280515211484,7.802340702210662,1.0574889028863992,4.9597855227882075,True,0.3918699186991869,0.0,-10.04962779156327
SONALIPAPR,2023-04-30,2.9783827061649353,5.331565129634352,2.2597951552593036,0.8556840267558856,-5.991269004967629,False,0.3743718592964825,-4.353910744829731,-4.353910744829731
SONALIPAPR,2023-08-13,5.180684362008312,3.959447257432193,6.3241749309055395,56.30283625347819,1.6745244675662418,True,0.1856738925541939,7.677105503192461,2.371541501976288
SONALIPAPR,2023-08-21,7.498790517658442,3.248954772892157,9.73825394244838,55.81368357769028,0.8128759551292473,True,0.21332076657241592,1.3951395139513882,2.3702370237023636
SONALIPAPR,2023-08-22,2.6402640264026433,2.427658823255017,9.73825394244838,55.95938362531989,8.372622337831247,True,0.22888373633653536,-3.1715872551885482,-0.7307804735457468
SONALIPAPR,2025-04-08,7.277628032345001,3.168379052162534,8.275862068965518,0.544579838355946,-11.35005973715651,False,0.2723695466210436,-4.459798994974871,-7.223618090452262
SONALIPAPR,2025-06-25,2.7126099706744786,2.1438979394015196,7.318894697535461,1.2438262833658071,-0.36523009495982467,False,0.412180052956752,9.778729478943625,11.134903640256956
SONALIPAPR,2025-07-08,3.6402569593147716,2.8515820591521805,6.721433905899925,1.1989472866306041,6.783536585365859,False,0.42718446601941745,8.608815426997246,22.24517906336089
SONALIPAPR,2025-07-10,3.660220994475126,3.1138425462840247,7.95287187039763,1.468097172683534,8.790383170548473,True,0.44160047072668435,4.863424383744178,21.185876082611603
SONALIPAPR,2026-01-25,6.144256455921644,2.741414418365289,4.787714543812102,0.58641718418739,3.837263060564023,True,0.7570657351540172,-1.9295302013422795,6.543624161073823
SONALIPAPR,2026-02-16,7.518488085456032,3.9666890388589127,8.7626596213122,1.11106951961855,9.442446043165468,True,0.8310574785646238,-5.464272067252573,-9.935040122277417
SONARBAINS,2020-07-05,6.976744185235262,4.121698177481567,0.0,0.0009269705812367321,-12.499999984738368,False,0.2363636364330579,17.70186335677154,39.440993767452056
SONARBAINS,2021-12-23,4.820936648959536,3.0494879078654806,7.352941173745686,1.0073457081473003,-3.7135278560761673,True,0.42755344412987123,-2.890932989335566,-7.490144548226543
SONARBAINS,2022-03-30,4.2483660021385985,3.1651405763925573,9.500000002975009,0.6650110988611867,-6.422018348181971,False,0.2814726839991664,-5.485893411613981,-9.247648904678615
SONARBAINS,2022-09-18,4.950495047034597,2.4590658493491406,8.669354827271402,0.9592678518960568,-1.1741682944401148,False,0.23300970875567908,-6.415094342912068,-6.415094342912068
SONARBAINS,2022-10-13,3.4274193567166433,3.423977123970625,1.814516135007486,0.13357980064051797,-0.40160642468669494,False,0.25245098045081826,-2.144249517418468,-3.313840157700952
SONARBAINS,2022-11-01,3.024193551289343,2.1449398073873125,6.451612908005987,1.0414850816922334,0.0,False,0.24754901967785822,-2.9354207463742825,-2.9354207463742825
SONARBAINS,2022-11-02,2.739726020360297,6.222884891640141,6.451612908005987,1.1072916103865837,3.024193551289343,False,0.2818627450885777,-5.52380952,-5.52380952
SONARBAINS,2023-09-05,3.5714285714285747,5.489253893446875,2.4553571428571463,0.6922623530727694,-2.183406113537118,True,0.3369863015511352,12.715517241379306,2.1551724137931036
SONARBAINS,2023-09-07,4.741379310344834,11.01253483920447,4.241071428571441,1.2080668447499459,3.5714285714285747,True,0.495205479573724,4.938271604938269,-4.938271604938269
SONARGAON,2020-08-31,6.7460317460317425,2.520448457251532,9.387755102040819,1.3792004094628012,2.857142857142854,False,0.363157894736842,9.29368029739777,2.9739776951672887
SONARGAON,2022-01-19,7.734806629834246,6.3339832157224825,6.818181818181814,1.1993966470209114,1.1173184357542059,False,0.23484848484848492,16.923076923076927,36.92307692307692
SONARGAON,2023-07-03,9.91735537190083,11.16087178949592,9.969788519637452,31.49594972721089,9.667673716012072,False,0.18329938900203666,-9.273182957393473,-15.538847117794477
SONARGAON,2023-08-21,3.927492447129901,2.3168,0.0,0.005535806071866632,-11.260053619302939,False,0.03594080338266376,-3.7790697674418525,-3.7790697674418525
SONARGAON,2024-07-08,5.454545454545454,4.9366975935660875,9.019607843137258,0.9827092369872801,0.0,False,0.3548387096774193,-7.5862068965517215,-8.620689655172415
SONARGAON,2025-08-12,6.268656716417914,3.817425120334681,9.118541033434651,0.734677622666671,-3.735632183908038,True,0.6846153846153846,7.022471910112358,2.2471910112359472
SOUTHEASTB,2019-01-08,2.8985507906889323,4.8530113176351355,8.952116564076153,2.6172440985347647,2.567567505682725,True,0.36008462720013523,2.1126760468220556,-2.112676121892484
SOUTHEASTB,2019-01-23,3.448275846858509,2.627158178863037,7.194244653420638,1.6745785609509725,7.046979886106524,True,0.5028208746548438,-7.333333373130673,-10.000000028426667
SOUTHEASTB,2019-07-31,9.999999955583332,9.622949406780117,3.448275846224743,0.9009982701720253,-3.2258064377471327,True,0.4146341452634149,-3.7878787725837997,-9.0909090542011
SOUTHEASTB,2019-09-23,2.5641025524216645,3.731952707948653,4.347826066805302,1.0464897709249512,-8.593749964215089,False,0.12195121919512222,-0.833333329631943,-1.666666659263902
SOUTHEASTB,2019-12-30,4.237288116453614,3.1271401482940524,3.50877201020928,0.6469651763464218,1.7241379231123632,False,0.21428571573605434,-0.8130081265582642,4.878048759349585
SOUTHEASTB,2020-02-16,3.0769230643076866,2.9847186787015554,5.599999976121605,0.6990782135300078,4.838709656620715,True,0.4761904763113379,-7.462686537480509,-16.417910462009363
SOUTHEASTB,2020-08-09,7.079645929736072,3.61817173825872,3.407079675612584,3.692043482272556,2.500000087261074,True,0.6371212113187753,12.396694285909438,9.090909114350115
SOUTHEASTB,2021-01-05,5.468749973974607,5.856114009966295,5.7377048921795195,1.0857827940579905,2.400000012646401,True,0.7263860368898571,-3.7037036979972564,-8.148148166408781
SOUTHEASTB,2021-05-04,4.91803281343725,6.565010720752811,3.305785171559324,0.943312492172522,1.6666666464444428,True,0.5790554420425224,17.18749995302734,10.937499947949213
SOUTHEASTB,2021-05-05,3.1249999619140594,3.447949333693285,6.611570257168227,1.5275247032601973,4.91803281343725,True,0.6632443527584532,12.121212135537192,5.303030358539949
SOUTHEASTB,2021-10-28,4.347826067296785,2.337485316654159,5.732484039303823,1.186599939572309,-2.424242457476587,True,0.8571428564353741,-5.357142825085031,-2.3809523529478436
SOUTHEASTB,2021-11-21,5.357142886989799,7.478826558694652,8.333333333333332,0.9423749767554821,4.347826067296785,True,0.9130434778676748,-6.214689278815157,-11.864406783644547
SOUTHEASTB,2022-05-22,4.964538983552133,65.30814754391275,3.5971222951607054,1.9295037748913342,2.9197080707549716,False,0.4354838709947971,-3.3783783731555874,-6.756756746311175
SOUTHEASTB,2024-12-19,3.4883720930232642,2.365651331256478,4.70588235294118,1.0858711796019607,-2.2727272727272845,False,0.6691729323308271,2.2471910112359472,-1.1235955056179736
SOUTHEASTB,2024-12-29,4.545454545454529,3.7351712033934557,5.88235294117647,1.3403068286065458,1.1494252873563382,False,0.6917293233082706,-2.173913043478253,-5.434782608695652
SOUTHEASTB,2025-01-01,3.333333333333341,7.0797165274121365,9.41176470588236,1.6306345592684515,2.2727272727272645,False,0.6992481203007519,-4.3010752688172085,-6.451612903225821
SOUTHEASTB,2025-03-09,4.444444444444448,5.0309329945662435,3.4482758620689737,1.6784261289039673,2.2727272727272645,False,0.7401574803149606,4.255319148936174,-3.191489361702135
SOUTHEASTB,2025-03-12,5.4945054945054945,4.481607230445476,9.195402298850585,1.9099699374998855,2.2471910112359472,True,0.7559055118110236,2.0833333333333446,-8.333333333333323
SOUTHEASTB,2025-07-02,2.8169014084507067,2.3247055081452888,5.797101449275354,0.9005075410153914,-12.34567901234568,False,0.5748031496062992,6.8493150684931505,36.986301369863014
SOUTHEASTB,2025-07-07,6.8493150684931505,3.4369683838517795,7.246376811594203,1.2650571842476772,-6.4102564102564115,False,0.6141732283464567,2.5641025641025665,34.61538461538462
SOUTHEASTB,2025-12-28,3.333333333333341,3.971761822512899,8.23529411764705,0.5774079522327521,-3.2258064516129106,True,0.8454545454545456,1.0752688172042972,1.0752688172042972
SOUTHEASTB,2026-02-10,3.157894736842113,2.847225258732296,5.4945054945054945,1.270430574041354,1.0638297872340388,True,0.890909090909091,-1.0204081632653206,-2.040816326530623
SOUTHEASTB,2026-02-15,4.0816326530612095,4.825864118796978,8.791208791208799,1.515762177575405,4.255319148936174,True,0.9272727272727272,-6.862745098039209,-5.8823529411764675
SPCERAMICS,2020-02-04,3.2608695652173996,2.9298676901174865,9.195402298850585,1.02963129114003,6.976744186046507,False,0.16853932584269665,5.263157894736842,-2.1052631578947296
SPCERAMICS,2021-10-04,9.523809523809518,7.548937103030919,6.686046511627921,0.7610176396172822,-4.545454545454534,True,0.9261992619926199,-5.626598465473153,-15.856777493606145
SPCERAMICS,2022-04-28,7.196969696969706,9.238084123016606,9.795918367346932,0.793562187316953,-1.4925373134328437,False,0.3690036900369004,43.1095406360424,31.4487632508834
SPCERAMICS,2022-09-11,9.825327510917031,5.206923992276949,7.852193995381077,1.119925817777669,2.4608501118568107,True,0.8459016393442622,0.19880715705765692,-2.1868787276341837
SPCERAMICS,2023-01-26,6.741573033707865,3.898318263159245,9.767441860465123,214.57142990845873,3.488372093023256,True,0.6686046511627908,9.894736842105269,-9.052631578947363
SPCERAMICS,2023-04-26,4.651162790697675,2.8992157787989705,3.720930232558143,0.4956867382313341,-5.077262693156727,False,0.5959302325581396,-4.444444444444445,-4.444444444444445
SPCERAMICS,2025-07-21,3.2863849765258184,3.155805026444706,8.695652173913047,1.0210397111982066,-0.9302325581395315,True,0.5655526992287918,-4.545454545454546,-10.909090909090903
SPCERAMICS,2025-08-27,6.6666666666666705,3.354744646668931,9.523809523809529,0.7464193997386189,-7.142857142857142,True,0.7027027027027027,-3.8461538461538494,-1.9230769230769333
SPCERAMICS,2026-02-26,9.615384615384627,4.416889620001345,10.0,0.7625473765761164,5.405405405405398,False,0.3243243243243244,21.052631578947352,14.619883040935672
SPCL,2019-03-06,3.8420490902069506,2.4489073757288646,5.292171995551915,0.7110892017341022,-1.160337553460375,True,0.6241091959646683,-6.577595067199314,-7.502569370182745
SPCL,2019-08-06,5.826558252058169,4.090278245870557,6.843575406939596,1.1458574222644038,-11.722488030864115,False,0.22195121950662483,3.9692701775743187,-1.2804097295447205
SPCL,2019-08-22,5.03875968059655,5.128391049663908,7.472826091373977,1.809607429319562,-0.3861003802584482,False,0.30000000007612687,-4.920049194447649,-6.765067642365513
SPCL,2020-07-09,2.762430933855816,10.358281225506419,2.7777777868287066,0.719778153545765,0.4160887697630477,False,0.412969283288332,-3.22580645647763,6.048387102468132
SPCL,2020-08-09,5.622489961265135,2.566184172075153,5.833333335340272,1.5920735374633224,3.176795578865131,True,0.5665529011581499,-2.2813688310746167,0.5069708456042447
SPCL,2021-01-04,3.6339165545087524,2.2732460459469253,8.333333333333332,2.662759771463711,5.258333339473398,True,0.554266211617165,3.766233766233774,-3.766233766233774
SPCL,2021-03-08,7.387140902872785,11.899772800914715,4.166666666666666,1.6453946046414885,0.274348422496555,True,0.6064846416441659,-3.821656050955414,-7.515923566878987
SPCL,2021-03-09,2.9299363057324803,5.9536171511136775,9.583333333333341,2.8171167152104752,9.027777777777777,True,0.6865529010189005,-8.415841584158413,-10.891089108910888
SPCL,2021-05-11,3.8461538461538423,4.361564727837423,1.9444444444444524,1.2385567666365518,1.1111111111111072,True,0.5394027677056645,-3.0423280423280388,-3.5714285714285565
SPCL,2021-05-12,2.7777777777777892,3.9976362326679613,5.8333333333333375,1.558253046679475,4.999999999999992,True,0.6174071376909959,-4.247104247104243,-3.9897039897040005
SPCL,2021-08-09,8.421052631578956,6.989890277914967,5.082417582417587,1.5905732366656637,4.252400548696837,True,0.681818181818182,24.029126213592228,37.135922330097074
SPCL,2022-01-17,4.067796610169485,2.0759807366558003,9.534619750283776,1.6715439027118726,0.0,True,0.3522727272727271,-7.166123778501624,-8.577633007600426
SPCL,2022-05-05,6.754966887417211,5.085600092633478,8.123249299719882,1.077081369083471,-2.454780361757113,False,0.16558441558441542,-8.933002481389565,-6.20347394540943
SPCL,2022-08-29,7.017543859649118,5.539772155814109,3.817914831130703,1.6302070743614465,-0.4366812227074194,False,0.10773899848254943,23.770491803278677,34.01639344262294
SPCL,2022-08-31,6.536856745479818,9.064488477588643,8.370044052863442,2.292882669640548,8.774583963691395,False,0.15933232169954475,13.185378590078342,25.195822454308107
SPCL,2025-01-23,4.605263157894744,4.297622687974644,9.556313993174063,1.5154037668233222,-7.598784194528875,False,0.4854961832061069,5.974842767295604,5.031446540880497
SPCL,2025-01-26,6.289308176100618,7.103403644438896,9.556313993174063,1.884657437012581,-3.3434650455926986,False,0.516030534351145,-3.2544378698224685,1.4792899408284024
SPCL,2025-02-25,3.2352941176470633,2.088457790474232,7.53012048192771,1.0047854702592924,3.6585365853658622,False,0.5358778625954199,-5.413105413105409,-12.250712250712253
SPCL,2025-04-08,4.702194357366771,4.019631353098247,9.966777408637874,0.9195682368949919,-6.725146198830421,False,0.5099236641221374,32.33532934131738,24.25149700598803
SPCL,2025-07-09,9.840425531914882,4.336673067778328,7.977207977207969,1.090720895451399,1.3477088948787062,True,0.6305343511450381,8.232445520581127,5.084745762711869
SPCL,2025-08-25,9.55710955710956,4.105323532586893,7.579462102689491,0.6630275222038964,-2.500000000000003,True,0.7175572519083969,11.489361702127656,-2.7659574468085046
SPCL,2026-02-16,5.753968253968251,2.8105736112546147,6.832298136645972,0.9106658923417286,7.692307692307695,True,0.9517857142857142,-7.129455909943711,-9.943714821763598
SQUARETEXT,2021-01-03,9.73154362416108,3.518419085398735,3.793103448275867,2.132860870759639,2.758620689655175,True,0.6250000000000003,4.892966360856251,4.587155963302751
SQUARETEXT,2021-08-05,3.258655804480654,2.4546238454847735,10.0,0.6824815088287675,0.6147540983606645,True,0.9434782608695653,-4.930966469428007,3.9447731755424065
SQUARETEXT,2021-11-15,10.0,44.36608186651355,5.1020408163265305,0.4749458207326932,-5.660377358490567,True,1.0,-8.909090909090907,-4.3636363636363615
SQUARETEXT,2022-01-09,2.798507462686567,4.742378966858417,5.675146771037179,0.5195381391434204,1.9011406844106464,True,0.8419354838709678,13.430127041742285,21.597096188747727
SQUARETEXT,2022-04-26,2.760736196319014,5.8297158226157775,7.3891625615763665,1.3889518448315603,4.6548956661316305,True,0.8381374722838137,-1.641791044776111,1.0447761194029892
SQUARETEXT,2022-07-26,3.933434190620286,12.247815039850181,7.199999999999999,0.9013505318576345,2.163833075734144,True,0.8088737201365189,-1.0189228529839924,0.8733624454148388
SQUARETEXT,2022-09-08,4.908835904628331,5.4892613112517825,5.571847507331374,0.6435052954502792,1.2784090909090786,True,0.8896103896103894,-7.352941176470589,-9.75935828877005
SQUARETEXT,2024-11-14,4.230769230769236,3.76001961389352,6.9306930693069315,1.732860953371515,4.838709677419352,True,0.5181159420289856,-8.48708487084871,-9.22509225092251
SQUARETEXT,2024-11-17,3.6900369003690034,7.087468585390356,8.118811881188122,1.929598480637717,9.4949494949495,True,0.5905797101449276,-12.633451957295375,-11.565836298932384
SQUARETEXT,2025-07-28,3.366336633663372,5.2172007512293375,7.068607068607065,1.6254958532715353,3.483606557377055,True,0.877310924369748,1.72413793103448,7.279693486590033
SQURPHARMA,2020-07-12,3.319925556822958,2.107372065569464,2.197333982591767,4.231106438449759,1.387789883742164,False,0.26225964273523705,0.052295177222547014,10.679837303893084
SQURPHARMA,2020-08-03,3.318250377073906,2.386667140547861,5.502465153082976,1.0519610047047976,4.924219368190397,False,0.3305267948572077,6.844469399213923,14.705221785513755
SQURPHARMA,2020-08-09,5.837789661319067,2.6382311553054993,8.598591973042897,1.161133755294299,9.270192951488234,True,0.4659233132324496,5.415789473684207,7.015789473684217
SQURPHARMA,2020-11-16,2.6429452900041213,3.0162325996809587,5.202312138728325,0.8888549371971866,-0.33821871476888216,True,0.6720265780730896,-7.474200981865551,0.1402665063620885
SQURPHARMA,2020-12-27,2.7938342967244756,2.35221846274719,6.3938618925831205,1.1051899443168172,8.124999999999998,True,0.9445178335535006,7.075913776944702,12.371134020618559
SQURPHARMA,2021-09-08,3.1847133757961785,4.7049862104782045,4.8845470692717585,1.3515078581536317,3.835978835978831,True,0.9375,0.7818930041152287,-0.9465020576131734
SQURPHARMA,2021-11-16,2.5617977528089835,2.6880357542319793,7.46268656716418,0.9079164431313028,-5.480033984706885,True,0.6560232220609576,-4.513584574934261,-4.732690622261168
SQURPHARMA,2024-08-07,5.070808588396526,4.1750170545360135,8.60163382988948,1.5708083819557808,4.887398179204609,True,0.942528735632184,-1.1739130434782559,0.21739130434782608
SQURPHARMA,2024-12-15,4.943502824858757,6.764245910806445,5.748792270531404,0.6505988812370086,-5.558025789239662,True,0.8923138510808647,-2.6469268730372386,-3.589053387169134
SQURPHARMA,2025-07-30,2.5968109339407692,2.3772506052549973,5.968735196589291,1.0249888827271243,4.97369679579149,True,0.9015212169735788,-0.13321492007104038,-1.1545293072824132
SQURPHARMA,2026-02-15,3.1221719457013597,2.6115821013653346,1.7931034482758648,1.0213668597193668,7.962872496336107,True,0.9735155916275097,-2.632733655111891,-4.870557261956996
SSSTEEL,2020-08-03,3.8461538421597616,4.6379245952068695,1.9417475708813265,1.749843661205627,0.9708737906833914,False,0.09442060084384682,17.592592600000003,11.111111099999995
SSSTEEL,2020-10-19,9.836065560709482,6.7015732518471065,8.547008587245234,0.5775354651405096,-6.870228979942897,False,0.20600858378150266,8.955223869770562,2.238805987591899
SSSTEEL,2021-07-18,6.3106796460081025,5.248734056098381,6.666666644512833,0.6665405685205855,2.999999969760006,True,0.8467153287911131,14.61187212990554,10.50228310569838
SSSTEEL,2021-09-23,4.048583013830754,2.642251032728404,7.94979079819331,0.6534972582012681,2.066115689017138,True,0.9523809529757046,9.72762643739647,-7.3929961109115965
SSSTEEL,2021-09-26,2.723735373895138,2.2093886456223455,8.786610858430356,0.8391560892564283,7.531380768074795,True,0.9932432427058072,3.7878788052341523,-12.878787847796142
SSSTEEL,2022-01-18,9.625668449197864,4.326429987308016,7.5675675675675595,1.4043448062231323,-1.0582010582010546,True,0.5142857142161118,-5.365853658536592,-5.853658536585363
SSSTEEL,2022-08-28,4.117647058823525,2.7622015680173737,3.592814371257494,0.9156826551679822,1.796407185628747,False,0.1621908127437725,-3.9548022598870016,-3.9548022598870016
SSSTEEL,2024-07-03,4.672897196261683,3.2442891848486215,5.825242718446598,0.751916283282268,-0.925925925925939,False,0.13846153846153825,-0.8928571428571397,4.464285714285714
SSSTEEL,2024-07-04,3.5714285714285747,2.745189380562976,9.70873786407767,1.0187999795026033,2.7522935779816415,False,0.19999999999999984,-6.896551724137923,9.482758620689651
SSSTEEL,2025-02-02,8.974358974358978,5.8993554835383675,7.6923076923077,0.7754609381590611,-9.302325581395348,False,0.5059523809523809,1.17647058823529,3.5294117647058907
SSSTEEL,2025-07-17,3.5714285714285747,3.151962281873686,7.547169811320761,1.1962902204827697,1.818181818181812,False,0.42962962962962964,1.7241379310344922,-5.172413793103446
STANCERAM,2020-08-26,3.1623104227170096,2.2249190435856496,5.553751217927907,3.7306828908267016,0.6495615459564794,False,0.16003824091778202,-2.40850797622771,-3.690960275258058
STANCERAM,2020-08-27,3.5658429777916902,3.309047898299357,5.553751217927907,3.3213111589772417,3.832413121143232,False,0.18183556405353732,-6.795530051344004,-7.006946541830277
STANCERAM,2021-09-02,5.774058577405863,2.6003669487994543,9.977827050997783,1.0326075380240052,8.834244080145723,False,0.41341463414634155,-4.2325949367088676,-10.403481012658231
STANDARINS,2019-05-05,2.5236593059936934,2.21381190187559,9.836065573770492,0.9927187618531746,0.9554140127388558,True,0.6614708234089786,-1.8461538461538505,-10.76923076923077
STANDARINS,2019-07-22,5.109489051094899,13.72258434399118,9.489051094890517,0.41549533901145547,-10.163934426229511,False,0.4988009593327735,-1.7361111111111112,-5.55555555555556
STANDARINS,2019-11-18,4.39882697947214,2.454559812127912,9.717868338557999,0.7358414654825458,4.281345565749231,True,0.7820844100007716,-1.68539325842697,3.370786516853921
STANDARINS,2019-12-04,4.571428571428576,6.539971895004958,7.352941176470589,0.9789735316628734,7.361963190184044,True,0.8279756733499597,1.6393442622950858,14.207650273224031
STANDARINS,2019-12-15,5.0279329608938665,6.692564978176332,9.117647058823533,1.3844470646191478,6.865671641791036,True,0.8626320845538954,11.170212765957436,24.202127659574472
STANDARINS,2020-09-20,3.694581280788177,5.568311191227434,6.750000000000007,1.0340175670871843,-4.018912529550818,True,0.6652542372881357,2.1377672209026097,-3.3254156769596164
STANDARINS,2020-09-27,9.615384615384615,6.533306987950704,9.749999999999996,2.2842523610195444,3.225806451612914,True,0.8135593220338984,-6.3596491228070136,-5.043859649122816
STANDARINS,2020-11-29,7.582938388625582,2.307775479880209,9.749999999999996,0.766010847864974,-0.2364066193853294,True,0.8050847457627118,-6.1674008810572625,-7.268722466960346
STANDARINS,2020-12-23,3.2941176470588203,2.3367431943065484,5.995203836930455,0.8014975897763653,2.9055690072639297,True,0.7415254237288135,-7.061503416856496,-8.428246013667415
STANDARINS,2021-01-19,9.749999999999996,3.146345285167506,6.500000000000003,0.6433817226693794,-5.88235294117647,True,0.6806282722513088,-8.883826879271068,-8.883826879271068
STANDARINS,2022-01-05,6.298200514138825,4.946988017364495,8.108108108108109,1.2827388438679028,-2.0151133501259553,True,0.6867647058823529,-12.938331318016932,-10.036275695284155
STANDARINS,2023-05-16,2.540415704387994,6.4338592766436955,2.3094688221709005,35.52088334422538,0.0,False,0.05902777777777764,0.0,-2.4774774774774806
STANDARINS,2023-05-21,2.6258205689277805,4.794438456928735,9.468822170900697,37.237466116353495,5.542725173210175,False,0.15498154981549803,-7.675906183368873,-7.675906183368873
STANDARINS,2023-05-25,2.9612756264237,2.1664841018322436,9.930715935334883,38.38598069289255,1.3856812933025437,False,0.09505703422053233,-4.203539823008862,-4.203539823008862
STANDARINS,2023-05-28,3.539823008849545,3.7530851818397752,9.930715935334883,38.60095834304704,4.3879907621247245,False,0.1558935361216728,-7.478632478632479,-7.478632478632479
STANDARINS,2023-07-20,4.566210045662101,14.307888893959568,2.540415704387994,2.709788113582093,1.1547344110854503,False,0.1435185185185183,-4.803493449781651,-5.458515283842795
STANDARINS,2023-09-05,3.002309468822181,7.604635162818345,1.1547344110854503,0.6081111172394977,-0.6880733944954226,False,0.1532258064516128,14.79820627802691,3.587443946188344
STANDARINS,2023-09-07,5.829596412556056,20.21543630200678,3.6951501154734445,1.3033821159459624,1.5945330296127627,True,0.3629032258064517,3.1779661016949152,-6.144067796610181
STANDARINS,2024-02-29,6.261859582542689,5.819689726346628,8.0,0.6257100222664531,0.7648183556405462,True,0.6927083333333334,-12.5,-17.142857142857146
STANDARINS,2025-02-25,2.5974025974025996,2.287726625922627,7.876712328767126,0.9542895320468794,2.6666666666666687,False,0.5495652173913044,-4.113924050632913,11.075949367088606
STANDARINS,2025-03-12,3.3003300330033,4.611506579809088,8.163265306122456,0.4618929862253195,-0.3289473684210456,False,0.5443478260869565,11.18210862619807,19.169329073482416
STANDARINS,2025-03-13,3.8338658146964835,5.95097874501107,7.142857142857148,0.8772085697280897,2.6229508196721336,False,0.5652173913043478,7.076923076923068,13.538461538461535
STANDARINS,2025-07-03,5.234159779614341,5.559024161747126,7.647058823529417,0.35533199994324455,-4.724409448818909,True,0.8781609195402299,12.565445026178,11.518324607329838
STANDARINS,2025-12-08,4.68319559228651,3.8511921461913765,8.908045977011499,1.5793133109633257,4.610951008645516,True,0.7676767676767676,1.5789473684210564,5.5263157894736885
STANDARINS,2026-01-18,2.716049382716053,2.072132276761115,9.302325581395333,0.8707181671989946,-5.1522248243559785,True,0.8404040404040405,-0.48076923076923755,-0.24038461538461878
STANDBANKL,2019-05-19,2.999999993434863,2.118430623823708,5.263157902488228,1.2897837965330674,8.695652174421676,True,0.4945945952059894,0.9708737878280199,-4.854368928691088
STANDBANKL,2020-02-13,3.488372085310796,3.2702057908670867,7.5000000110988365,0.7321028199076004,7.5000000110988365,False,0.2954545456880292,-3.3707865096526506,-11.235955060391829
STANDBANKL,2020-08-13,6.32911392355794,6.686699745598685,3.7974683567296963,19.222207123697178,0.0,True,0.4222222222554401,0.0,4.76190476887755
STANDBANKL,2020-08-16,9.52380952555272,10.558281426444038,7.594936713459381,19.884612254892104,6.32911392355794,True,0.6555555556385999,-8.695652175366256,-3.260869567155024
STANDBANKL,2020-12-27,6.172839505860381,2.723345698554358,4.999999994234385,1.8442818502245757,1.2499999921523488,True,0.540624999886489,12.790697678576251,9.302325583335586
STANDBANKL,2021-01-03,6.024096384649445,3.5666229151571844,8.641975318328003,1.0303446124535587,1.2195122000000058,True,0.6062500001429395,13.636363632128095,1.136363629216151
STANDBANKL,2021-01-04,7.954545451104074,4.441481279182984,9.876543211907471,1.3500879200833158,8.641975318328003,True,0.8359375000315307,4.21052631101939,-6.315789477318569
STANDBANKL,2021-05-05,6.249999999199212,5.858569732595182,7.594936713459381,1.4690964449047548,-1.2345678935794897,True,0.4488950281716983,9.411764707159168,4.911764703722402
STANDBANKL,2021-06-21,3.370786516853921,4.55132021662848,9.41176470588236,0.5759482776607968,-2.9521276562190844,True,0.5100000002835833,-2.173913043478253,1.086956521739146
STANDBANKL,2021-08-17,9.677419354838694,10.110807826354263,5.434782608695652,1.461788612626489,3.333333333333341,True,0.8516666671011528,0.9803921568627592,0.9803921568627592
STANDBANKL,2021-10-28,3.061224489795907,2.656083014802994,6.315789473684206,0.5794119552764718,-2.9702970297029596,True,0.7266666666808395,-2.9702970297029596,8.910891089108915
STANDBANKL,2021-11-16,6.122448979591832,4.188077504539713,4.210526315789478,0.7998607219237875,-1.0101010101010066,True,0.8177777777872265,1.9230769230769162,3.8461538461538494
STANDBANKL,2022-04-20,3.370786516853921,3.139414233647627,7.954545454545446,1.1763972954853057,-7.29166666666666,False,0.35602094243460053,0.0,-1.0869565217391266
STANDBANKL,2024-08-08,9.090909090909099,7.279356007111755,8.064516129032258,0.9932918646307913,4.761904761904759,False,0.782608695652174,9.722222222222223,-1.3888888888888962
STANDBANKL,2025-02-25,3.333333333333336,10.238696441514112,1.6949152542372818,0.8393247745473674,1.6949152542372818,False,0.673913043478261,-4.838709677419352,-3.2258064516129057
STANDBANKL,2025-07-31,2.941176470588238,4.830063686407702,9.523809523809533,1.0088675714497164,6.249999999999992,True,0.8235294117647058,-1.4285714285714235,-7.142857142857142
STANDBANKL,2026-02-02,4.1666666666666705,4.8170559276291245,6.382978723404251,0.9524365011829857,-4.0000000000000036,False,0.6329113924050632,8.000000000000007,21.999999999999993
STYLECRAFT,2020-12-03,4.114134041141352,2.464314278487787,5.946684894053307,0.9948237829797094,-3.957126298027648,False,0.2097808441964286,-3.2504780114722713,-2.4856596558317436
STYLECRAFT,2020-12-28,7.147584381204508,3.7592918954336967,8.458390177353346,0.9585565093822901,1.9568151147098554,False,0.23210227276785717,-6.23841877702285,-9.573810994441011
STYLECRAFT,2021-07-08,4.0221914008321855,2.7162288074090375,6.263345195729546,1.0018784612278546,2.5604551920341354,False,0.168925022644598,0.13333333333332575,35.466666666666654
STYLECRAFT,2021-07-12,4.666666666666667,4.150916508725002,7.473309608540925,1.1850694893855098,8.853410740203184,True,0.23848238491002072,-5.923566878980899,26.942675159235673
STYLECRAFT,2021-08-03,4.676018704074816,3.2426749878794894,7.681849082256977,0.9538660306146838,4.030576789437097,True,0.23550135509864534,24.63305679642631,24.377791959157637
STYLECRAFT,2022-02-16,9.93265993265993,8.207189552615814,7.869142351900978,0.8365079688669497,1.6253207869974264,False,0.32252559726962454,-7.427258805513008,-9.494640122511479
STYLECRAFT,2022-03-28,2.693602693602696,2.0891127548113526,6.59246575342466,0.5537902369252258,-4.424778761061947,False,0.2491467576791809,-2.8688524590163933,-7.540983606557379
STYLECRAFT,2022-03-29,5.081967213114745,3.7970287897038557,6.047700170357746,0.7254202657449039,4.0955631399317385,False,0.3020477815699658,-9.282371294851789,-12.090483619344763
STYLECRAFT,2023-06-12,3.2224532224532165,2.2628684394286447,9.324758842443734,0.650647139592792,-4.468718967229393,True,0.469626168224299,0.20140986908358796,-3.927492447129901
STYLECRAFT,2023-06-13,4.531722054380665,3.6717128802375094,9.324758842443734,0.8143687848628745,-3.965183752417803,True,0.5747663551401868,-4.6242774566473965,-7.418111753371871
STYLECRAFT,2024-12-30,3.1078610603290597,2.1879367012300035,8.426966292134832,0.6419293211422856,7.465618860510814,True,0.6409090909090909,-3.0141843971631133,-0.5319148936170163
STYLECRAFT,2025-01-21,5.6285178236397755,2.234848416870207,7.8431372549019605,0.6184550961960584,-1.660516605166062,True,0.6815980629539952,0.710479573712266,-3.197158081705146
STYLECRAFT,2025-02-27,9.96441281138789,6.47752754721147,5.4104477611940265,0.6818023031464899,-0.8818342151675485,True,0.7509113001215066,-2.265372168284787,-3.3980582524271754
SUMITPOWER,2019-09-23,2.9776674937965333,9.77640638092911,3.544303797468351,0.8495934195712511,-0.4938271604938342,True,0.2810457516339868,-0.4819277108433803,-8.192771084337345
SUMITPOWER,2020-01-19,3.324099722991678,2.3199533422778957,6.145251396648053,1.0035385629401476,-2.9569892473118315,False,0.1630434782608695,12.868632707774811,13.941018766756041
SUMITPOWER,2020-01-22,2.941176470588239,2.9659011264159987,6.145251396648053,1.20626904747382,3.601108033240989,False,0.2934782608695654,8.311688311688318,16.103896103896112
SUMITPOWER,2020-07-28,2.6595744680851063,3.454885476531164,7.407407407407411,1.266634212721035,7.122507122507122,True,0.4880000000000001,5.95854922279792,10.62176165803109
SUMITPOWER,2020-12-27,4.12371134020619,2.658069940572052,4.232804232804237,1.3044165316712242,5.149051490514902,True,0.6319999999999999,7.673267326732677,30.445544554455456
SUMITPOWER,2021-01-03,5.9125964010282885,3.0544075627786427,8.465608465608474,2.008220222176283,3.7333333333333294,True,0.6960000000000002,30.09708737864077,11.650485436893195
SUMITPOWER,2021-01-05,5.378973105134482,8.151266069932111,9.473684210526319,2.446502606903416,8.776595744680844,True,0.8480000000000001,29.698375870069597,1.8561484918793436
SUMITPOWER,2021-05-02,5.647058823529409,2.2223234691308833,9.026128266033247,1.2068555929930302,-0.9324009324009291,True,0.47876447876447875,1.1135857461024499,-5.122494432071263
SUMITPOWER,2021-05-12,2.7088036117381553,2.1993883317286596,8.551068883610455,1.2342871031576668,8.57843137254902,True,0.5019305019305019,-1.9780219780219748,-6.153846153846148
SUMITPOWER,2021-06-17,3.747072599531602,2.0866654190397274,7.85714285714285,0.6655994069907869,-6.153846153846148,True,0.3948497854077252,-0.677200902934531,-0.4514672686230152
SUMITPOWER,2021-08-09,4.026845637583886,4.227754399815396,3.4324942791762014,1.225730920858474,4.195804195804206,True,0.4892703862660944,2.7956989247311768,5.591397849462369
SUMITPOWER,2021-08-16,2.838427947598263,2.3638637627223655,7.551487414187635,1.8857067285570839,4.566210045662101,True,0.49777777777777793,-1.4861995753715558,-0.8492569002123113
SUMITPOWER,2021-08-23,3.4115138592750567,3.0488577747511854,8.144796380090485,1.9689367208168218,6.349206349206342,True,0.5479452054794521,1.6494845360824684,-2.0618556701030926
SUMITPOWER,2021-09-07,3.7894736842105203,4.774374796141531,6.277056277056274,0.9688492642863421,7.466063348416283,True,0.5844748858447487,-3.651115618661252,-3.4482758620689573
SUMITPOWER,2021-10-07,3.5416666666666727,3.990934282261552,8.278867102396523,1.2003408083946658,-2.240325865580451,True,0.6027397260273974,-15.694164989939646,-19.315895372233403
SUMITPOWER,2021-12-02,6.958762886597945,4.467434807875215,5.511811023622051,0.6755480687509693,-4.901960784313726,False,0.22831050228310504,-6.265060240963859,-4.578313253012045
SUMITPOWER,2022-02-08,2.8277634961439624,3.1503991220184484,3.9473684210526314,0.7835368568710951,-3.2338308457711546,False,0.09803921568627452,-1.25,-4.250000000000007
SUMITPOWER,2025-01-22,2.7027027027026933,5.612999474788223,5.51724137931035,0.6670034133381318,-3.896103896103894,False,0.44705882352941173,-3.947368421052629,9.210526315789489
SUMITPOWER,2025-02-06,3.4246575342465753,2.6258044122427004,7.5862068965517215,0.9538641054976618,-1.3513513513513586,False,0.4441176470588235,7.947019867549676,5.298013245033117
SUMITPOWER,2025-02-11,10.0,4.721835847090725,6.206896551724141,1.0390479233275909,2.739726027397263,False,0.4852941176470588,-1.2121212121212077,-9.696969696969694
SUMITPOWER,2025-05-08,5.109489051094899,2.166593787243529,9.55882352941177,0.8494536786146403,-8.053691275167791,False,0.5783132530120483,-4.166666666666664,-6.944444444444445
SUMITPOWER,2025-06-17,2.9629629629629655,6.145524746286658,5.303030303030312,0.8527723739752527,-2.173913043478266,False,0.5582329317269077,3.597122302158273,8.63309352517985
SUMITPOWER,2025-06-18,4.316546762589925,4.045516639204585,9.090909090909099,1.334803881860298,1.4598540145985481,False,0.5823293172690763,-0.6896551724137907,4.137931034482756
SUMITPOWER,2025-07-09,3.4482758620689653,4.948248591547746,8.088235294117645,0.8654001173178519,9.022556390977437,False,0.6024096385542169,0.0,-1.3333333333333286
SUMITPOWER,2025-08-04,2.7210884353741522,3.0093587324334035,6.250000000000003,1.400662059903194,2.083333333333326,True,0.606425702811245,-1.3245033112582734,-0.6622516556291367
SUMITPOWER,2025-08-14,6.164383561643838,5.6160028330716045,7.638888888888887,0.8360656701825165,-0.6802721088435351,True,0.6652360515021459,-2.580645161290325,4.5161290322580605
SUMITPOWER,2025-09-03,2.6666666666666687,4.397451851688339,5.479452054794526,1.1026516136419078,-0.6622516556291367,True,0.7661691542288557,1.298701298701294,-1.9480519480519525
SUMITPOWER,2025-09-09,2.580645161290325,4.428207151120959,8.163265306122456,1.8537833666254664,6.164383561643838,True,0.8368421052631579,-5.660377358490568,-8.805031446540882
SUMITPOWER,2025-10-29,5.755395683453229,4.612137940215431,8.888888888888884,1.2101721791130042,-7.33333333333333,False,0.8305084745762712,-13.60544217687075,-4.761904761904757
SUMITPOWER,2026-02-03,4.878048780487801,4.736935809820914,3.305785123966945,0.931835546757539,-1.5999999999999945,False,0.728813559322034,3.1007751937984525,3.1007751937984525
SUMITPOWER,2026-02-08,5.468749999999995,7.777685445975728,8.264462809917356,1.4301260737715218,3.2258064516129057,False,0.7627118644067797,1.481481481481476,5.925925925925931
SUNLIFEINS,2022-05-12,6.651376146788987,5.653280104896597,9.803921568627452,0.8271841812866547,-3.5398230088495604,True,0.9550561797752808,-5.376344086021505,1.0752688172043012
SUNLIFEINS,2022-10-16,9.93265993265993,3.7082035112377585,7.239057239057247,0.35374885776484744,-9.174311926605515,True,0.7746478873239435,-6.584992343032154,-7.350689127105663
SUNLIFEINS,2023-01-12,6.595365418894823,4.728276513994218,8.561020036429879,7.7063480794813275,-5.555555555555551,True,0.6124721603563473,-4.013377926421403,-1.8394648829431341
SUNLIFEINS,2023-02-09,3.893805309734518,2.795761512309341,7.142857142857142,0.6886800971216074,0.7130124777183575,True,0.5879732739420936,-8.517887563884157,-9.880749574105629
SUNLIFEINS,2023-04-12,5.904059040590397,21.679662201959236,9.45179584120983,5.940802261688523,2.457466918714564,False,0.45604395604395603,5.0522648083623665,2.2648083623693456
SUNLIFEINS,2023-05-29,3.8079470198675565,2.844267159270575,9.982174688057043,1.1245118393536502,-0.8210180623973727,True,0.5880681818181819,-10.36682615629984,-15.629984051036688
SUNLIFEINS,2024-07-02,4.731182795698931,2.6180160777340915,9.719222462203025,0.7393781208831414,-1.2738853503184744,False,0.33333333333333354,17.043121149897324,16.837782340862415
SUNLIFEINS,2024-09-18,4.247787610619466,2.3197850928471535,9.280303030303042,0.8224613746350178,3.4798534798534773,True,0.9217527386541471,-0.8488964346349746,-0.6791171477079772
SUNLIFEINS,2024-10-09,3.4129692832764507,2.25517676842186,9.615384615384615,0.9065391255978948,4.642857142857145,True,0.9619047619047619,-8.085808580858084,-1.1551155115511598
SUNLIFEINS,2024-11-17,4.207119741100337,5.938946152190667,9.391304347826084,1.4210806578642212,4.391891891891882,True,0.9484536082474226,-3.416149068322986,0.4658385093167658
SUNLIFEINS,2025-01-06,4.105571847507327,3.3107749734353207,9.49464012251149,1.3973501175421545,9.120000000000005,True,0.9659863945578231,-3.661971830985907,-5.070422535211259
SUNLIFEINS,2025-02-18,8.91812865497075,5.717410594077251,7.8825347758887085,0.6590159348013763,0.0,True,0.990691489361702,-10.872483221476502,-10.738255033557047
SUNLIFEINS,2025-03-24,5.053598774885142,4.898744929897202,8.333333333333343,0.4318999429507106,-11.397557666214391,True,0.8967320261437908,-3.06122448979591,-6.851311953352764
SUNLIFEINS,2026-02-17,4.7358834244080175,3.2461145380399063,9.037328094302557,1.1192168212604734,1.1049723756906105,True,0.7278481012658228,-12.347826086956525,-9.391304347826084
TAKAFULINS,2021-07-27,3.1634446397188127,4.446185185875955,8.909090909090907,0.42153022569572973,-12.461538461538463,True,0.7530864197530865,-6.984667802385011,2.555366269165247
TAKAFULINS,2022-01-23,3.5211267605633805,2.9320159891600768,7.924528301886798,1.9367139021252702,3.0852994555353823,True,0.6896551724137929,16.496598639455787,22.278911564625865
TAKAFULINS,2022-10-13,3.3755274261603407,2.962026615601573,9.49367088607595,0.6833151826007695,-10.227272727272725,False,0.0837837837837838,-3.2653061224489828,-3.2653061224489828
TALLUSPIN,2022-05-09,3.8461538461538494,3.3182147001874696,8.163265306122437,0.9505102723199246,-1.886792452830182,False,0.5590551181102363,-7.407407407407414,-5.555555555555569
TALLUSPIN,2022-07-17,7.920792079207928,4.6215911071622715,8.163265306122437,1.0475323379420474,-3.809523809523813,True,0.49541284403669733,-3.6697247706422047,-5.5045871559633
TALLUSPIN,2025-07-16,7.843137254901968,4.50601214275137,6.122448979591832,1.7185548006794285,0.0,True,0.6707317073170732,-3.63636363636364,9.090909090909092
TAMIJTEX,2023-05-11,4.7089947089947115,4.576616087823563,9.06547285954114,1.6517438195388165,6.001121704991581,True,0.24700854700854705,2.577059120768062,-8.08489135927236
TAMIJTEX,2023-07-02,7.11159737417943,2.6953497030405105,6.430155210643012,0.41150292051270637,-5.578512396694206,True,0.2059859154929578,-6.435137895812064,-8.937691521961185
TILIL,2025-03-11,9.803921568627452,3.2453306293551347,9.326424870466326,0.33371752624573164,1.9999999999999927,True,0.8280961182994454,-7.8125,-10.937499999999996
TILIL,2025-07-24,9.907834101382498,4.9025629261102806,9.04761904761904,0.9961939896496395,9.319899244332483,True,0.9958246346555324,18.44863731656184,35.63941299790356
TILIL,2026-01-21,5.579399141630905,2.8605684691014073,9.255079006772013,1.2346018360991242,6.6361556064073195,True,0.5135699373695198,-6.097560975609756,-4.47154471544716
TITASGAS,2019-02-04,5.185185185185189,6.734848794493848,9.84455958549222,1.9118305049892452,6.578947368421052,True,0.7640449438202247,-7.746478873239446,-7.511737089201885
TITASGAS,2019-05-07,3.1496062992125875,4.928966436182043,4.53333333333334,1.14189557213318,0.2631578947368458,True,0.443037974683544,-2.035623409669204,0.254452926208655
TITASGAS,2019-05-13,2.8277634961439624,11.901620730502378,5.333333333333334,1.5644827455002641,3.7333333333333294,True,0.5316455696202531,-4.250000000000007,-2.7500000000000036
TITASGAS,2019-11-11,2.652519893899204,2.5064519644933774,6.6481994459833755,1.5942389742430667,5.602240896358543,True,0.456521739130435,-15.245478036175724,-18.346253229974163
TITASGAS,2020-02-03,9.841269841269845,16.908660445859717,8.47457627118644,1.0829599280420577,0.9615384615384639,False,0.37671232876712324,2.6011560693641576,-6.936416184971093
TITASGAS,2020-07-12,2.65780730897009,4.962500378853631,5.05050505050505,4.429205143929876,1.346801346801354,False,0.24637681159420285,-2.9126213592232966,0.9708737864077693
TITASGAS,2020-08-09,3.1746031746031744,4.2777888476020935,5.685618729097,1.0411300782599575,5.7046979865771785,False,0.3623188405797102,12.61538461538462,8.000000000000004
TITASGAS,2020-10-27,4.819277108433717,5.9678510218305645,3.9755351681957096,1.0241954006676368,-2.923976608187134,True,0.6293103448275859,0.5747126436781691,-12.068965517241368
TITASGAS,2021-01-04,6.389776357827465,3.2619533197371404,5.3333333333333375,2.016128443224937,2.2875816993464024,True,0.5043478260869563,15.015015015015015,0.3003003003003046
TITASGAS,2021-05-09,2.7190332326283944,2.1288289628235115,4.953560371517033,1.838338576396532,2.1604938271605025,True,0.4887218045112783,1.4705882352941175,2.058823529411773
TITASGAS,2021-06-17,3.468208092485537,4.791372949637826,5.970149253731343,0.8669048411795804,0.28985507246377223,True,0.5495495495495495,-0.5586592178770831,4.748603351955316
TITASGAS,2021-06-30,4.069767441860462,2.7771024158007167,7.917888563049841,1.554014335906786,-2.2727272727272845,True,0.5495495495495495,5.5865921787709505,13.966480446927376
TITASGAS,2021-07-18,4.72222222222223,2.5995090366630946,5.539358600583108,0.8364164425791172,3.7463976945244872,True,0.7207207207207211,11.936339522546419,20.159151193633935
TITASGAS,2021-08-02,5.093833780160874,5.461679846067333,7.563025210084021,0.9154186093602414,6.876790830945555,True,0.8558558558558563,3.5714285714285676,16.836734693877535
TITASGAS,2021-10-06,7.9999999999999964,5.39189104655223,9.7799511002445,0.8130584455353558,-7.2052401746724835,True,0.9244186046511625,-11.111111111111114,-14.814814814814808
TITASGAS,2021-12-02,5.042016806722681,2.6233773094752024,4.571428571428576,0.5736494274394374,-9.620253164556955,True,0.4261363636363636,-2.3999999999999964,-2.1333333333333258
TITASGAS,2022-01-06,9.946236559139773,17.382436439324504,8.045977011494266,0.6298867557551587,-3.3766233766233693,True,0.6193181818181817,8.557457212713937,1.711491442542794
TITASGAS,2022-03-29,5.05050505050505,4.1932812550186975,6.3938618925831205,0.9467924386393971,-2.9411764705882253,True,0.5142857142857145,-4.567307692307689,-5.528846153846164
TITASGAS,2022-06-22,2.604166666666667,3.4346217019323007,2.631578947368421,0.6862910101962603,0.7874015748031421,False,0.3224043715846994,9.390862944162444,5.837563451776661
TITASGAS,2022-06-23,6.0913705583756315,13.185510242885579,4.473684210526323,0.9370822258389888,5.630026809651479,True,0.4535519125683059,4.784688995215311,0.23923444976076896
TITASGAS,2022-08-22,3.5629453681710213,3.0741697183224215,5.134474327628365,0.5791007054520196,-4.535147392290249,True,0.5176470588235297,-0.9174311926605472,-2.0642201834862353
TITASGAS,2025-03-06,4.040404040404043,7.942290815175146,7.731958762886598,0.9128875444185421,1.538461538461542,False,0.64375,0.4854368932038731,0.4854368932038731
TITASGAS,2025-04-09,2.9268292682926895,2.6896835178008778,7.462686567164178,0.629243721099036,3.01507537688443,False,0.6986754966887417,-2.8436018957346034,-9.0047393364929
TITASGAS,2025-06-04,7.344632768361587,4.194026871364985,5.3254437869822615,1.0826531840636895,-5.8510638297872415,False,0.6291390728476821,1.5789473684210564,2.1052631578947296
TITASGAS,2025-07-20,5.641025641025648,7.101170489489705,6.842105263157898,0.9776827459459898,1.0362694300518096,True,0.6821192052980133,1.941747572815527,13.106796116504851
TITASGAS,2025-07-23,5.940594059405938,9.596997060301362,9.999999999999993,1.7958027129961933,6.878306878306882,True,0.7086092715231788,0.9345794392523498,6.0747663551401905
TITASGAS,2026-01-29,4.402515723270447,4.621554726900884,9.090909090909092,1.9381013788641817,2.580645161290325,False,0.6887966804979253,11.445783132530112,0.6024096385542039
TOSRIFA,2019-01-02,5.365853644701966,3.0636638099412408,6.000000008160005,0.5479133225671552,0.9852217184401509,True,0.565384615372733,-0.4629629832947551,2.7777777581018523
TOSRIFA,2019-01-27,3.7037036774691363,2.175602623062577,9.178743969684229,1.0241623071381774,6.930693070806789,True,0.6461538455518048,-7.589285685216042,-6.250000002845986
TOSRIFA,2020-08-16,7.40740745288065,3.9069229248475588,8.571428557551009,4.282073085641412,2.857142787755098,False,0.27692307703775143,-9.48275859794886,14.655172442598111
TOSRIFA,2020-09-13,9.999999972181824,6.509400757016149,7.619047563537415,1.1128347539396575,1.8518519340534894,False,0.31538461563508874,0.0,-3.3057851002800365
TOSRIFA,2021-08-05,3.3149171037208887,2.670048691289167,9.302325574499713,0.4268092736962329,-2.688172051266045,True,0.8631578940813295,6.417112310257663,18.18181822148762
TOSRIFA,2022-01-31,3.9772727285898584,4.841711044426665,9.883720889548385,1.3193931091067788,2.9239766179542452,True,0.5306122448696375,8.743169393729291,3.8251366132401716
TOSRIFA,2022-02-01,4.918032780489119,3.8192859382691884,9.883720889548385,1.6404037710893906,3.9772727285898584,True,0.5918367346089128,1.5625000157714868,-4.166666637890626
TOSRIFA,2022-04-24,3.1250000315429736,2.9860704273426957,8.108108134930616,0.41497386596037034,-3.030303059963274,True,0.6326530615643482,2.0202020056320786,0.5050504756504418
TOSRIFA,2022-06-13,9.134615395460436,9.70401011924089,9.183673511339036,1.2511574399349699,2.970297008705029,True,0.7619047619510206,9.691629978315115,7.048458145622841
TOSRIFA,2023-03-01,5.617977528089887,2.271275375719459,8.988764044943807,0.5186695752774523,-9.644670050761414,False,0.19277777794226852,-3.191489361702135,12.765957446808502
TOSRIFA,2023-03-27,4.301075268817189,6.653755360343769,3.867403314917123,1.2744146295646765,2.19780219780221,False,0.23527777793872673,12.371134020618568,22.16494845360825
TOSRIFA,2023-03-30,7.253886010362686,3.564945240503362,9.39226519337016,1.4833179099602412,7.821229050279342,False,0.3273611112643865,15.458937198067629,15.94202898550725
TOSRIFA,2023-10-17,4.296874999999992,2.27038699568687,9.523809523809533,1.0169630467156605,-10.175438596491224,True,0.6223776223776223,-7.490636704119851,-13.108614232209739
TOSRIFA,2023-10-23,9.803921568627452,37.10940826343163,8.730158730158728,1.0119057509303186,-9.57446808510638,True,0.7132867132867132,-16.071428571428573,-22.85714285714285
TOSRIFA,2024-01-24,2.8037383177570163,3.176999430933605,8.955223880597,0.8610745573143573,0.0,False,0.29370629370629364,10.909090909090903,5.000000000000006
TOSRIFA,2024-07-07,3.292181069958851,5.507235085130381,6.521739130434782,1.091975352983173,4.741379310344834,True,0.44444444444444453,5.179282868525885,8.76494023904382
TOSRIFA,2025-01-08,3.7234042553191453,2.131321247402128,7.303370786516858,0.64537389804377,-1.0526315789473648,False,0.6565656565656566,-2.564102564102564,-7.179487179487172
TOSRIFA,2025-02-11,9.497206703910631,5.945997961508484,9.03954802259888,1.498808319102935,-4.278074866310164,False,0.65993265993266,35.71428571428571,21.938775510204064
TOSRIFA,2025-07-02,2.6737967914438503,2.7318935389934986,8.522727272727272,0.9676071558549527,0.0,False,0.6464646464646464,6.2499999999999964,5.729166666666674
TOSRIFA,2025-08-24,3.626943005181343,2.1946194326745423,7.936507936507938,0.870777440447555,-2.525252525252525,True,0.6734006734006734,10.500000000000007,7.5
TRUSTB1MF,2019-06-24,6.382978723404251,13.986991690922919,4.255319148936174,0.9751722164035922,2.1739130434782727,True,0.3333333333333333,11.999999999999993,11.999999999999993
TRUSTB1MF,2020-02-12,4.0000000000000036,2.077169102567186,4.0816326530612095,0.8360125398471354,2.0408163265306047,True,0.5652173913043479,-3.8461538461538494,-3.8461538461538494
TRUSTB1MF,2020-08-16,8.51063829787233,6.292148351884482,4.255319148936174,2.3617762240082563,0.0,True,0.5217391304347825,-5.8823529411764675,-5.8823529411764675
TRUSTB1MF,2020-09-21,8.163265306122437,6.13376633643641,4.255319148936174,1.3230727413319794,-3.9215686274509665,True,0.608695652173913,22.641509433962266,16.981132075471706
TRUSTB1MF,2021-03-02,3.5087719298245648,2.4157119203159114,7.017543859649113,0.6047908564201071,-6.55737704918032,True,0.43243243243243257,-3.3898305084745792,-11.864406779661019
TRUSTB1MF,2021-05-04,5.4545454545454515,2.5411479251428095,9.25925925925926,1.0907841903622657,10.0,True,0.4054054054054054,8.620689655172415,13.79310344827586
TRUSTB1MF,2021-06-13,4.411764705882351,2.086143947883947,9.374999999999995,1.4782518766826243,9.677419354838705,True,0.7272727272727272,-4.225352112676054,4.225352112676067
TRUSTB1MF,2021-07-06,2.8169014084507067,2.554664354800173,7.462686567164178,0.7799977475685663,4.411764705882351,True,0.7878787878787878,6.8493150684931505,0.0
TRUSTB1MF,2022-01-11,6.7796610169491425,7.768346920649085,8.928571428571429,1.3142902088559285,-3.2786885245901525,False,0.4242424242424242,-7.936507936507936,-6.349206349206341
TRUSTB1MF,2024-01-22,3.921568627450984,2.4087587207403387,9.803921568627452,0.8074219716737827,-8.928571428571429,False,0.5384615384615383,-1.886792452830182,-5.660377358490563
TRUSTBANK,2019-01-08,2.777777791257226,2.94511633522623,8.223684192228234,1.964630496859429,2.1935484063512583,False,0.4257731958161325,1.013513518298782,4.729729709138642
TRUSTBANK,2019-05-05,5.150214617549416,2.853692353094392,9.56521738361889,0.6945487934348499,-2.9166666805627526,False,0.15363128488784977,14.693877515884552,23.265306075460053
TRUSTBANK,2019-05-16,9.958506218597739,3.6063163317250457,9.130434772761708,1.6962090159059209,1.26050420773665,False,0.3093749997516072,16.981132060998235,13.2075471851894
TRUSTBANK,2021-06-15,2.6865671901635073,5.234760484529458,9.374999989365222,1.0125750734886683,2.1341463164950185,True,0.8746268656461695,9.59302322892189,11.598837203647834
TRUSTBANK,2021-06-16,2.616279059235573,2.240390940009439,9.374999989365222,1.418151208347604,3.614457841424737,True,0.9451492534239074,7.365439091251027,9.06515580989013
TRUSTBANK,2021-11-21,3.1609195398665615,3.9275122249494334,8.588957035755962,1.2970491347006028,5.13595167689232,True,0.9478260874555764,-5.013927587185075,-7.799442909994488
TRUSTBANK,2024-08-06,9.774436090225555,274.8456691532473,9.302325581395344,1.1466366632236917,5.97609561752988,True,0.9125,-3.4246575342465753,-7.191780821917801
TRUSTBANK,2026-01-04,3.3898305084745846,8.074174470614432,9.202453987730062,1.2393892698935365,2.9069767441860463,False,0.7656903765690377,-1.092896174863384,2.185792349726768
TUNGHAI,2022-07-07,5.660377358490563,2.807709251746388,7.843137254901968,0.6963274407457164,-3.63636363636364,False,0.3061224489795918,3.5714285714285747,10.714285714285724
TUNGHAI,2022-07-12,3.5714285714285747,3.2468976143031996,9.803921568627452,0.8775367127411743,3.7037037037036904,False,0.3469387755102041,0.0,1.7241379310344922
UCB,2019-01-08,3.870967703773611,2.960662772510035,9.336609396858265,1.2865272423287488,2.095808385493667,False,0.242168673706555,4.347826124783317,-3.726708039163652
UCB,2019-05-15,2.5477706758397503,2.891296819288157,8.783783786690531,0.9226391776515965,3.9735098935643616,True,0.37924528214123265,-1.8633540195818328,1.2422360921469344
UCB,2019-05-16,3.1055901117287674,3.3888785157634165,8.783783786690531,1.1005114468069435,5.228758117713188,True,0.4830188687921909,-4.216867504537691,-5.421686769631292
UCB,2019-10-21,3.0534350848228544,3.005213410475395,4.761904734954765,1.0574151423761489,1.5503875815950066,False,0.19148936058380664,-1.4814814675074075,-3.703703668768527
UCB,2020-07-08,6.837606835188255,2.074712940052367,0.8547008571194552,6.488753714205752,0.0,False,0.29032258071803985,0.8000000022819023,15.919999964931927
UCB,2020-07-09,3.1999999989405445,2.7204208080718093,7.692307692307692,6.656061999779351,6.837606835188255,False,0.35483870974367265,-2.3255813921349624,15.581395303613233
UCB,2020-10-28,3.5714286023660717,2.2973559093390525,4.347826159553397,1.3409963457026317,-4.761904785476187,True,0.7547956637271481,-2.0689655512733696,-7.586206909818433
UCB,2020-12-27,2.8571429338678556,2.074667956858388,6.617647079805354,1.1593397016372204,4.477611924088887,True,0.7372810693411285,8.333333298242191,10.416666580693363
UCB,2021-01-05,7.63888881461264,19.21937176912637,7.35294123941609,1.4479925485518144,5.10948907500226,True,0.9299416182077568,2.5806451522041542,-3.225806401134242
UCB,2021-05-05,7.1428572047321435,3.07214520089111,5.072463794225342,4.501676933167177,0.7194244139829739,True,0.6764902884244298,12.666666655886665,12.666666655886665
UCB,2021-08-16,3.067484713438601,2.3052783361445397,5.063291119808532,0.9479535246439064,1.8750000022558535,True,0.7714285722565715,-1.1904762371279762,0.0
UCB,2021-08-17,4.166666623697911,5.712011091267426,7.594936716263422,1.1257695383625348,7.0063694843867985,True,0.8668831167747078,-4.571428554457138,-3.4285714323428578
UCB,2021-11-16,3.703703706344308,6.143344207504687,5.80645161867221,0.7977136434775793,0.6211180369295166,True,0.7333333343133335,-2.976190524069947,-4.166666692447917
UCB,2021-11-18,2.994011955754958,5.044203362839565,9.677419364453689,1.4389309317354728,3.086419731521491,True,0.7969696967970835,-4.651162773519476,-6.976744193854787
UCB,2022-04-26,4.210526284594883,4.1047583610120295,8.39160840064551,0.7031019634941807,-3.797468358131711,False,0.5143859639089345,-2.083333292317712,-0.6944444064670174
UCB,2024-08-06,6.818181818181814,2.255865571300585,6.818181818181814,0.7589998556114691,6.024096385542168,False,0.6962962962962963,44.68085106382978,29.78723404255318
UCB,2025-02-25,7.608695652173925,4.692173742083163,8.139534883720943,1.3413262744482817,5.74712643678161,False,0.6734693877551021,9.090909090909093,13.131313131313119
UCB,2025-07-27,4.672897196261683,2.36210776466749,6.862745098039226,1.1106487597814199,6.999999999999992,True,0.7619047619047619,-8.035714285714274,-13.392857142857142
UCB,2025-09-16,9.278350515463922,11.032370658088276,6.382978723404251,0.848613666963314,-4.901960784313726,True,0.7681159420289855,0.0,-4.716981132075472
UCB,2026-02-15,4.9504950495049505,4.919323828368111,5.10204081632653,1.5283570544159724,0.9999999999999963,True,0.7969924812030075,-6.603773584905653,-8.490566037735853
UNIONBANK,2024-05-07,6.8493150684931505,6.119436911568018,6.944444444444445,1.2572821368818528,-3.947368421052629,False,0.3181818181818181,-5.1282051282051215,-8.974358974358978
UNIONBANK,2024-07-04,3.0769230769230793,2.1981864492646435,4.761904761904759,0.7298124327970495,-12.162162162162167,False,0.7204301075268816,-2.9850746268656745,7.462686567164178
UNIONBANK,2024-07-07,2.9850746268656745,3.1492652706215063,6.349206349206354,0.9345500988062749,-6.944444444444445,False,0.7419354838709677,-4.347826086956532,14.492753623188406
UNIONBANK,2024-07-10,3.030303030303033,11.795366196249406,9.523809523809533,1.4401354290928023,-7.042253521126761,False,0.7311827956989246,-4.411764705882351,7.352941176470589
UNIONBANK,2024-08-08,9.090909090909099,2.94109947303064,7.8125,0.7606652777596649,1.538461538461533,False,0.7741935483870968,-2.77777777777778,-8.333333333333341
UNIONBANK,2024-09-26,9.374999999999995,5.315142252740482,9.523809523809533,0.7932872664245616,-5.882352941176463,False,0.7526881720430108,-8.571428571428566,-24.28571428571429
UNIONCAP,2019-01-02,5.785123966942158,2.3623898430349297,6.7796610169491425,0.5550347744971744,-0.8196721311475381,False,0.21907600586330442,14.062499999999991,17.187499999999993
UNIONCAP,2019-05-05,2.6315789473684115,3.439079744314975,9.174311926605503,0.5466422024612843,0.0,False,0.16666666666666666,-2.564102564102555,3.4188034188034218
UNIONCAP,2019-05-26,3.603603603603607,4.156955919864861,9.345794392523366,1.1976621993664662,-1.7699115044247882,False,0.13333333333333344,0.0,-6.086956521739125
UNIONCAP,2019-11-26,3.333333333333336,2.3785100064245883,8.47457627118644,0.9070018715866794,-17.80821917808219,False,0.045454545454545456,4.838709677419352,1.6129032258064457
UNIONCAP,2019-11-28,6.451612903225798,3.465334746416426,8.47457627118644,1.0236783227174404,-13.88888888888889,False,0.08181818181818178,0.0,-4.545454545454543
UNIONCAP,2020-08-09,6.2499999999999964,9.418080847846763,0.0,0.9782418500217436,0.0,False,0.08333333333333325,-5.8823529411764675,27.450980392156872
UNIONCAP,2022-07-24,7.142857142857142,8.501203144231923,5.882352941176476,1.0981472973493271,2.941176470588238,False,0.09375000000000004,25.333333333333336,75.99999999999999
UNIONCAP,2022-12-22,7.6923076923077,3.77943101013194,2.5641025641025665,0.7548506146873355,-1.2658227848101333,False,0.23376623376623382,17.857142857142858,17.857142857142858
UNIONCAP,2022-12-26,9.523809523809511,8.572536967650999,8.974358974358978,1.0398574822526387,6.329113924050632,True,0.33766233766233755,7.608695652173925,7.608695652173925
UNIONCAP,2023-05-10,6.493506493506482,5.8493476323752684,3.947368421052641,0.8695207286325157,-4.938271604938265,False,0.20779220779220772,-1.219512195121947,0.0
UNIONCAP,2023-11-06,9.589041095890414,25.739966711800186,1.3698630136986376,6.071313463180031,0.0,False,0.17948717948717954,-3.749999999999998,-5.000000000000004
UNIONCAP,2023-12-06,5.194805194805188,2.6583816682356254,9.333333333333323,0.8192388552277393,-4.938271604938265,False,0.20512820512820512,12.34567901234568,24.69135802469136
UNIONINS,2023-02-28,3.2258064516128915,3.768723941944336,7.2580645161290205,0.1999134885518419,-16.02708803611737,True,0.23018867924528308,10.156249999999996,6.510416666666667
UNIONINS,2023-04-26,2.6763990267639937,3.9355736181487533,6.516290726817046,0.6481979724703805,-3.5211267605633805,True,0.6780821917808223,15.16587677725118,38.6255924170616
UNIONINS,2023-04-27,5.4502369668246375,3.000582506073209,7.26817042606516,0.9883492503463136,0.23752969121140477,True,0.8356164383561645,10.786516853932577,31.46067415730337
UNIONINS,2023-12-13,3.8260869565217437,2.3917464883717456,9.78260869565217,0.6851202076870802,-14.561664190193161,True,0.5701357466063348,-6.030150753768846,2.010050251256274
UNIONINS,2025-03-13,2.69230769230769,2.4123634435648937,7.936507936507936,0.7271561742033075,-2.9850746268656745,False,0.47678571428571426,0.0,13.85767790262172
UNIONINS,2025-03-16,3.370786516853941,4.115287889679465,9.920634920634921,0.8950940337695039,-1.1111111111111138,False,0.4928571428571429,-2.5362318840579814,10.869565217391305
UNIONINS,2025-07-02,4.659498207885307,2.205174725393842,8.61423220973783,1.6762160238094022,9.411764705882348,True,0.6445916114790288,14.726027397260278,26.027397260273965
UNIQUEHRL,2019-06-27,3.162055335968382,5.554843985857214,4.572564612326052,1.5277203091014,3.476482617586918,False,0.40517241379310365,-3.63984674329503,-3.256704980842917
UNIQUEHRL,2020-09-10,2.9126213592232904,2.7401833293020172,5.569620253164564,1.4180832641692833,3.2581453634085324,False,0.3431952662721892,-6.367924528301877,-6.839622641509431
UNIQUEHRL,2021-06-10,7.187499999999991,3.7154028439506086,6.148867313915853,1.4990725259426696,0.3134796238244559,False,0.15044247787610612,21.574344023323633,12.53644314868806
UNIQUEHRL,2022-01-16,7.766990291262135,8.191593885533397,7.799999999999997,0.920450129688511,-2.64650283553875,True,0.754601226993865,-3.063063063063068,8.28828828828829
UNIQUEHRL,2022-04-24,3.389830508474576,3.956309326136658,8.499095840867998,0.8262443228672259,0.16977928692699734,True,0.9093655589123867,15.573770491803279,5.5737704918032875
UNIQUEHRL,2022-08-07,4.720279720279712,3.546174883835738,8.550185873605951,1.0796172128743535,-9.35023771790808,True,0.482758620689655,-5.676126878130215,11.686143572621047
UNIQUEHRL,2023-01-11,3.577512776831336,4.478103630847278,9.601449275362313,1.0351255804770472,-3.612479474548433,False,0.3396226415094339,11.8421052631579,14.144736842105276
UNIQUEHRL,2023-09-03,3.732503888024892,2.559672516390939,9.27152317880795,1.0376306959720272,-5.162241887905605,False,0.36507936507936506,6.746626686656672,-2.5487256371814135
UNIQUEHRL,2023-09-05,5.820895522388068,7.274491942414776,8.695652173913041,1.3003599264131682,1.361573373676257,True,0.49841269841269853,-3.1029619181946444,-6.4880112834978965
UNIQUEHRL,2023-11-30,4.15162454873647,2.0993502492837846,4.528985507246377,0.6988541829505975,-8.88157894736842,False,0.07936507936507936,-1.2131715771230551,-3.2928942807625745
UNIQUEHRL,2024-01-11,4.130808950086056,4.773460775008268,5.615942028985497,1.0021043104009058,3.0141843971631257,False,0.16825396825396816,2.314049586776857,4.958677685950414
UNIQUEHRL,2024-05-02,4.5614035087719325,2.0376266714470526,9.124087591240876,1.2764337210966055,-1.3840830449826942,False,0.1504702194357368,-8.389261744966444,-9.395973154362418
UNIQUEHRL,2024-06-11,5.566600397614323,4.6212643777707365,9.542743538767406,0.9200291136758354,-13.869863013698632,False,0.13230769230769243,1.8832391713747645,-0.5649717514124374
UNIQUEHRL,2024-08-08,4.9504950495049505,3.7318569100608388,9.631147540983614,0.6566830518370278,-8.014571948998176,False,0.16279069767441873,5.283018867924523,0.9433962264150944
UNIQUEHRL,2024-11-04,5.2521008403361344,2.70179864424857,9.954751131221716,1.175479782792669,-8.1081081081081,False,0.7602427921092564,-5.389221556886233,-7.784431137724549
UNIQUEHRL,2025-06-16,2.9850746268656714,2.1981075089798443,7.3482428115016,0.8251605556973942,-6.162464985994405,False,0.5808080808080808,1.1594202898550683,13.043478260869565
UNIQUEHRL,2025-08-24,5.343511450381683,2.681822731441006,8.333333333333341,0.8355182129417988,-2.481389578163772,True,0.696969696969697,6.521739130434789,0.9661835748792237
UNIQUEHRL,2026-02-15,3.3248081841432153,3.178706919287305,5.929919137466295,1.529618727970863,1.558441558441562,True,0.8801742919389978,-6.188118811881188,-5.693069306930687
UNITEDFIN,2019-04-02,9.523809523809511,2.7964607932178116,9.036144578313252,0.6309823734018483,-12.953367875647666,True,0.1733333333333332,-8.152173913043478,-10.869565217391305
UNITEDFIN,2019-11-06,4.7297297297297245,2.8826776631689346,7.5862068965517215,0.5932365815387819,-5.1282051282051215,False,0.07831325301204822,0.0,5.806451612903216
UNITEDFIN,2019-11-26,2.5477707006369563,2.603703173367675,7.382550335570468,1.3590674008718993,1.2903225806451568,False,0.11445783132530132,1.8633540372670632,1.242236024844716
UNITEDFIN,2020-12-06,5.16129032258065,2.425638890689823,8.333333333333329,0.8109572203511547,-6.626506024096393,True,0.5800000000000001,-5.521472392638039,8.588957055214715
UNITEDFIN,2021-05-11,4.5161290322580605,3.2951102000053183,9.589041095890414,1.4848981683891576,0.649350649350647,True,0.5229357798165137,8.024691358024697,5.55555555555557
UNITEDFIN,2021-07-06,9.302325581395356,4.437604185530621,7.407407407407403,0.5349938123882484,2.9940119760479043,True,0.707865168539326,-5.8510638297872415,13.829787234042543
UNITEDFIN,2021-08-02,4.571428571428576,2.2364181581694895,4.624277456647403,0.5471827758517691,2.941176470588235,True,0.6516853932584271,31.693989071038253,44.8087431693989
UNITEDFIN,2021-08-03,3.8251366120218537,3.832673865517291,7.514450867052027,0.6716107804892515,7.647058823529417,True,0.7303370786516855,29.473684210526326,36.3157894736842
UNITEDFIN,2022-02-08,3.720930232558143,3.6116791400824693,5.687203791469191,0.8305210538298923,-1.8264840182648339,True,0.5850340136054423,-9.865470852017934,-15.246636771300457
UNITEDFIN,2022-04-03,5.319148936170213,4.638101493118704,6.5573770491803245,0.6673815856309917,1.0752688172042972,False,0.41496598639455795,-5.05050505050505,-12.121212121212132
UNITEDFIN,2022-07-26,2.531645569620244,2.0028327899485827,9.740259740259729,0.8785720843676055,-2.469135802469127,False,0.06870229007633578,0.6172839506172928,10.493827160493824
UNITEDFIN,2022-08-03,3.1446540880503036,3.6055680279498676,9.032258064516121,1.4264025698810163,-1.8518518518518454,False,0.08396946564885481,0.0,4.87804878048781
UNITEDFIN,2022-08-04,3.6585365853658622,4.030686826620725,9.032258064516121,1.6885100246487532,1.8633540372670632,False,0.12977099236641218,-2.941176470588235,0.5882352941176554
UNITEDFIN,2022-08-25,9.090909090909092,9.87880736827099,6.211180124223602,0.9072106190346332,5.0955414012738895,False,0.20610687022900762,-5.555555555555555,-12.222222222222218
UNITEDFIN,2025-02-06,5.6910569105691,2.9443343079561335,6.8376068376068435,0.8017019199214467,-3.1496062992125875,True,0.7738095238095237,-3.8461538461538463,-3.8461538461538463
UNITEDFIN,2025-02-24,3.174603174603177,2.67938401427257,6.451612903225798,0.8370984169701228,6.7796610169491425,True,0.7738095238095237,-4.615384615384613,-3.0769230769230793
UNITEDFIN,2025-03-25,3.968253968253968,4.623642016343022,6.557377049180333,1.1527669053029888,-3.0769230769230793,True,0.7797619047619047,-4.580152671755722,9.160305343511459
UNITEDFIN,2025-04-29,6.400000000000006,9.905209736470969,7.563025210084036,0.5906241516976128,-3.1007751937984525,True,0.7916666666666666,0.0,-15.037593984962406
UNITEDFIN,2025-07-07,4.273504273504273,2.913357429932415,8.256880733944957,1.2612597965057382,3.539823008849545,False,0.7261904761904762,5.737704918032796,9.016393442622963
UNITEDFIN,2026-01-04,5.172413793103446,4.257489729407268,8.33333333333332,0.4923075036727241,-1.6949152542372972,False,0.8243243243243242,-3.2786885245901525,-1.6393442622950762
UNITEDFIN,2026-02-02,3.333333333333336,3.3191324000122715,5.982905982905992,1.2177707512796805,-1.6393442622950762,False,0.8378378378378378,1.6129032258064457,2.4193548387096686
UNITEDFIN,2026-02-09,5.882352941176464,3.020890982162186,7.692307692307695,1.566999062818168,-0.8333333333333304,True,0.8513513513513513,0.7936507936507908,1.5873015873015959
UNITEDFIN,2026-02-15,4.761904761904759,4.315593221672311,9.322033898305081,2.1017664503267524,7.692307692307695,True,0.8918918918918918,-5.303030303030297,-4.545454545454543
UNITEDFIN,2026-03-02,8.799999999999997,4.907301123669457,8.943089430894306,1.0397479766497149,4.166666666666666,True,0.9189189189189189,-5.882352941176463,-10.294117647058826
UNITEDINS,2021-09-21,3.873744619799143,2.3787970616049914,7.196401799100445,0.5098338853450517,4.18535127055306,True,0.872596153846154,-8.839779005524868,-7.320441988950291
UNITEDINS,2025-08-03,7.978723404255319,6.812517055185332,9.78260869565218,1.4248065828935554,6.214689265536731,True,0.8962472406181017,-1.7241379310344898,7.389162561576354
UNITEDINS,2025-08-20,4.761904761904758,2.498238491989539,8.311688311688318,0.6135454587773795,7.547169811320746,True,0.9227373068432672,4.784688995215311,0.9569377990430759
UPGDCL,2019-08-06,2.680895368455478,2.1750366472165195,8.233092771155736,1.3477167295483734,2.809740449618617,True,0.8669067342431308,-1.5969581837915925,-12.139416982721867
UPGDCL,2020-10-29,5.676704739449883,3.328509872408022,8.786610876093427,0.7792731429884012,-6.444300521999134,True,0.605569947933137,2.2928267412860905,-0.9826400165382693
UPGDCL,2020-11-01,3.2427120870033925,2.326868940519443,8.786610876093427,1.0098031907153682,0.7923406766863813,True,0.6598246310805881,-1.7449238581448165,-5.23477157443445
UPGDCL,2020-12-23,3.5530990919857874,2.380428287952491,9.409888357256763,1.3490659859258245,-8.85508668331224,True,0.6642806518077362,1.1056042699199302,2.85932138772398
UPGDCL,2021-01-14,3.5307517084282507,2.269022804608999,7.238605898123315,1.0296646874276398,0.15209125475284307,True,0.745357901967677,4.840484048404837,-0.4767143381004809
UPGDCL,2021-01-17,3.887055372203896,3.1508219906516053,7.115531752104065,1.1675518660328303,4.44274224435081,True,0.8279943300153094,-0.5647723261560263,-4.5534768796329095
UPGDCL,2021-04-20,2.5939849624060063,3.0337700202398845,5.686274509803922,0.5909543405263729,-2.742230347349177,True,0.7469170798553681,2.198607548552584,2.8581898131183627
UPGDCL,2021-04-26,3.231663035584617,5.204307600269533,7.740178918708664,1.0943706404385896,1.5112421673424128,True,0.8357902194537653,-1.020049243756607,-2.884277172001403
UPGDCL,2021-09-05,3.306066802999334,2.54743229230008,2.277432712215309,0.8101821676336536,5.236728837876601,True,0.9720224714575306,-0.7258330583965837,-0.09897723523589949
UPGDCL,2021-10-24,4.002713704206245,3.671378633573758,6.431317721076538,1.0131976463650636,-1.3716962194713838,True,0.8885350318471338,-12.035225048923689,-11.18721461187215
UPGDCL,2022-01-06,2.969121140142529,3.1290833528412083,4.628099173553714,0.866283777562326,-2.4333719582850457,False,0.2527932960893857,-1.6147635524798218,-1.6916570549788672
UPGDCL,2025-08-03,4.841149773071109,2.8634962937276183,9.311424100156488,1.8332997654954912,8.53858784893267,True,0.8487446417636252,1.5151515151515111,4.978354978354982
UPGDCL,2025-08-26,4.166666666666676,2.2556381503023712,4.6563192904656185,0.5210162109943247,3.5714285714285587,True,0.8879363135333741,-0.0689655172413754,-1.4482758620689615
USMANIAGL,2019-01-08,4.332129963898915,3.6118540319728565,9.777347531461771,0.8695698187966894,7.677356656948485,False,0.43599137920422565,-1.3840830449826942,-1.470588235294108
USMANIAGL,2019-04-07,4.502814258911831,2.6744313551627106,5.765595463138005,0.473996322370733,-7.70562770562771,False,0.28352201249827774,-4.937163375224416,-12.567324955116696
USMANIAGL,2022-07-14,8.03689064558629,5.421584152879065,9.544159544159548,0.8862554419025661,4.545454545454562,True,0.946949602122016,-12.073170731707323,-9.024390243902445
UTTARABANK,2019-01-06,2.6022304390730526,3.7235834539366066,8.220211150891709,1.0446649645531316,-2.35587186610138,True,0.38942857097585803,6.521739154905934,-1.086956503745639
UTTARABANK,2019-01-08,4.761904749153587,2.867135673165664,8.220211150891709,1.4571964337205492,-0.19354839170910662,True,0.46228571396615203,0.6993006876823679,-4.895104877677412
UTTARABANK,2019-01-23,3.4722222283916513,3.0225854826325644,8.759124074932956,1.9457736063489421,5.290322550815885,True,0.5576811589880315,-9.395973121434844,-12.080536896699478
UTTARABANK,2019-03-06,4.562737635980127,4.292526803001927,7.90513835305471,1.068525476526609,-5.734766996681056,True,0.4385245897819439,-3.6363636424051604,-4.363636357594835
UTTARABANK,2019-03-13,8.712121205827952,11.645229509495723,9.88142290520055,1.6829216994079867,-2.5830258541476825,True,0.538852458512166,-7.317073176944201,-8.362369326885343
UTTARABANK,2019-05-19,3.3333332769270947,3.4173725393450445,6.666666700112249,1.3158165976400367,2.661596983275518,True,0.5095575215379005,3.2258064642910957,0.3584229987025919
UTTARABANK,2019-09-08,3.6101083096800624,2.8854269008069218,3.7037037087175997,1.6634905968616536,0.36231883458188363,True,0.5703636366517266,-1.742160249901879,-3.13588851350153
UTTARABANK,2020-02-16,4.85074632565355,5.5825451490782525,5.038759675096395,1.027604671542782,8.943089433310277,True,0.6515151517668822,-7.47330961224415,-16.72597869004242
UTTARABANK,2020-08-13,2.928870320530336,6.366475589603796,3.7974683997216645,26.970277033784992,0.8438818734592454,True,0.904109590028782,-2.0325203353503287,-0.40650410272980364
UTTARABANK,2020-08-16,5.284552800591378,8.854280334893103,6.751054864294227,27.594091213146392,3.7974683997216645,True,0.9634146342550605,-6.177606188503835,-5.791505766441215
UTTARABANK,2021-01-05,5.39419088672458,6.328815002848152,2.5316455586878575,1.616856053299204,1.2605041957440881,True,0.8705882353143536,-1.57480318042637,-3.5433071271788186
UTTARABANK,2021-05-27,3.448275846615936,3.0561898574453705,6.194690267522293,1.3605942610908246,3.571428554852043,True,0.9756097554017609,-3.3333333188933354,-2.499999962095004
UTTARABANK,2021-05-30,4.166666675691666,2.772040246601477,7.079646044670226,1.5668153899928678,6.719367578425809,True,0.9782608689510397,-8.799999987107961,-5.999999986484158
UTTARABANK,2021-11-16,4.016064264783665,3.283802911436085,4.149377546819663,0.9912482501338535,-1.1904761978435416,True,0.9062500010660782,-1.1583011654693918,0.3861003717639331
UTTARABANK,2021-11-21,3.076923063081185,5.596649192106063,8.677685951078963,1.2909326787793542,4.417670675604207,True,0.9197860951529033,0.7462686777057232,-4.850746235363332
UTTARABANK,2021-12-02,4.651162821155217,5.115899594738543,9.638554225042252,1.6353162757918889,4.032258019297212,True,0.9368421055871582,-5.185185185541738,-4.8148148288982755
UTTARABANK,2022-03-16,3.5971223095572693,10.679572635180499,6.896551718986904,1.2753914127893216,2.962962949414323,True,0.9169960474612853,-0.3472222093741372,-9.354166658976618
UTTARABANK,2022-08-03,2.5316455726646283,2.970596806517982,3.030303042266832,1.0184325722569993,1.71673818293578,True,0.7022526917630864,-1.6460905212721568,0.0
UTTARABANK,2023-04-04,3.3898304790002727,4.545460329637268,1.71673818293578,1.5705047349900352,1.2875536738971212,True,0.5588235272422135,2.459016396123362,2.786885255169317
UTTARABANK,2024-01-08,4.035874439461877,6.0862438949554445,3.6199095022624306,1.8026797109535095,1.3636363636363669,True,0.821503131589221,0.8620689655172384,2.5862068965517304
UTTARABANK,2024-01-23,2.991452991453004,2.5368109666747074,3.964757709251111,1.6053094788551256,3.539823008849545,True,0.9015118790794568,-1.2448132780083017,4.149377593360995
UTTARABANK,2024-02-11,5.882352941176464,4.655740090246585,4.310344827586207,0.7733915846585744,3.4782608695652204,True,0.9407279029606551,6.349206349206354,0.0
UTTARABANK,2024-08-06,6.0747663551401905,22.292213272266707,5.26315789473685,1.4368149112063466,6.467661691542275,False,0.816546762589928,1.7621145374449434,0.4405286343612398
UTTARABANK,2025-08-03,4.1284403669724705,4.963715796987298,5.714285714285711,2.291670626770983,2.8301886792452895,True,0.8345588235294118,-6.1674008810572625,-6.607929515418502
UTTARABANK,2026-01-01,3.947368421052625,5.069647075925485,7.511737089201867,2.2462697212553193,6.542056074766365,True,0.8909774436090225,0.42194092827004825,3.3755274261603407
UTTARABANK,2026-02-26,3.557312252964421,4.6237164197091705,4.897959183673466,1.5080651771454585,4.545454545454551,True,0.9849624060150375,-2.6717557251908373,-5.3435114503816745
UTTARAFIN,2021-07-06,3.561643835616431,2.1442848475990903,8.571428571428571,1.6102788390981886,-6.169665809768634,False,0.12173913043478249,2.6455026455026456,12.96296296296298
UTTARAFIN,2021-08-10,3.64583333333333,3.793268614759378,3.42105263157894,0.9211493551514167,7.865168539325834,False,0.20869565217391292,13.567839195979914,17.587939698492463
UTTARAFIN,2021-08-12,6.483790523690776,3.859865777151053,7.368421052631572,1.28025899996577,9.86301369863014,False,0.3347826086956523,5.854800936768149,26.46370023419203
VAMLBDMF1,2020-02-11,7.692307692307682,5.5056517883424485,10.0,1.025320378615927,4.0000000000000036,False,0.11666666666666654,1.7857142857142954,-7.142857142857134
VAMLBDMF1,2020-08-06,5.769230769230766,9.860435344336715,8.000000000000007,3.195564313563037,4.0000000000000036,False,0.16923076923076918,9.090909090909092,27.27272727272727
VAMLBDMF1,2021-06-16,4.494382022471914,2.026382894201922,9.302325581395356,1.0073975964948507,5.952380952380952,True,0.7049180327868854,-4.3010752688172085,5.376344086021505
VAMLBDMF1,2021-10-10,3.883495145631054,2.5005625809360974,4.9504950495049505,0.6704218402625132,-2.830188679245273,True,0.7962962962962961,-6.542056074766349,-8.411214953271015
VAMLBDMF1,2022-01-11,2.531645569620244,2.334106173498791,6.666666666666667,1.1755495136668705,-2.469135802469127,False,0.31481481481481466,-1.2345679012345634,-3.7037037037037015
VAMLBDMF1,2022-03-14,4.054054054054052,3.9983632626718637,8.571428571428566,0.8298318421597827,-6.329113924050632,False,0.2407407407407407,1.298701298701294,-1.2987012987013056
VAMLBDMF1,2022-04-03,2.5641025641025665,2.094856486273123,5.263157894736848,0.40358901419846427,8.333333333333329,False,0.2962962962962962,-5.000000000000004,-5.000000000000004
VAMLBDMF1,2022-06-08,3.9999999999999973,8.936156557913092,8.571428571428566,0.9918072543097359,-1.315789473684206,False,0.1666666666666666,-2.5641025641025665,-2.5641025641025665
VAMLBDMF1,2025-05-06,5.71428571428572,2.8194025074852,8.955223880597009,0.9383273964055199,6.060606060606066,True,0.9736842105263159,-12.162162162162167,-13.513513513513512
VAMLBDMF1,2025-09-07,4.347826086956519,4.708946059267877,4.477611940298504,1.364437130383785,-1.4285714285714235,True,0.9473684210526316,-2.77777777777778,-2.77777777777778
VAMLBDMF1,2025-10-09,4.225352112676067,4.161650102029048,4.347826086956519,0.6472152691743622,0.0,True,0.9736842105263159,-2.702702702702705,-1.3513513513513586
VAMLRBBF,2020-08-06,8.333333333333341,3.931816341522307,9.09090909090908,1.4608675456932618,9.09090909090908,True,0.16216216216216217,9.615384615384615,13.461538461538463
VAMLRBBF,2020-09-21,9.836065573770501,2.7685284209506706,8.771929824561402,0.7656286906715171,1.6666666666666607,True,0.36486486486486486,2.9850746268656745,8.955223880597009
VAMLRBBF,2022-03-03,3.7037037037037126,2.154215762465277,8.749999999999991,1.191661987624507,-7.954545454545466,False,0.5238095238095238,-9.52380952380953,-11.904761904761903
VAMLRBBF,2022-08-24,2.7027027027026933,12.58758539122966,5.405405405405398,4.173556911637652,0.0,False,0.29999999999999993,0.0,-2.631578947368412
VAMLRBBF,2022-08-28,6.493506493506482,7.689156817391119,6.756756756756756,5.444119512086885,5.479452054794526,True,0.5172413793103446,-9.756097560975597,-9.756097560975597
VAMLRBBF,2024-01-01,5.263157894736848,5.463375992586739,8.108108108108103,40.52934707882129,2.7027027027026933,True,0.5909090909090908,-7.499999999999996,-19.999999999999996
VAMLRBBF,2024-06-25,4.1666666666666705,2.2555586872515683,8.695652173913052,0.8480313276668637,0.0,False,0.5952380952380952,1.9999999999999927,-5.9999999999999964
VAMLRBBF,2024-07-07,6.122448979591832,4.168563906601246,6.2499999999999964,1.0886383072821761,0.0,False,0.6190476190476191,-3.8461538461538494,11.538461538461531
VFSTDL,2020-08-06,8.444444432267563,18.96529186960529,6.222222213249779,23.86938507336505,0.0,False,0.25235718241027827,4.918032780345663,1.6393442601152157
VFSTDL,2020-08-09,6.147540975432091,4.070425329412444,9.333333319874669,25.763335355764887,8.444444432267563,True,0.29395452012077744,-5.019305013017326,-4.247104241783895
VFSTDL,2021-08-02,4.597701137402564,2.1080348077506916,6.45161288683663,0.46688942648721826,-0.7604562717908383,True,0.7746478872510414,1.0989011153846207,-0.7326007307692242
VFSTDL,2021-12-09,4.072398155647913,3.868251786596055,7.51173706883555,0.9979239181839124,-6.355932208668477,False,0.44666666646599995,-13.043478231096403,-6.956521723251418
VFSTDL,2022-01-05,3.3333333500000077,2.707800498673016,8.040201038698525,0.5427053140983766,-4.977375576360032,False,0.36000000039200003,1.8433179674446263,2.3041474351122284
VFSTDL,2022-01-27,7.762557081128417,5.0301525180116595,7.582938367871344,1.4127227151137425,6.310679621052878,False,0.4866666670539999,-2.118644084386669,-11.440678002298187
VFSTDL,2022-06-30,3.8793103116639367,2.193062000087899,8.968609842244971,0.5873451339177493,-7.9365079166666685,True,0.4744525546214501,-4.564315363544007,-4.979253100101568
VFSTDL,2022-08-29,5.194805181818183,3.158394565848097,5.357142891462059,0.9796826312195817,2.21238939862166,True,0.577586206685865,-8.641975309708885,-8.641975309708885
VFSTDL,2025-06-25,4.687499999999997,2.465758243304445,9.677419354838705,2.0240505478909756,-4.477611940298504,False,0.4161490683229813,2.9850746268656745,4.477611940298504
VFSTDL,2025-06-26,2.9850746268656745,4.975449379317386,9.677419354838705,2.0600990230644056,-2.898550724637684,False,0.42857142857142855,0.0,4.347826086956519
VFSTDL,2025-08-19,9.589041095890414,8.15183974080164,8.571428571428566,0.8644979498112019,-3.947368421052629,True,0.49689440993788814,6.25,3.750000000000009
VFSTDL,2026-01-20,3.2786885245901667,3.6337666577231613,8.620689655172415,0.5597808449685029,-2.4000000000000057,True,0.8936170212765957,-9.523809523809518,-5.55555555555555
WATACHEM,2019-11-20,2.616822429906547,2.739664293750211,8.06693842523063,1.2534079503962237,-0.2899150962932237,True,0.8083941605839416,-14.571948998178504,-24.630641570532287
WATACHEM,2020-02-18,3.2925170068027274,2.785220466205912,9.939845316528212,1.6944840506053285,7.613469985358712,False,0.28079571537873,-10.484720758693364,-29.58377239199157
WATACHEM,2020-07-09,3.878116343490312,2.48216564313454,7.170795306388526,3.5388193682324127,5.899608865710549,False,0.24084460574067962,-6.814814814814815,-1.9555555555555624
WATACHEM,2020-08-16,2.842298288508561,2.183771708663395,9.487424387137839,1.3907529997298809,1.0500308832612655,False,0.23754536456614977,3.92273402674591,4.814264487369982
WATACHEM,2020-08-26,7.753303964757703,3.0082157352281578,6.773894215898539,1.370171783573306,7.616940581542359,False,0.33784229627185736,-2.3984736985554522,-6.132461161079314
WMSHIPYARD,2019-01-27,5.524861842472759,3.744943228828226,4.545454516335246,0.885447394277449,4.597989989813321,False,0.3611271674633122,-8.376963352752115,-12.56544500229571
WMSHIPYARD,2019-05-02,10.294117660358989,13.500046518289004,6.7164179075935655,0.8402443852044815,-8.724832260934187,False,0.1321522623505624,-2.666666650266665,-3.333333346999992
WMSHIPYARD,2019-06-10,3.424657547710644,2.054932741618345,4.195804241918917,0.4204633704754654,-3.9473683970957443,False,0.14041177911786032,-3.3112582907328667,-9.933774872198587
WMSHIPYARD,2019-06-11,3.3112582907328667,4.286336284628678,7.692307681280266,0.5827252773713746,2.027027049020725,False,0.1817093612611487,-6.410256433842873,-12.179487198019393
WMSHIPYARD,2019-11-26,5.714285678027217,3.1417409744664595,8.999999984727483,0.8254810718380948,3.9603960451303792,False,0.15760171275462434,-9.009008982637372,-1.80180179098694
WMSHIPYARD,2020-08-03,4.34782601332703,38.819492436259374,0.0,0.23705290722417788,0.0,True,0.37681159400698394,7.4999999978645855,0.0
WMSHIPYARD,2020-08-06,2.608695590170123,3.6950246342571322,7.826086948771269,4.850969320852576,0.0,False,0.34782608692422806,5.084745818658443,5.932203397191911
WMSHIPYARD,2020-08-09,9.32203388505459,7.829411554607364,7.826086948771269,5.2132104853969805,2.608695590170123,True,0.5072463766221383,-5.42635659653868,-3.8759689294213064
WMSHIPYARD,2020-12-09,5.217391269470688,9.428418765823025,1.7391304231568907,1.806258357027297,0.0,True,0.39130434829111527,-0.888429762304914,10.123966930772324
WMSHIPYARD,2021-01-03,8.547008547008547,6.683296231919414,3.4782608695652204,0.768711253768001,4.282608650311898,True,0.5242753626831665,-5.511811023622042,-9.44881889763779
WMSHIPYARD,2022-05-09,2.56410256410257,2.4291114933703124,9.00900900900901,1.094819513255965,-5.645161290322589,False,0.3888888888888889,-11.66666666666667,0.0
WMSHIPYARD,2022-08-25,5.405405405405403,6.0124741059222835,4.545454545454546,1.3691513644742617,0.909090909090906,False,0.28571428571428564,-3.4188034188034067,-5.982905982905977
WMSHIPYARD,2022-08-30,4.385964912280701,3.066020296622221,9.090909090909092,1.9841240174560202,4.587155963302751,True,0.32000000000000006,-5.88235294117648,-7.563025210084036
WMSHIPYARD,2022-10-02,5.4545454545454515,3.997650961398387,1.818181818181812,0.36098038673269295,-10.569105691056915,False,0.30434782608695654,-5.172413793103446,-5.172413793103446
WMSHIPYARD,2023-07-12,9.909909909909906,12.636393672179992,5.4545454545454515,4.407975493541473,0.909090909090906,True,0.7142857142857139,11.475409836065577,5.737704918032796
WMSHIPYARD,2024-07-04,9.473684210526319,4.533212207626169,6.521739130434799,0.6155459255279879,-4.040404040404043,False,0.14634146341463428,-7.692307692307699,7.692307692307682
WMSHIPYARD,2025-02-18,9.78260869565218,4.170221603491084,7.692307692307704,0.555995823744753,-5.154639175257732,True,0.5804597701149425,-3.960396039603964,-7.920792079207911
WMSHIPYARD,2025-07-16,7.228915662650598,4.283648967581473,6.25,0.9999320202440398,5.06329113924051,True,0.7416666666666667,-2.2471910112359668,-6.741573033707861
WMSHIPYARD,2025-08-31,3.614457831325288,2.46594257602029,7.499999999999996,1.0232872513735258,-4.597701149425271,True,0.7747747747747747,10.465116279069772,4.651162790697678
WMSHIPYARD,2026-01-21,9.210526315789489,4.45395844397538,8.108108108108103,0.6474513045484316,-8.433734939759049,False,0.7685185185185185,-4.819277108433739,-2.40963855421688
WMSHIPYARD,2026-02-09,2.531645569620244,2.316446397565202,6.493506493506482,0.767361263183054,0.0,False,0.7499999999999999,6.17283950617284,2.469135802469149
WMSHIPYARD,2026-02-15,3.614457831325288,2.762671745763331,7.6923076923077,0.985759831720145,9.210526315789489,True,0.7962962962962962,-4.651162790697678,-2.3255813953488293
YPL,2019-01-03,9.374999999999995,4.5314585991040435,8.87096774193548,0.5517327466960855,9.401709401709414,False,0.24962406006769183,-3.571428571428571,2.142857142857148
YPL,2019-01-28,7.194244604316546,4.339828164886753,6.818181818181822,0.7636901729824758,6.106870229007639,False,0.3452845528537663,-6.7114093959731544,-8.053691275167791
YPL,2020-02-16,6.730769230769224,2.7906058223826298,4.901960784313726,0.599256594031721,-5.4545454545454515,True,0.5714285714285714,0.9009009009008978,0.9009009009008978
YPL,2020-08-09,2.7027027027027093,25.903310788786033,0.0,11.153595202059334,0.0,True,0.6962025316455696,-2.631578947368427,8.771929824561402
YPL,2020-08-16,6.25000000000001,6.157182965100445,7.207207207207214,15.132585619758837,0.9009009009008978,True,0.7594936708860759,-4.201680672268907,14.28571428571428
YPL,2020-09-03,8.849557522123893,4.710379529921762,3.603603603603607,0.9543284525812181,1.8018018018018116,True,0.810126582278481,4.0650406504065035,4.878048780487801
YPL,2020-12-07,4.201680672268907,5.2494566348602145,9.565217391304346,0.8409964529009113,-4.032258064516129,True,0.7142857142857143,3.2258064516129057,7.258064516129036
YPL,2022-04-21,4.23728813559322,2.0402452267984095,7.8947368421052655,0.6824531766512207,-0.4219409282700332,True,0.8901098901098902,-4.878048780487816,-19.51219512195122
YPL,2022-08-22,3.64583333333333,2.4888704632987535,6.2499999999999964,1.2911162806877408,0.5235602094240727,True,0.6058823529411764,8.542713567839211,14.572864321608053
YPL,2022-08-23,7.537688442211056,4.0651941736502755,5.208333333333334,1.323138222528073,5.851063829787222,True,0.6941176470588235,2.3364485981308416,8.878504672897208
YPL,2023-03-05,9.146341463414636,5.220309253817544,5.590062111801233,0.7265713078071869,-8.888888888888896,False,0.14876033057851218,-8.938547486033508,-8.938547486033508
YPL,2023-04-25,6.134969325153374,8.196979047727275,1.2269938650306704,0.2689823381214044,0.0,False,0.09917355371900823,12.716763005780344,23.121387283236995
YPL,2023-05-07,8.333333333333325,9.57042231427744,7.361963190184044,2.3547439585951344,2.4390243902439157,False,0.17355371900826433,15.934065934065947,18.13186813186814
YPL,2023-11-02,6.25,2.169950838418574,9.745762711864394,0.819866198776686,-4.382470119521917,True,0.5562130177514792,9.411764705882348,15.686274509803921
YPL,2023-11-05,4.705882352941174,2.562874577504781,8.898305084745752,0.9357838632405684,-2.298850574712649,True,0.6272189349112425,8.61423220973783,19.101123595505623
YPL,2025-01-01,9.41176470588236,3.5417898198296083,9.876543209876552,0.9661299410804929,-4.494382022471914,False,0.0666666666666667,26.881720430107524,21.50537634408602
ZAHEENSPIN,2019-02-14,3.448275862068969,2.13258892765154,9.999999999999996,0.5937755040339076,-0.8547008547008517,True,0.2500000000229167,-8.333333333333332,-15.000000000000005
ZAHEENSPIN,2019-06-11,6.315789473684206,4.232699027864713,5.4945054945054945,0.968624300131743,2.1505376344085945,False,0.2615587847454579,5.940594059405938,-7.920792079207911
ZAHEENSPIN,2020-08-09,6.249999999999992,4.208268321016382,4.761904761904759,15.102452161725841,1.5873015873015959,False,0.30158730158730157,0.0,2.941176470588238
ZAHEENSPIN,2020-11-02,3.174603174603177,3.2538808735008966,4.761904761904759,0.8006390184366078,-10.000000000000002,False,0.2622950819672131,-3.0769230769230793,-3.0769230769230793
ZAHEENSPIN,2020-12-13,3.030303030303033,6.362717653720521,6.349206349206354,19.464020309954016,4.761904761904759,False,0.31147540983606553,-7.352941176470589,10.294117647058826
ZAHEENSPIN,2021-01-03,4.761904761904759,2.051713929011023,3.174603174603177,1.336775639186234,0.0,False,0.27868852459016386,-1.5151515151515098,-4.545454545454543
ZAHEENSPIN,2021-01-10,4.5454545454545565,2.142435939403446,7.936507936507936,1.7662945492783428,4.761904761904759,True,0.3278688524590164,-8.69565217391305,-8.69565217391305
ZAHEENSPIN,2022-02-02,3.4883720930232642,2.849627040625285,9.41176470588236,1.0574929506449882,-8.510638297872347,True,0.5263157894736842,0.0,11.235955056179774
ZAHEENSPIN,2022-02-22,6.5934065934065895,4.246758898384112,5.74712643678161,1.2402825767135128,3.409090909090897,True,0.6315789473684209,-1.0309278350515427,11.340206185567025
ZAHEENSPIN,2022-04-28,2.8037383177570163,3.544662146183987,9.090909090909093,0.8021706512429534,2.8846153846153744,True,0.8026315789473684,-6.363636363636357,0.0
ZAHEENSPIN,2022-06-30,2.7777777777777675,3.1436748190269928,7.920792079207928,0.7150879344142107,-1.818181818181812,True,0.7358490566037735,17.117117117117118,17.117117117117118
ZAHEENSPIN,2023-05-08,10.0,20.996193053712606,4.040404040404043,111.97162982455282,1.0101010101010066,False,0.4117647058823529,-6.363636363636357,-8.181818181818185
ZAHEENSPIN,2023-06-21,3.030303030303019,5.61475139352515,3.030303030303019,0.08166823417204536,-2.9411764705882253,False,0.07317073170731682,4.901960784313726,3.921568627450984
ZAHEENSPIN,2023-06-22,7.843137254901968,5.91470435273787,6.060606060606057,0.6093617046093486,0.0,False,0.26829268292682923,-5.4545454545454515,-4.545454545454546
ZAHEENSPIN,2023-11-16,7.070707070707064,21.44199674611191,7.070707070707064,31.884403671794576,0.0,True,0.24137931034482732,-6.603773584905653,10.377358490566033
ZAHEENSPIN,2023-11-26,3.960396039603964,4.97246250932656,9.090909090909093,33.196281177473814,2.0202020202020132,True,0.2068965517241378,-5.714285714285711,-4.761904761904762
ZAHEENSPIN,2023-12-13,4.040404040404043,2.5736428559324533,4.040404040404043,0.56548484163028,0.0,True,0.13793103448275873,-3.883495145631071,-3.883495145631071
ZAHEENSPIN,2023-12-17,9.345794392523366,5.587480028912792,9.090909090909093,0.9386488239841679,8.08080808080807,True,0.6206896551724134,-15.384615384615378,-15.384615384615378
ZAHEENSPIN,2025-06-17,8.620689655172415,9.223455577057026,9.090909090909092,0.8053513702263349,-1.6949152542372972,False,0.6774193548387096,11.111111111111114,14.28571428571429
ZAHEENSPIN,2025-08-28,2.898550724637671,3.3999053216111084,9.090909090909099,1.0202308324759009,-1.4285714285714235,True,0.7634408602150536,0.0,-23.943661971830977
ZAHINTEX,2019-08-21,3.8461538461538445,3.203921545811752,6.578947368421052,1.0939373814263598,-1.2658227848101333,False,0.10999999999999996,-12.34567901234568,-20.987654320987648
ZAHINTEX,2022-01-04,9.589041095890414,3.516254261165059,8.823529411764714,1.0486680659625345,4.285714285714283,True,0.4705882352941177,-1.2499999999999956,-9.999999999999998
ZAHINTEX,2022-06-29,2.5641025641025665,2.0511334376340065,5.263157894736848,0.7494019962757573,-2.500000000000002,True,0.2653061224489796,18.75,12.5
ZAHINTEX,2023-12-17,8.888888888888896,28.184906298033994,1.1111111111111072,1.7020576319641658,0.0,True,0.916666666666667,-8.163265306122454,-20.408163265306133
